borrower_id,fiscal_year,statement_category,standard_line_item,amount
SME1000,2023,IncomeStatement,Revenue,129539944.35
SME1000,2023,IncomeStatement,Cost of Goods Sold,95059900.35
SME1000,2023,IncomeStatement,Gross Profit,34480044.01
SME1000,2023,IncomeStatement,Operating Expenses,10943544.16
SME1000,2023,IncomeStatement,EBITDA,23536499.85
SME1000,2023,IncomeStatement,Depreciation,870995.93
SME1000,2023,IncomeStatement,EBIT,22665503.92
SME1000,2023,IncomeStatement,Interest Expense,13351587.35
SME1000,2023,IncomeStatement,Profit Before Tax,9313916.57
SME1000,2023,IncomeStatement,Tax,2328479.14
SME1000,2023,IncomeStatement,Net Profit,6985437.43
SME1000,2023,BalanceSheet,Cash & Cash Equivalents,457967.73
SME1000,2023,BalanceSheet,Accounts Receivable,1468452.47
SME1000,2023,BalanceSheet,Inventory,1522243.76
SME1000,2023,BalanceSheet,Other Current Assets,172433.2
SME1000,2023,BalanceSheet,Net Fixed Assets,8802304.01
SME1000,2023,BalanceSheet,Total Assets,12250967.97
SME1000,2023,BalanceSheet,Short Term Loan,2697285.06
SME1000,2023,BalanceSheet,Accounts Payable,1052901.92
SME1000,2023,BalanceSheet,Other Current Liabilities,344866.4
SME1000,2023,BalanceSheet,Long Term Loan,3946937.9
SME1000,2023,BalanceSheet,Total Liabilities,6644222.96
SME1000,2023,BalanceSheet,Share Capital,2242698.0
SME1000,2023,BalanceSheet,Retained Earnings,3364047.0
SME1000,2023,BalanceSheet,Total Equity,5606745.01
SME1000,2022,IncomeStatement,Revenue,99259665.35
SME1000,2022,IncomeStatement,Cost of Goods Sold,69231895.98
SME1000,2022,IncomeStatement,Gross Profit,30027769.37
SME1000,2022,IncomeStatement,Operating Expenses,12281006.23
SME1000,2022,IncomeStatement,EBITDA,17746763.14
SME1000,2022,IncomeStatement,Depreciation,747578.95
SME1000,2022,IncomeStatement,EBIT,16999184.19
SME1000,2022,IncomeStatement,Interest Expense,10067234.28
SME1000,2022,IncomeStatement,Profit Before Tax,6931949.91
SME1000,2022,IncomeStatement,Tax,1732987.48
SME1000,2022,IncomeStatement,Net Profit,5198962.43
SME1000,2022,BalanceSheet,Cash & Cash Equivalents,974049.51
SME1000,2022,BalanceSheet,Accounts Receivable,1544012.43
SME1000,2022,BalanceSheet,Inventory,1881149.54
SME1000,2022,BalanceSheet,Other Current Assets,219960.57
SME1000,2022,BalanceSheet,Net Fixed Assets,7851756.49
SME1000,2022,BalanceSheet,Total Assets,12250967.97
SME1000,2022,BalanceSheet,Short Term Loan,3440731.7
SME1000,2022,BalanceSheet,Accounts Payable,2028757.31
SME1000,2022,BalanceSheet,Other Current Liabilities,439921.15
SME1000,2022,BalanceSheet,Long Term Loan,3203491.26
SME1000,2022,BalanceSheet,Total Liabilities,6644222.96
SME1000,2022,BalanceSheet,Share Capital,2242698.0
SME1000,2022,BalanceSheet,Retained Earnings,3364047.0
SME1000,2022,BalanceSheet,Total Equity,5606745.01
SME1000,2021,IncomeStatement,Revenue,110403949.12
SME1000,2021,IncomeStatement,Cost of Goods Sold,71877119.58
SME1000,2021,IncomeStatement,Gross Profit,38526829.54
SME1000,2021,IncomeStatement,Operating Expenses,12756075.3
SME1000,2021,IncomeStatement,EBITDA,25770754.24
SME1000,2021,IncomeStatement,Depreciation,1198887.73
SME1000,2021,IncomeStatement,EBIT,24571866.51
SME1000,2021,IncomeStatement,Interest Expense,14619016.35
SME1000,2021,IncomeStatement,Profit Before Tax,9952850.15
SME1000,2021,IncomeStatement,Tax,2488212.54
SME1000,2021,IncomeStatement,Net Profit,7464637.62
SME1000,2021,BalanceSheet,Cash & Cash Equivalents,452220.86
SME1000,2021,BalanceSheet,Accounts Receivable,1447064.87
SME1000,2021,BalanceSheet,Inventory,2070632.7
SME1000,2021,BalanceSheet,Other Current Assets,198495.92
SME1000,2021,BalanceSheet,Net Fixed Assets,8281049.54
SME1000,2021,BalanceSheet,Total Assets,12250967.97
SME1000,2021,BalanceSheet,Short Term Loan,3104971.03
SME1000,2021,BalanceSheet,Accounts Payable,1863872.23
SME1000,2021,BalanceSheet,Other Current Liabilities,396991.84
SME1000,2021,BalanceSheet,Long Term Loan,3539251.94
SME1000,2021,BalanceSheet,Total Liabilities,6644222.96
SME1000,2021,BalanceSheet,Share Capital,2242698.0
SME1000,2021,BalanceSheet,Retained Earnings,3364047.0
SME1000,2021,BalanceSheet,Total Equity,5606745.01
SME1001,2023,IncomeStatement,Revenue,138851128.94
SME1001,2023,IncomeStatement,Cost of Goods Sold,94808397.09
SME1001,2023,IncomeStatement,Gross Profit,44042731.84
SME1001,2023,IncomeStatement,Operating Expenses,20518669.0
SME1001,2023,IncomeStatement,EBITDA,23524062.85
SME1001,2023,IncomeStatement,Depreciation,10031772.92
SME1001,2023,IncomeStatement,EBIT,13492289.93
SME1001,2023,IncomeStatement,Interest Expense,9532638.44
SME1001,2023,IncomeStatement,Profit Before Tax,3959651.49
SME1001,2023,IncomeStatement,Tax,989912.87
SME1001,2023,IncomeStatement,Net Profit,2969738.62
SME1001,2023,BalanceSheet,Cash & Cash Equivalents,13598992.55
SME1001,2023,BalanceSheet,Accounts Receivable,33208862.59
SME1001,2023,BalanceSheet,Inventory,26068816.41
SME1001,2023,BalanceSheet,Other Current Assets,3643833.58
SME1001,2023,BalanceSheet,Net Fixed Assets,51085645.34
SME1001,2023,BalanceSheet,Total Assets,123962316.89
SME1001,2023,BalanceSheet,Short Term Loan,41974134.57
SME1001,2023,BalanceSheet,Accounts Payable,22530907.18
SME1001,2023,BalanceSheet,Other Current Liabilities,7287667.15
SME1001,2023,BalanceSheet,Long Term Loan,31363450.36
SME1001,2023,BalanceSheet,Total Liabilities,73337584.93
SME1001,2023,BalanceSheet,Share Capital,20249892.79
SME1001,2023,BalanceSheet,Retained Earnings,30374839.18
SME1001,2023,BalanceSheet,Total Equity,50624731.97
SME1001,2022,IncomeStatement,Revenue,127535662.19
SME1001,2022,IncomeStatement,Cost of Goods Sold,82057490.15
SME1001,2022,IncomeStatement,Gross Profit,45478172.04
SME1001,2022,IncomeStatement,Operating Expenses,14369210.26
SME1001,2022,IncomeStatement,EBITDA,31108961.78
SME1001,2022,IncomeStatement,Depreciation,7640980.73
SME1001,2022,IncomeStatement,EBIT,23467981.05
SME1001,2022,IncomeStatement,Interest Expense,12606261.37
SME1001,2022,IncomeStatement,Profit Before Tax,10861719.68
SME1001,2022,IncomeStatement,Tax,2715429.92
SME1001,2022,IncomeStatement,Net Profit,8146289.76
SME1001,2022,BalanceSheet,Cash & Cash Equivalents,7581365.61
SME1001,2022,BalanceSheet,Accounts Receivable,23828339.73
SME1001,2022,BalanceSheet,Inventory,22094722.76
SME1001,2022,BalanceSheet,Other Current Assets,2675221.41
SME1001,2022,BalanceSheet,Net Fixed Assets,70457888.79
SME1001,2022,BalanceSheet,Total Assets,123962316.89
SME1001,2022,BalanceSheet,Short Term Loan,30816474.15
SME1001,2022,BalanceSheet,Accounts Payable,19955355.85
SME1001,2022,BalanceSheet,Other Current Liabilities,5350442.81
SME1001,2022,BalanceSheet,Long Term Loan,42521110.77
SME1001,2022,BalanceSheet,Total Liabilities,73337584.93
SME1001,2022,BalanceSheet,Share Capital,20249892.79
SME1001,2022,BalanceSheet,Retained Earnings,30374839.18
SME1001,2022,BalanceSheet,Total Equity,50624731.97
SME1001,2021,IncomeStatement,Revenue,131763439.13
SME1001,2021,IncomeStatement,Cost of Goods Sold,83198868.52
SME1001,2021,IncomeStatement,Gross Profit,48564570.62
SME1001,2021,IncomeStatement,Operating Expenses,17162503.84
SME1001,2021,IncomeStatement,EBITDA,31402066.77
SME1001,2021,IncomeStatement,Depreciation,12003609.49
SME1001,2021,IncomeStatement,EBIT,19398457.29
SME1001,2021,IncomeStatement,Interest Expense,12725036.09
SME1001,2021,IncomeStatement,Profit Before Tax,6673421.2
SME1001,2021,IncomeStatement,Tax,1668355.3
SME1001,2021,IncomeStatement,Net Profit,5005065.9
SME1001,2021,BalanceSheet,Cash & Cash Equivalents,12905065.92
SME1001,2021,BalanceSheet,Accounts Receivable,25333465.26
SME1001,2021,BalanceSheet,Inventory,29196748.45
SME1001,2021,BalanceSheet,Other Current Assets,3371763.98
SME1001,2021,BalanceSheet,Net Fixed Assets,56527037.27
SME1001,2021,BalanceSheet,Total Assets,123962316.89
SME1001,2021,BalanceSheet,Short Term Loan,38840103.99
SME1001,2021,BalanceSheet,Accounts Payable,30064357.79
SME1001,2021,BalanceSheet,Other Current Liabilities,6743527.96
SME1001,2021,BalanceSheet,Long Term Loan,34497480.94
SME1001,2021,BalanceSheet,Total Liabilities,73337584.93
SME1001,2021,BalanceSheet,Share Capital,20249892.79
SME1001,2021,BalanceSheet,Retained Earnings,30374839.18
SME1001,2021,BalanceSheet,Total Equity,50624731.97
SME1002,2023,IncomeStatement,Revenue,47587599.54
SME1002,2023,IncomeStatement,Cost of Goods Sold,34568954.67
SME1002,2023,IncomeStatement,Gross Profit,13018644.87
SME1002,2023,IncomeStatement,Operating Expenses,5926086.91
SME1002,2023,IncomeStatement,EBITDA,7092557.96
SME1002,2023,IncomeStatement,Depreciation,2713184.44
SME1002,2023,IncomeStatement,EBIT,4379373.51
SME1002,2023,IncomeStatement,Interest Expense,4429375.07
SME1002,2023,IncomeStatement,Profit Before Tax,-50001.56
SME1002,2023,IncomeStatement,Tax,0.0
SME1002,2023,IncomeStatement,Net Profit,-50001.56
SME1002,2023,BalanceSheet,Cash & Cash Equivalents,2923472.45
SME1002,2023,BalanceSheet,Accounts Receivable,7742608.84
SME1002,2023,BalanceSheet,Inventory,9178562.93
SME1002,2023,BalanceSheet,Other Current Assets,992232.21
SME1002,2023,BalanceSheet,Net Fixed Assets,24306345.55
SME1002,2023,BalanceSheet,Total Assets,44150989.76
SME1002,2023,BalanceSheet,Short Term Loan,12310574.8
SME1002,2023,BalanceSheet,Accounts Payable,6790769.16
SME1002,2023,BalanceSheet,Other Current Liabilities,1984464.42
SME1002,2023,BalanceSheet,Long Term Loan,17979699.6
SME1002,2023,BalanceSheet,Total Liabilities,30290274.4
SME1002,2023,BalanceSheet,Share Capital,5544286.14
SME1002,2023,BalanceSheet,Retained Earnings,8316429.22
SME1002,2023,BalanceSheet,Total Equity,13860715.36
SME1002,2022,IncomeStatement,Revenue,48042569.3
SME1002,2022,IncomeStatement,Cost of Goods Sold,35140984.44
SME1002,2022,IncomeStatement,Gross Profit,12901584.86
SME1002,2022,IncomeStatement,Operating Expenses,4682444.13
SME1002,2022,IncomeStatement,EBITDA,8219140.72
SME1002,2022,IncomeStatement,Depreciation,3654462.78
SME1002,2022,IncomeStatement,EBIT,4564677.94
SME1002,2022,IncomeStatement,Interest Expense,5132937.54
SME1002,2022,IncomeStatement,Profit Before Tax,-568259.6
SME1002,2022,IncomeStatement,Tax,0.0
SME1002,2022,IncomeStatement,Net Profit,-568259.6
SME1002,2022,BalanceSheet,Cash & Cash Equivalents,5548815.15
SME1002,2022,BalanceSheet,Accounts Receivable,9798368.18
SME1002,2022,BalanceSheet,Inventory,8047559.56
SME1002,2022,BalanceSheet,Other Current Assets,1169737.14
SME1002,2022,BalanceSheet,Net Fixed Assets,20756246.87
SME1002,2022,BalanceSheet,Total Assets,44150989.76
SME1002,2022,BalanceSheet,Short Term Loan,14512869.53
SME1002,2022,BalanceSheet,Accounts Payable,8257783.55
SME1002,2022,BalanceSheet,Other Current Liabilities,2339474.29
SME1002,2022,BalanceSheet,Long Term Loan,15777404.87
SME1002,2022,BalanceSheet,Total Liabilities,30290274.4
SME1002,2022,BalanceSheet,Share Capital,5544286.14
SME1002,2022,BalanceSheet,Retained Earnings,8316429.22
SME1002,2022,BalanceSheet,Total Equity,13860715.36
SME1002,2021,IncomeStatement,Revenue,37034340.19
SME1002,2021,IncomeStatement,Cost of Goods Sold,25339088.88
SME1002,2021,IncomeStatement,Gross Profit,11695251.31
SME1002,2021,IncomeStatement,Operating Expenses,4123141.22
SME1002,2021,IncomeStatement,EBITDA,7572110.09
SME1002,2021,IncomeStatement,Depreciation,3498051.99
SME1002,2021,IncomeStatement,EBIT,4074058.1
SME1002,2021,IncomeStatement,Interest Expense,4728860.29
SME1002,2021,IncomeStatement,Profit Before Tax,-654802.19
SME1002,2021,IncomeStatement,Tax,0.0
SME1002,2021,IncomeStatement,Net Profit,-654802.19
SME1002,2021,BalanceSheet,Cash & Cash Equivalents,4525284.16
SME1002,2021,BalanceSheet,Accounts Receivable,10835607.21
SME1002,2021,BalanceSheet,Inventory,12938039.39
SME1002,2021,BalanceSheet,Other Current Assets,1414946.54
SME1002,2021,BalanceSheet,Net Fixed Assets,15852058.99
SME1002,2021,BalanceSheet,Total Assets,44150989.76
SME1002,2021,BalanceSheet,Short Term Loan,17555170.06
SME1002,2021,BalanceSheet,Accounts Payable,14135528.76
SME1002,2021,BalanceSheet,Other Current Liabilities,2829893.08
SME1002,2021,BalanceSheet,Long Term Loan,12735104.34
SME1002,2021,BalanceSheet,Total Liabilities,30290274.4
SME1002,2021,BalanceSheet,Share Capital,5544286.14
SME1002,2021,BalanceSheet,Retained Earnings,8316429.22
SME1002,2021,BalanceSheet,Total Equity,13860715.36
SME1003,2023,IncomeStatement,Revenue,760656647.27
SME1003,2023,IncomeStatement,Cost of Goods Sold,504561806.11
SME1003,2023,IncomeStatement,Gross Profit,256094841.17
SME1003,2023,IncomeStatement,Operating Expenses,80082275.91
SME1003,2023,IncomeStatement,EBITDA,176012565.25
SME1003,2023,IncomeStatement,Depreciation,9420145.26
SME1003,2023,IncomeStatement,EBIT,166592419.99
SME1003,2023,IncomeStatement,Interest Expense,72101751.56
SME1003,2023,IncomeStatement,Profit Before Tax,94490668.44
SME1003,2023,IncomeStatement,Tax,23622667.11
SME1003,2023,IncomeStatement,Net Profit,70868001.33
SME1003,2023,BalanceSheet,Cash & Cash Equivalents,6140514.85
SME1003,2023,BalanceSheet,Accounts Receivable,16968649.77
SME1003,2023,BalanceSheet,Inventory,11125168.66
SME1003,2023,BalanceSheet,Other Current Assets,1711716.66
SME1003,2023,BalanceSheet,Net Fixed Assets,102129502.26
SME1003,2023,BalanceSheet,Total Assets,136363835.55
SME1003,2023,BalanceSheet,Short Term Loan,20842264.2
SME1003,2023,BalanceSheet,Accounts Payable,16163943.83
SME1003,2023,BalanceSheet,Other Current Liabilities,3423433.33
SME1003,2023,BalanceSheet,Long Term Loan,13939811.62
SME1003,2023,BalanceSheet,Total Liabilities,34782075.81
SME1003,2023,BalanceSheet,Share Capital,40632703.89
SME1003,2023,BalanceSheet,Retained Earnings,60949055.84
SME1003,2023,BalanceSheet,Total Equity,101581759.73
SME1003,2022,IncomeStatement,Revenue,506552615.82
SME1003,2022,IncomeStatement,Cost of Goods Sold,358694097.92
SME1003,2022,IncomeStatement,Gross Profit,147858517.9
SME1003,2022,IncomeStatement,Operating Expenses,64516892.33
SME1003,2022,IncomeStatement,EBITDA,83341625.57
SME1003,2022,IncomeStatement,Depreciation,10479358.47
SME1003,2022,IncomeStatement,EBIT,72862267.1
SME1003,2022,IncomeStatement,Interest Expense,34140046.61
SME1003,2022,IncomeStatement,Profit Before Tax,38722220.49
SME1003,2022,IncomeStatement,Tax,9680555.12
SME1003,2022,IncomeStatement,Net Profit,29041665.37
SME1003,2022,BalanceSheet,Cash & Cash Equivalents,5080379.16
SME1003,2022,BalanceSheet,Accounts Receivable,9498833.73
SME1003,2022,BalanceSheet,Inventory,11322023.81
SME1003,2022,BalanceSheet,Other Current Assets,1295061.84
SME1003,2022,BalanceSheet,Net Fixed Assets,110462598.85
SME1003,2022,BalanceSheet,Total Assets,136363835.55
SME1003,2022,BalanceSheet,Short Term Loan,15768977.12
SME1003,2022,BalanceSheet,Accounts Payable,10022562.54
SME1003,2022,BalanceSheet,Other Current Liabilities,2590123.67
SME1003,2022,BalanceSheet,Long Term Loan,19013098.69
SME1003,2022,BalanceSheet,Total Liabilities,34782075.81
SME1003,2022,BalanceSheet,Share Capital,40632703.89
SME1003,2022,BalanceSheet,Retained Earnings,60949055.84
SME1003,2022,BalanceSheet,Total Equity,101581759.73
SME1003,2021,IncomeStatement,Revenue,581332603.74
SME1003,2021,IncomeStatement,Cost of Goods Sold,431972206.74
SME1003,2021,IncomeStatement,Gross Profit,149360397.0
SME1003,2021,IncomeStatement,Operating Expenses,70971667.68
SME1003,2021,IncomeStatement,EBITDA,78388729.32
SME1003,2021,IncomeStatement,Depreciation,8614028.84
SME1003,2021,IncomeStatement,EBIT,69774700.49
SME1003,2021,IncomeStatement,Interest Expense,32111143.19
SME1003,2021,IncomeStatement,Profit Before Tax,37663557.29
SME1003,2021,IncomeStatement,Tax,9415889.32
SME1003,2021,IncomeStatement,Net Profit,28247667.97
SME1003,2021,BalanceSheet,Cash & Cash Equivalents,3622896.63
SME1003,2021,BalanceSheet,Accounts Receivable,13911657.13
SME1003,2021,BalanceSheet,Inventory,11037686.0
SME1003,2021,BalanceSheet,Other Current Assets,1428611.99
SME1003,2021,BalanceSheet,Net Fixed Assets,107791595.79
SME1003,2021,BalanceSheet,Total Assets,136363835.55
SME1003,2021,BalanceSheet,Short Term Loan,17395115.15
SME1003,2021,BalanceSheet,Accounts Payable,13546204.98
SME1003,2021,BalanceSheet,Other Current Liabilities,2857223.98
SME1003,2021,BalanceSheet,Long Term Loan,17386960.66
SME1003,2021,BalanceSheet,Total Liabilities,34782075.81
SME1003,2021,BalanceSheet,Share Capital,40632703.89
SME1003,2021,BalanceSheet,Retained Earnings,60949055.84
SME1003,2021,BalanceSheet,Total Equity,101581759.73
SME1004,2023,IncomeStatement,Revenue,349099912.69
SME1004,2023,IncomeStatement,Cost of Goods Sold,250232712.97
SME1004,2023,IncomeStatement,Gross Profit,98867199.72
SME1004,2023,IncomeStatement,Operating Expenses,40147076.4
SME1004,2023,IncomeStatement,EBITDA,58720123.32
SME1004,2023,IncomeStatement,Depreciation,16886015.16
SME1004,2023,IncomeStatement,EBIT,41834108.16
SME1004,2023,IncomeStatement,Interest Expense,33316177.87
SME1004,2023,IncomeStatement,Profit Before Tax,8517930.28
SME1004,2023,IncomeStatement,Tax,2129482.57
SME1004,2023,IncomeStatement,Net Profit,6388447.71
SME1004,2023,BalanceSheet,Cash & Cash Equivalents,11934800.28
SME1004,2023,BalanceSheet,Accounts Receivable,56746845.1
SME1004,2023,BalanceSheet,Inventory,47278566.67
SME1004,2023,BalanceSheet,Other Current Assets,5798010.6
SME1004,2023,BalanceSheet,Net Fixed Assets,221567060.64
SME1004,2023,BalanceSheet,Total Assets,337527272.69
SME1004,2023,BalanceSheet,Short Term Loan,106219505.17
SME1004,2023,BalanceSheet,Accounts Payable,55167418.67
SME1004,2023,BalanceSheet,Other Current Liabilities,11596021.21
SME1004,2023,BalanceSheet,Long Term Loan,122292484.91
SME1004,2023,BalanceSheet,Total Liabilities,228511990.08
SME1004,2023,BalanceSheet,Share Capital,43606113.05
SME1004,2023,BalanceSheet,Retained Earnings,65409169.57
SME1004,2023,BalanceSheet,Total Equity,109015282.61
SME1004,2022,IncomeStatement,Revenue,367479650.37
SME1004,2022,IncomeStatement,Cost of Goods Sold,237438567.71
SME1004,2022,IncomeStatement,Gross Profit,130041082.65
SME1004,2022,IncomeStatement,Operating Expenses,40518855.07
SME1004,2022,IncomeStatement,EBITDA,89522227.58
SME1004,2022,IncomeStatement,Depreciation,31693972.91
SME1004,2022,IncomeStatement,EBIT,57828254.68
SME1004,2022,IncomeStatement,Interest Expense,50792442.0
SME1004,2022,IncomeStatement,Profit Before Tax,7035812.68
SME1004,2022,IncomeStatement,Tax,1758953.17
SME1004,2022,IncomeStatement,Net Profit,5276859.51
SME1004,2022,BalanceSheet,Cash & Cash Equivalents,16592443.06
SME1004,2022,BalanceSheet,Accounts Receivable,62180271.92
SME1004,2022,BalanceSheet,Inventory,68260820.73
SME1004,2022,BalanceSheet,Other Current Assets,7351676.79
SME1004,2022,BalanceSheet,Net Fixed Assets,190493736.99
SME1004,2022,BalanceSheet,Total Assets,337527272.69
SME1004,2022,BalanceSheet,Short Term Loan,134682656.48
SME1004,2022,BalanceSheet,Accounts Payable,46145372.97
SME1004,2022,BalanceSheet,Other Current Liabilities,14703353.57
SME1004,2022,BalanceSheet,Long Term Loan,93829333.6
SME1004,2022,BalanceSheet,Total Liabilities,228511990.08
SME1004,2022,BalanceSheet,Share Capital,43606113.05
SME1004,2022,BalanceSheet,Retained Earnings,65409169.57
SME1004,2022,BalanceSheet,Total Equity,109015282.61
SME1004,2021,IncomeStatement,Revenue,324993548.66
SME1004,2021,IncomeStatement,Cost of Goods Sold,232329816.52
SME1004,2021,IncomeStatement,Gross Profit,92663732.13
SME1004,2021,IncomeStatement,Operating Expenses,30178566.09
SME1004,2021,IncomeStatement,EBITDA,62485166.04
SME1004,2021,IncomeStatement,Depreciation,24897401.88
SME1004,2021,IncomeStatement,EBIT,37587764.16
SME1004,2021,IncomeStatement,Interest Expense,35452359.23
SME1004,2021,IncomeStatement,Profit Before Tax,2135404.93
SME1004,2021,IncomeStatement,Tax,533851.23
SME1004,2021,IncomeStatement,Net Profit,1601553.7
SME1004,2021,BalanceSheet,Cash & Cash Equivalents,17779873.11
SME1004,2021,BalanceSheet,Accounts Receivable,61174942.85
SME1004,2021,BalanceSheet,Inventory,48263734.83
SME1004,2021,BalanceSheet,Other Current Assets,6360927.54
SME1004,2021,BalanceSheet,Net Fixed Assets,210308721.89
SME1004,2021,BalanceSheet,Total Assets,337527272.69
SME1004,2021,BalanceSheet,Short Term Loan,116532138.69
SME1004,2021,BalanceSheet,Accounts Payable,48931764.35
SME1004,2021,BalanceSheet,Other Current Liabilities,12721855.08
SME1004,2021,BalanceSheet,Long Term Loan,111979851.39
SME1004,2021,BalanceSheet,Total Liabilities,228511990.08
SME1004,2021,BalanceSheet,Share Capital,43606113.05
SME1004,2021,BalanceSheet,Retained Earnings,65409169.57
SME1004,2021,BalanceSheet,Total Equity,109015282.61
SME1005,2023,IncomeStatement,Revenue,352701274.84
SME1005,2023,IncomeStatement,Cost of Goods Sold,246002687.82
SME1005,2023,IncomeStatement,Gross Profit,106698587.02
SME1005,2023,IncomeStatement,Operating Expenses,41358508.09
SME1005,2023,IncomeStatement,EBITDA,65340078.93
SME1005,2023,IncomeStatement,Depreciation,22208450.7
SME1005,2023,IncomeStatement,EBIT,43131628.23
SME1005,2023,IncomeStatement,Interest Expense,49812660.99
SME1005,2023,IncomeStatement,Profit Before Tax,-6681032.76
SME1005,2023,IncomeStatement,Tax,0.0
SME1005,2023,IncomeStatement,Net Profit,-6681032.76
SME1005,2023,BalanceSheet,Cash & Cash Equivalents,12989884.68
SME1005,2023,BalanceSheet,Accounts Receivable,38930698.62
SME1005,2023,BalanceSheet,Inventory,45233027.17
SME1005,2023,BalanceSheet,Other Current Assets,4857680.52
SME1005,2023,BalanceSheet,Net Fixed Assets,195529629.48
SME1005,2023,BalanceSheet,Total Assets,292683239.95
SME1005,2023,BalanceSheet,Short Term Loan,86690837.93
SME1005,2023,BalanceSheet,Accounts Payable,40577346.35
SME1005,2023,BalanceSheet,Other Current Liabilities,9715361.05
SME1005,2023,BalanceSheet,Long Term Loan,117671883.5
SME1005,2023,BalanceSheet,Total Liabilities,204362721.43
SME1005,2023,BalanceSheet,Share Capital,35328207.41
SME1005,2023,BalanceSheet,Retained Earnings,52992311.11
SME1005,2023,BalanceSheet,Total Equity,88320518.52
SME1005,2022,IncomeStatement,Revenue,230649097.5
SME1005,2022,IncomeStatement,Cost of Goods Sold,146008399.65
SME1005,2022,IncomeStatement,Gross Profit,84640697.85
SME1005,2022,IncomeStatement,Operating Expenses,26593990.22
SME1005,2022,IncomeStatement,EBITDA,58046707.63
SME1005,2022,IncomeStatement,Depreciation,23869824.91
SME1005,2022,IncomeStatement,EBIT,34176882.72
SME1005,2022,IncomeStatement,Interest Expense,44252486.62
SME1005,2022,IncomeStatement,Profit Before Tax,-10075603.9
SME1005,2022,IncomeStatement,Tax,0.0
SME1005,2022,IncomeStatement,Net Profit,-10075603.9
SME1005,2022,BalanceSheet,Cash & Cash Equivalents,24075975.33
SME1005,2022,BalanceSheet,Accounts Receivable,48899235.29
SME1005,2022,BalanceSheet,Inventory,29122532.63
SME1005,2022,BalanceSheet,Other Current Assets,5104887.16
SME1005,2022,BalanceSheet,Net Fixed Assets,190585496.7
SME1005,2022,BalanceSheet,Total Assets,292683239.95
SME1005,2022,BalanceSheet,Short Term Loan,91102521.77
SME1005,2022,BalanceSheet,Accounts Payable,32076198.08
SME1005,2022,BalanceSheet,Other Current Liabilities,10209774.32
SME1005,2022,BalanceSheet,Long Term Loan,113260199.66
SME1005,2022,BalanceSheet,Total Liabilities,204362721.43
SME1005,2022,BalanceSheet,Share Capital,35328207.41
SME1005,2022,BalanceSheet,Retained Earnings,52992311.11
SME1005,2022,BalanceSheet,Total Equity,88320518.52
SME1005,2021,IncomeStatement,Revenue,231936936.11
SME1005,2021,IncomeStatement,Cost of Goods Sold,162436260.1
SME1005,2021,IncomeStatement,Gross Profit,69500676.01
SME1005,2021,IncomeStatement,Operating Expenses,23828123.39
SME1005,2021,IncomeStatement,EBITDA,45672552.62
SME1005,2021,IncomeStatement,Depreciation,16570435.03
SME1005,2021,IncomeStatement,EBIT,29102117.59
SME1005,2021,IncomeStatement,Interest Expense,34818926.11
SME1005,2021,IncomeStatement,Profit Before Tax,-5716808.51
SME1005,2021,IncomeStatement,Tax,0.0
SME1005,2021,IncomeStatement,Net Profit,-5716808.51
SME1005,2021,BalanceSheet,Cash & Cash Equivalents,24963856.83
SME1005,2021,BalanceSheet,Accounts Receivable,56595409.82
SME1005,2021,BalanceSheet,Inventory,52903365.54
SME1005,2021,BalanceSheet,Other Current Assets,6723131.61
SME1005,2021,BalanceSheet,Net Fixed Assets,158220607.77
SME1005,2021,BalanceSheet,Total Assets,292683239.95
SME1005,2021,BalanceSheet,Short Term Loan,119981935.8
SME1005,2021,BalanceSheet,Accounts Payable,61439188.27
SME1005,2021,BalanceSheet,Other Current Liabilities,13446263.22
SME1005,2021,BalanceSheet,Long Term Loan,84380785.63
SME1005,2021,BalanceSheet,Total Liabilities,204362721.43
SME1005,2021,BalanceSheet,Share Capital,35328207.41
SME1005,2021,BalanceSheet,Retained Earnings,52992311.11
SME1005,2021,BalanceSheet,Total Equity,88320518.52
SME1006,2023,IncomeStatement,Revenue,939142386.09
SME1006,2023,IncomeStatement,Cost of Goods Sold,666191336.59
SME1006,2023,IncomeStatement,Gross Profit,272951049.5
SME1006,2023,IncomeStatement,Operating Expenses,118644426.83
SME1006,2023,IncomeStatement,EBITDA,154306622.68
SME1006,2023,IncomeStatement,Depreciation,19648607.41
SME1006,2023,IncomeStatement,EBIT,134658015.26
SME1006,2023,IncomeStatement,Interest Expense,72262311.42
SME1006,2023,IncomeStatement,Profit Before Tax,62395703.85
SME1006,2023,IncomeStatement,Tax,15598925.96
SME1006,2023,IncomeStatement,Net Profit,46796777.88
SME1006,2023,BalanceSheet,Cash & Cash Equivalents,7667664.59
SME1006,2023,BalanceSheet,Accounts Receivable,19164974.19
SME1006,2023,BalanceSheet,Inventory,20972785.35
SME1006,2023,BalanceSheet,Other Current Assets,2390271.21
SME1006,2023,BalanceSheet,Net Fixed Assets,150248722.78
SME1006,2023,BalanceSheet,Total Assets,198054146.9
SME1006,2023,BalanceSheet,Short Term Loan,23202388.15
SME1006,2023,BalanceSheet,Accounts Payable,22580151.45
SME1006,2023,BalanceSheet,Other Current Liabilities,4780542.41
SME1006,2023,BalanceSheet,Long Term Loan,32083044.91
SME1006,2023,BalanceSheet,Total Liabilities,55285433.06
SME1006,2023,BalanceSheet,Share Capital,57107485.54
SME1006,2023,BalanceSheet,Retained Earnings,85661228.3
SME1006,2023,BalanceSheet,Total Equity,142768713.84
SME1006,2022,IncomeStatement,Revenue,826303008.78
SME1006,2022,IncomeStatement,Cost of Goods Sold,519357334.27
SME1006,2022,IncomeStatement,Gross Profit,306945674.51
SME1006,2022,IncomeStatement,Operating Expenses,119623699.96
SME1006,2022,IncomeStatement,EBITDA,187321974.55
SME1006,2022,IncomeStatement,Depreciation,14080477.76
SME1006,2022,IncomeStatement,EBIT,173241496.79
SME1006,2022,IncomeStatement,Interest Expense,87723511.96
SME1006,2022,IncomeStatement,Profit Before Tax,85517984.83
SME1006,2022,IncomeStatement,Tax,21379496.21
SME1006,2022,IncomeStatement,Net Profit,64138488.62
SME1006,2022,BalanceSheet,Cash & Cash Equivalents,7135983.3
SME1006,2022,BalanceSheet,Accounts Receivable,25357029.29
SME1006,2022,BalanceSheet,Inventory,19416008.27
SME1006,2022,BalanceSheet,Other Current Assets,2595451.04
SME1006,2022,BalanceSheet,Net Fixed Assets,146145126.05
SME1006,2022,BalanceSheet,Total Assets,198054146.9
SME1006,2022,BalanceSheet,Short Term Loan,25194071.02
SME1006,2022,BalanceSheet,Accounts Payable,20173202.87
SME1006,2022,BalanceSheet,Other Current Liabilities,5190902.09
SME1006,2022,BalanceSheet,Long Term Loan,30091362.05
SME1006,2022,BalanceSheet,Total Liabilities,55285433.06
SME1006,2022,BalanceSheet,Share Capital,57107485.54
SME1006,2022,BalanceSheet,Retained Earnings,85661228.3
SME1006,2022,BalanceSheet,Total Equity,142768713.84
SME1006,2021,IncomeStatement,Revenue,927833542.09
SME1006,2021,IncomeStatement,Cost of Goods Sold,633291667.85
SME1006,2021,IncomeStatement,Gross Profit,294541874.24
SME1006,2021,IncomeStatement,Operating Expenses,91342638.55
SME1006,2021,IncomeStatement,EBITDA,203199235.69
SME1006,2021,IncomeStatement,Depreciation,19798309.19
SME1006,2021,IncomeStatement,EBIT,183400926.51
SME1006,2021,IncomeStatement,Interest Expense,95158886.86
SME1006,2021,IncomeStatement,Profit Before Tax,88242039.64
SME1006,2021,IncomeStatement,Tax,22060509.91
SME1006,2021,IncomeStatement,Net Profit,66181529.73
SME1006,2021,BalanceSheet,Cash & Cash Equivalents,15851877.91
SME1006,2021,BalanceSheet,Accounts Receivable,31591088.03
SME1006,2021,BalanceSheet,Inventory,17166425.45
SME1006,2021,BalanceSheet,Other Current Assets,3230469.57
SME1006,2021,BalanceSheet,Net Fixed Assets,133444755.51
SME1006,2021,BalanceSheet,Total Assets,198054146.9
SME1006,2021,BalanceSheet,Short Term Loan,31358202.64
SME1006,2021,BalanceSheet,Accounts Payable,30349560.39
SME1006,2021,BalanceSheet,Other Current Liabilities,6460939.14
SME1006,2021,BalanceSheet,Long Term Loan,23927230.42
SME1006,2021,BalanceSheet,Total Liabilities,55285433.06
SME1006,2021,BalanceSheet,Share Capital,57107485.54
SME1006,2021,BalanceSheet,Retained Earnings,85661228.3
SME1006,2021,BalanceSheet,Total Equity,142768713.84
SME1007,2023,IncomeStatement,Revenue,134751936.47
SME1007,2023,IncomeStatement,Cost of Goods Sold,100767003.09
SME1007,2023,IncomeStatement,Gross Profit,33984933.38
SME1007,2023,IncomeStatement,Operating Expenses,11998061.67
SME1007,2023,IncomeStatement,EBITDA,21986871.71
SME1007,2023,IncomeStatement,Depreciation,14372749.65
SME1007,2023,IncomeStatement,EBIT,7614122.07
SME1007,2023,IncomeStatement,Interest Expense,18880971.86
SME1007,2023,IncomeStatement,Profit Before Tax,-11266849.79
SME1007,2023,IncomeStatement,Tax,0.0
SME1007,2023,IncomeStatement,Net Profit,-11266849.79
SME1007,2023,BalanceSheet,Cash & Cash Equivalents,9184668.53
SME1007,2023,BalanceSheet,Accounts Receivable,27736308.48
SME1007,2023,BalanceSheet,Inventory,19271163.89
SME1007,2023,BalanceSheet,Other Current Assets,2809607.04
SME1007,2023,BalanceSheet,Net Fixed Assets,104930962.97
SME1007,2023,BalanceSheet,Total Assets,161123103.87
SME1007,2023,BalanceSheet,Short Term Loan,42542981.2
SME1007,2023,BalanceSheet,Accounts Payable,28044628.67
SME1007,2023,BalanceSheet,Other Current Liabilities,5619214.09
SME1007,2023,BalanceSheet,Long Term Loan,44102306.38
SME1007,2023,BalanceSheet,Total Liabilities,86645287.58
SME1007,2023,BalanceSheet,Share Capital,29791126.52
SME1007,2023,BalanceSheet,Retained Earnings,44686689.78
SME1007,2023,BalanceSheet,Total Equity,74477816.29
SME1007,2022,IncomeStatement,Revenue,140575719.72
SME1007,2022,IncomeStatement,Cost of Goods Sold,99494045.88
SME1007,2022,IncomeStatement,Gross Profit,41081673.83
SME1007,2022,IncomeStatement,Operating Expenses,13596364.69
SME1007,2022,IncomeStatement,EBITDA,27485309.15
SME1007,2022,IncomeStatement,Depreciation,10446479.48
SME1007,2022,IncomeStatement,EBIT,17038829.66
SME1007,2022,IncomeStatement,Interest Expense,23602691.43
SME1007,2022,IncomeStatement,Profit Before Tax,-6563861.76
SME1007,2022,IncomeStatement,Tax,0.0
SME1007,2022,IncomeStatement,Net Profit,-6563861.76
SME1007,2022,BalanceSheet,Cash & Cash Equivalents,12698319.2
SME1007,2022,BalanceSheet,Accounts Receivable,29308880.17
SME1007,2022,BalanceSheet,Inventory,25942929.5
SME1007,2022,BalanceSheet,Other Current Assets,3397506.44
SME1007,2022,BalanceSheet,Net Fixed Assets,93172975.01
SME1007,2022,BalanceSheet,Total Assets,161123103.87
SME1007,2022,BalanceSheet,Short Term Loan,51444935.33
SME1007,2022,BalanceSheet,Accounts Payable,30550045.8
SME1007,2022,BalanceSheet,Other Current Liabilities,6795012.89
SME1007,2022,BalanceSheet,Long Term Loan,35200352.24
SME1007,2022,BalanceSheet,Total Liabilities,86645287.58
SME1007,2022,BalanceSheet,Share Capital,29791126.52
SME1007,2022,BalanceSheet,Retained Earnings,44686689.78
SME1007,2022,BalanceSheet,Total Equity,74477816.29
SME1007,2021,IncomeStatement,Revenue,120025302.31
SME1007,2021,IncomeStatement,Cost of Goods Sold,82532595.25
SME1007,2021,IncomeStatement,Gross Profit,37492707.07
SME1007,2021,IncomeStatement,Operating Expenses,15018456.54
SME1007,2021,IncomeStatement,EBITDA,22474250.53
SME1007,2021,IncomeStatement,Depreciation,14925798.98
SME1007,2021,IncomeStatement,EBIT,7548451.55
SME1007,2021,IncomeStatement,Interest Expense,19299502.78
SME1007,2021,IncomeStatement,Profit Before Tax,-11751051.23
SME1007,2021,IncomeStatement,Tax,0.0
SME1007,2021,IncomeStatement,Net Profit,-11751051.23
SME1007,2021,BalanceSheet,Cash & Cash Equivalents,12054733.02
SME1007,2021,BalanceSheet,Accounts Receivable,17876747.0
SME1007,2021,BalanceSheet,Inventory,19449518.21
SME1007,2021,BalanceSheet,Other Current Assets,2469049.91
SME1007,2021,BalanceSheet,Net Fixed Assets,111742105.65
SME1007,2021,BalanceSheet,Total Assets,161123103.87
SME1007,2021,BalanceSheet,Short Term Loan,37386275.83
SME1007,2021,BalanceSheet,Accounts Payable,16649543.88
SME1007,2021,BalanceSheet,Other Current Liabilities,4938099.82
SME1007,2021,BalanceSheet,Long Term Loan,49259011.75
SME1007,2021,BalanceSheet,Total Liabilities,86645287.58
SME1007,2021,BalanceSheet,Share Capital,29791126.52
SME1007,2021,BalanceSheet,Retained Earnings,44686689.78
SME1007,2021,BalanceSheet,Total Equity,74477816.29
SME1008,2023,IncomeStatement,Revenue,126817905.65
SME1008,2023,IncomeStatement,Cost of Goods Sold,87400094.48
SME1008,2023,IncomeStatement,Gross Profit,39417811.17
SME1008,2023,IncomeStatement,Operating Expenses,16708276.04
SME1008,2023,IncomeStatement,EBITDA,22709535.14
SME1008,2023,IncomeStatement,Depreciation,7532798.42
SME1008,2023,IncomeStatement,EBIT,15176736.72
SME1008,2023,IncomeStatement,Interest Expense,9588779.2
SME1008,2023,IncomeStatement,Profit Before Tax,5587957.52
SME1008,2023,IncomeStatement,Tax,1396989.38
SME1008,2023,IncomeStatement,Net Profit,4190968.14
SME1008,2023,BalanceSheet,Cash & Cash Equivalents,5763994.7
SME1008,2023,BalanceSheet,Accounts Receivable,15836708.29
SME1008,2023,BalanceSheet,Inventory,10705532.08
SME1008,2023,BalanceSheet,Other Current Assets,1615311.75
SME1008,2023,BalanceSheet,Net Fixed Assets,73847459.67
SME1008,2023,BalanceSheet,Total Assets,106153694.74
SME1008,2023,BalanceSheet,Short Term Loan,24476523.0
SME1008,2023,BalanceSheet,Accounts Payable,11011639.66
SME1008,2023,BalanceSheet,Other Current Liabilities,3230623.51
SME1008,2023,BalanceSheet,Long Term Loan,22891177.43
SME1008,2023,BalanceSheet,Total Liabilities,47367700.43
SME1008,2023,BalanceSheet,Share Capital,23514397.72
SME1008,2023,BalanceSheet,Retained Earnings,35271596.58
SME1008,2023,BalanceSheet,Total Equity,58785994.3
SME1008,2022,IncomeStatement,Revenue,151913673.72
SME1008,2022,IncomeStatement,Cost of Goods Sold,96587153.22
SME1008,2022,IncomeStatement,Gross Profit,55326520.5
SME1008,2022,IncomeStatement,Operating Expenses,20977446.9
SME1008,2022,IncomeStatement,EBITDA,34349073.6
SME1008,2022,IncomeStatement,Depreciation,8872804.68
SME1008,2022,IncomeStatement,EBIT,25476268.92
SME1008,2022,IncomeStatement,Interest Expense,14503409.27
SME1008,2022,IncomeStatement,Profit Before Tax,10972859.64
SME1008,2022,IncomeStatement,Tax,2743214.91
SME1008,2022,IncomeStatement,Net Profit,8229644.73
SME1008,2022,BalanceSheet,Cash & Cash Equivalents,4239864.68
SME1008,2022,BalanceSheet,Accounts Receivable,13309154.96
SME1008,2022,BalanceSheet,Inventory,11210140.96
SME1008,2022,BalanceSheet,Other Current Assets,1437958.03
SME1008,2022,BalanceSheet,Net Fixed Assets,77394534.13
SME1008,2022,BalanceSheet,Total Assets,106153694.74
SME1008,2022,BalanceSheet,Short Term Loan,21789114.53
SME1008,2022,BalanceSheet,Accounts Payable,9045004.0
SME1008,2022,BalanceSheet,Other Current Liabilities,2875916.06
SME1008,2022,BalanceSheet,Long Term Loan,25578585.9
SME1008,2022,BalanceSheet,Total Liabilities,47367700.43
SME1008,2022,BalanceSheet,Share Capital,23514397.72
SME1008,2022,BalanceSheet,Retained Earnings,35271596.58
SME1008,2022,BalanceSheet,Total Equity,58785994.3
SME1008,2021,IncomeStatement,Revenue,132401200.38
SME1008,2021,IncomeStatement,Cost of Goods Sold,99270205.21
SME1008,2021,IncomeStatement,Gross Profit,33130995.18
SME1008,2021,IncomeStatement,Operating Expenses,16539631.88
SME1008,2021,IncomeStatement,EBITDA,16591363.3
SME1008,2021,IncomeStatement,Depreciation,5696529.55
SME1008,2021,IncomeStatement,EBIT,10894833.75
SME1008,2021,IncomeStatement,Interest Expense,7005467.9
SME1008,2021,IncomeStatement,Profit Before Tax,3889365.86
SME1008,2021,IncomeStatement,Tax,972341.46
SME1008,2021,IncomeStatement,Net Profit,2917024.39
SME1008,2021,BalanceSheet,Cash & Cash Equivalents,3868172.62
SME1008,2021,BalanceSheet,Accounts Receivable,13559599.6
SME1008,2021,BalanceSheet,Inventory,10245506.52
SME1008,2021,BalanceSheet,Other Current Assets,1383663.94
SME1008,2021,BalanceSheet,Net Fixed Assets,78480415.99
SME1008,2021,BalanceSheet,Total Assets,106153694.74
SME1008,2021,BalanceSheet,Short Term Loan,20966406.1
SME1008,2021,BalanceSheet,Accounts Payable,13177263.59
SME1008,2021,BalanceSheet,Other Current Liabilities,2767327.87
SME1008,2021,BalanceSheet,Long Term Loan,26401294.34
SME1008,2021,BalanceSheet,Total Liabilities,47367700.43
SME1008,2021,BalanceSheet,Share Capital,23514397.72
SME1008,2021,BalanceSheet,Retained Earnings,35271596.58
SME1008,2021,BalanceSheet,Total Equity,58785994.3
SME1009,2023,IncomeStatement,Revenue,219819935.34
SME1009,2023,IncomeStatement,Cost of Goods Sold,164443987.44
SME1009,2023,IncomeStatement,Gross Profit,55375947.9
SME1009,2023,IncomeStatement,Operating Expenses,23855696.07
SME1009,2023,IncomeStatement,EBITDA,31520251.83
SME1009,2023,IncomeStatement,Depreciation,3269688.42
SME1009,2023,IncomeStatement,EBIT,28250563.42
SME1009,2023,IncomeStatement,Interest Expense,14699910.25
SME1009,2023,IncomeStatement,Profit Before Tax,13550653.17
SME1009,2023,IncomeStatement,Tax,3387663.29
SME1009,2023,IncomeStatement,Net Profit,10162989.87
SME1009,2023,BalanceSheet,Cash & Cash Equivalents,4455132.08
SME1009,2023,BalanceSheet,Accounts Receivable,13820046.43
SME1009,2023,BalanceSheet,Inventory,12469629.11
SME1009,2023,BalanceSheet,Other Current Assets,1537240.38
SME1009,2023,BalanceSheet,Net Fixed Assets,34141349.36
SME1009,2023,BalanceSheet,Total Assets,64886156.98
SME1009,2023,BalanceSheet,Short Term Loan,15117336.89
SME1009,2023,BalanceSheet,Accounts Payable,14996886.76
SME1009,2023,BalanceSheet,Other Current Liabilities,3074480.76
SME1009,2023,BalanceSheet,Long Term Loan,11714005.09
SME1009,2023,BalanceSheet,Total Liabilities,26831341.98
SME1009,2023,BalanceSheet,Share Capital,15221926.0
SME1009,2023,BalanceSheet,Retained Earnings,22832889.0
SME1009,2023,BalanceSheet,Total Equity,38054815.0
SME1009,2022,IncomeStatement,Revenue,170113207.53
SME1009,2022,IncomeStatement,Cost of Goods Sold,105013315.72
SME1009,2022,IncomeStatement,Gross Profit,65099891.81
SME1009,2022,IncomeStatement,Operating Expenses,20923573.66
SME1009,2022,IncomeStatement,EBITDA,44176318.15
SME1009,2022,IncomeStatement,Depreciation,5039135.65
SME1009,2022,IncomeStatement,EBIT,39137182.5
SME1009,2022,IncomeStatement,Interest Expense,20602243.77
SME1009,2022,IncomeStatement,Profit Before Tax,18534938.73
SME1009,2022,IncomeStatement,Tax,4633734.68
SME1009,2022,IncomeStatement,Net Profit,13901204.05
SME1009,2022,BalanceSheet,Cash & Cash Equivalents,4729880.71
SME1009,2022,BalanceSheet,Accounts Receivable,11349310.39
SME1009,2022,BalanceSheet,Inventory,8720356.7
SME1009,2022,BalanceSheet,Other Current Assets,1239977.39
SME1009,2022,BalanceSheet,Net Fixed Assets,40086609.18
SME1009,2022,BalanceSheet,Total Assets,64886156.98
SME1009,2022,BalanceSheet,Short Term Loan,12194030.4
SME1009,2022,BalanceSheet,Accounts Payable,8449688.59
SME1009,2022,BalanceSheet,Other Current Liabilities,2479954.78
SME1009,2022,BalanceSheet,Long Term Loan,14637311.58
SME1009,2022,BalanceSheet,Total Liabilities,26831341.98
SME1009,2022,BalanceSheet,Share Capital,15221926.0
SME1009,2022,BalanceSheet,Retained Earnings,22832889.0
SME1009,2022,BalanceSheet,Total Equity,38054815.0
SME1009,2021,IncomeStatement,Revenue,191968159.6
SME1009,2021,IncomeStatement,Cost of Goods Sold,122782371.32
SME1009,2021,IncomeStatement,Gross Profit,69185788.28
SME1009,2021,IncomeStatement,Operating Expenses,27515628.74
SME1009,2021,IncomeStatement,EBITDA,41670159.54
SME1009,2021,IncomeStatement,Depreciation,6181498.13
SME1009,2021,IncomeStatement,EBIT,35488661.4
SME1009,2021,IncomeStatement,Interest Expense,19433461.65
SME1009,2021,IncomeStatement,Profit Before Tax,16055199.75
SME1009,2021,IncomeStatement,Tax,4013799.94
SME1009,2021,IncomeStatement,Net Profit,12041399.81
SME1009,2021,BalanceSheet,Cash & Cash Equivalents,3536166.34
SME1009,2021,BalanceSheet,Accounts Receivable,12844976.31
SME1009,2021,BalanceSheet,Inventory,14680155.39
SME1009,2021,BalanceSheet,Other Current Assets,1553064.9
SME1009,2021,BalanceSheet,Net Fixed Assets,33824858.94
SME1009,2021,BalanceSheet,Total Assets,64886156.98
SME1009,2021,BalanceSheet,Short Term Loan,15272956.41
SME1009,2021,BalanceSheet,Accounts Payable,11037198.79
SME1009,2021,BalanceSheet,Other Current Liabilities,3106129.8
SME1009,2021,BalanceSheet,Long Term Loan,11558385.57
SME1009,2021,BalanceSheet,Total Liabilities,26831341.98
SME1009,2021,BalanceSheet,Share Capital,15221926.0
SME1009,2021,BalanceSheet,Retained Earnings,22832889.0
SME1009,2021,BalanceSheet,Total Equity,38054815.0
SME1010,2023,IncomeStatement,Revenue,61509607.33
SME1010,2023,IncomeStatement,Cost of Goods Sold,40851792.57
SME1010,2023,IncomeStatement,Gross Profit,20657814.77
SME1010,2023,IncomeStatement,Operating Expenses,6237295.4
SME1010,2023,IncomeStatement,EBITDA,14420519.36
SME1010,2023,IncomeStatement,Depreciation,12806272.12
SME1010,2023,IncomeStatement,EBIT,1614247.24
SME1010,2023,IncomeStatement,Interest Expense,7528905.55
SME1010,2023,IncomeStatement,Profit Before Tax,-5914658.32
SME1010,2023,IncomeStatement,Tax,0.0
SME1010,2023,IncomeStatement,Net Profit,-5914658.32
SME1010,2023,BalanceSheet,Cash & Cash Equivalents,25564304.11
SME1010,2023,BalanceSheet,Accounts Receivable,46859736.49
SME1010,2023,BalanceSheet,Inventory,36088127.22
SME1010,2023,BalanceSheet,Other Current Assets,5425608.39
SME1010,2023,BalanceSheet,Net Fixed Assets,129690022.39
SME1010,2023,BalanceSheet,Total Assets,238202190.22
SME1010,2023,BalanceSheet,Short Term Loan,89711787.87
SME1010,2023,BalanceSheet,Accounts Payable,50666393.32
SME1010,2023,BalanceSheet,Other Current Liabilities,10851216.78
SME1010,2023,BalanceSheet,Long Term Loan,65870031.93
SME1010,2023,BalanceSheet,Total Liabilities,155581819.81
SME1010,2023,BalanceSheet,Share Capital,33048148.16
SME1010,2023,BalanceSheet,Retained Earnings,49572222.24
SME1010,2023,BalanceSheet,Total Equity,82620370.41
SME1010,2022,IncomeStatement,Revenue,58686148.61
SME1010,2022,IncomeStatement,Cost of Goods Sold,36515347.25
SME1010,2022,IncomeStatement,Gross Profit,22170801.36
SME1010,2022,IncomeStatement,Operating Expenses,7216354.27
SME1010,2022,IncomeStatement,EBITDA,14954447.09
SME1010,2022,IncomeStatement,Depreciation,15581500.22
SME1010,2022,IncomeStatement,EBIT,-627053.12
SME1010,2022,IncomeStatement,Interest Expense,7807667.46
SME1010,2022,IncomeStatement,Profit Before Tax,-8434720.58
SME1010,2022,IncomeStatement,Tax,0.0
SME1010,2022,IncomeStatement,Net Profit,-8434720.58
SME1010,2022,BalanceSheet,Cash & Cash Equivalents,23940661.67
SME1010,2022,BalanceSheet,Accounts Receivable,52275027.16
SME1010,2022,BalanceSheet,Inventory,32893973.77
SME1010,2022,BalanceSheet,Other Current Assets,5455483.13
SME1010,2022,BalanceSheet,Net Fixed Assets,129092527.61
SME1010,2022,BalanceSheet,Total Assets,238202190.22
SME1010,2022,BalanceSheet,Short Term Loan,90205763.12
SME1010,2022,BalanceSheet,Accounts Payable,52349171.54
SME1010,2022,BalanceSheet,Other Current Liabilities,10910966.26
SME1010,2022,BalanceSheet,Long Term Loan,65376056.69
SME1010,2022,BalanceSheet,Total Liabilities,155581819.81
SME1010,2022,BalanceSheet,Share Capital,33048148.16
SME1010,2022,BalanceSheet,Retained Earnings,49572222.24
SME1010,2022,BalanceSheet,Total Equity,82620370.41
SME1010,2021,IncomeStatement,Revenue,51183585.42
SME1010,2021,IncomeStatement,Cost of Goods Sold,32625925.26
SME1010,2021,IncomeStatement,Gross Profit,18557660.16
SME1010,2021,IncomeStatement,Operating Expenses,5948819.87
SME1010,2021,IncomeStatement,EBITDA,12608840.29
SME1010,2021,IncomeStatement,Depreciation,21201379.38
SME1010,2021,IncomeStatement,EBIT,-8592539.09
SME1010,2021,IncomeStatement,Interest Expense,6583033.89
SME1010,2021,IncomeStatement,Profit Before Tax,-15175572.98
SME1010,2021,IncomeStatement,Tax,0.0
SME1010,2021,IncomeStatement,Net Profit,-15175572.98
SME1010,2021,BalanceSheet,Cash & Cash Equivalents,17471979.96
SME1010,2021,BalanceSheet,Accounts Receivable,48098806.76
SME1010,2021,BalanceSheet,Inventory,42980083.78
SME1010,2021,BalanceSheet,Other Current Assets,5427543.53
SME1010,2021,BalanceSheet,Net Fixed Assets,129651319.71
SME1010,2021,BalanceSheet,Total Assets,238202190.22
SME1010,2021,BalanceSheet,Short Term Loan,89743785.08
SME1010,2021,BalanceSheet,Accounts Payable,35920641.03
SME1010,2021,BalanceSheet,Other Current Liabilities,10855087.05
SME1010,2021,BalanceSheet,Long Term Loan,65838034.72
SME1010,2021,BalanceSheet,Total Liabilities,155581819.81
SME1010,2021,BalanceSheet,Share Capital,33048148.16
SME1010,2021,BalanceSheet,Retained Earnings,49572222.24
SME1010,2021,BalanceSheet,Total Equity,82620370.41
SME1011,2023,IncomeStatement,Revenue,163181819.47
SME1011,2023,IncomeStatement,Cost of Goods Sold,115938181.28
SME1011,2023,IncomeStatement,Gross Profit,47243638.19
SME1011,2023,IncomeStatement,Operating Expenses,17311821.47
SME1011,2023,IncomeStatement,EBITDA,29931816.72
SME1011,2023,IncomeStatement,Depreciation,12716524.21
SME1011,2023,IncomeStatement,EBIT,17215292.51
SME1011,2023,IncomeStatement,Interest Expense,12695348.75
SME1011,2023,IncomeStatement,Profit Before Tax,4519943.76
SME1011,2023,IncomeStatement,Tax,1129985.94
SME1011,2023,IncomeStatement,Net Profit,3389957.82
SME1011,2023,BalanceSheet,Cash & Cash Equivalents,21774883.27
SME1011,2023,BalanceSheet,Accounts Receivable,44725066.86
SME1011,2023,BalanceSheet,Inventory,28334424.67
SME1011,2023,BalanceSheet,Other Current Assets,4741718.74
SME1011,2023,BalanceSheet,Net Fixed Assets,36887394.19
SME1011,2023,BalanceSheet,Total Assets,131721768.99
SME1011,2023,BalanceSheet,Short Term Loan,47163173.15
SME1011,2023,BalanceSheet,Accounts Payable,33510782.97
SME1011,2023,BalanceSheet,Other Current Liabilities,9483437.48
SME1011,2023,BalanceSheet,Long Term Loan,36989602.78
SME1011,2023,BalanceSheet,Total Liabilities,84152775.93
SME1011,2023,BalanceSheet,Share Capital,19027597.22
SME1011,2023,BalanceSheet,Retained Earnings,28541395.83
SME1011,2023,BalanceSheet,Total Equity,47568993.06
SME1011,2022,IncomeStatement,Revenue,229819955.16
SME1011,2022,IncomeStatement,Cost of Goods Sold,141618352.9
SME1011,2022,IncomeStatement,Gross Profit,88201602.26
SME1011,2022,IncomeStatement,Operating Expenses,41845782.22
SME1011,2022,IncomeStatement,EBITDA,46355820.05
SME1011,2022,IncomeStatement,Depreciation,12240859.54
SME1011,2022,IncomeStatement,EBIT,34114960.5
SME1011,2022,IncomeStatement,Interest Expense,19661462.84
SME1011,2022,IncomeStatement,Profit Before Tax,14453497.66
SME1011,2022,IncomeStatement,Tax,3613374.41
SME1011,2022,IncomeStatement,Net Profit,10840123.24
SME1011,2022,BalanceSheet,Cash & Cash Equivalents,16733878.15
SME1011,2022,BalanceSheet,Accounts Receivable,31517458.82
SME1011,2022,BalanceSheet,Inventory,26961163.66
SME1011,2022,BalanceSheet,Other Current Assets,3760625.03
SME1011,2022,BalanceSheet,Net Fixed Assets,56509268.37
SME1011,2022,BalanceSheet,Total Assets,131721768.99
SME1011,2022,BalanceSheet,Short Term Loan,37404793.33
SME1011,2022,BalanceSheet,Accounts Payable,27154583.85
SME1011,2022,BalanceSheet,Other Current Liabilities,7521250.06
SME1011,2022,BalanceSheet,Long Term Loan,46747982.6
SME1011,2022,BalanceSheet,Total Liabilities,84152775.93
SME1011,2022,BalanceSheet,Share Capital,19027597.22
SME1011,2022,BalanceSheet,Retained Earnings,28541395.83
SME1011,2022,BalanceSheet,Total Equity,47568993.06
SME1011,2021,IncomeStatement,Revenue,207815796.18
SME1011,2021,IncomeStatement,Cost of Goods Sold,131784168.32
SME1011,2021,IncomeStatement,Gross Profit,76031627.86
SME1011,2021,IncomeStatement,Operating Expenses,23169337.46
SME1011,2021,IncomeStatement,EBITDA,52862290.4
SME1011,2021,IncomeStatement,Depreciation,7858058.32
SME1011,2021,IncomeStatement,EBIT,45004232.09
SME1011,2021,IncomeStatement,Interest Expense,22421131.96
SME1011,2021,IncomeStatement,Profit Before Tax,22583100.12
SME1011,2021,IncomeStatement,Tax,5645775.03
SME1011,2021,IncomeStatement,Net Profit,16937325.09
SME1011,2021,BalanceSheet,Cash & Cash Equivalents,18095269.84
SME1011,2021,BalanceSheet,Accounts Receivable,39005650.35
SME1011,2021,BalanceSheet,Inventory,21693062.32
SME1011,2021,BalanceSheet,Other Current Assets,3939699.13
SME1011,2021,BalanceSheet,Net Fixed Assets,52927786.49
SME1011,2021,BalanceSheet,Total Assets,131721768.99
SME1011,2021,BalanceSheet,Short Term Loan,39185941.26
SME1011,2021,BalanceSheet,Accounts Payable,28036868.71
SME1011,2021,BalanceSheet,Other Current Liabilities,7879398.25
SME1011,2021,BalanceSheet,Long Term Loan,44966834.67
SME1011,2021,BalanceSheet,Total Liabilities,84152775.93
SME1011,2021,BalanceSheet,Share Capital,19027597.22
SME1011,2021,BalanceSheet,Retained Earnings,28541395.83
SME1011,2021,BalanceSheet,Total Equity,47568993.06
SME1012,2023,IncomeStatement,Revenue,312034520.54
SME1012,2023,IncomeStatement,Cost of Goods Sold,232640485.74
SME1012,2023,IncomeStatement,Gross Profit,79394034.81
SME1012,2023,IncomeStatement,Operating Expenses,26653654.32
SME1012,2023,IncomeStatement,EBITDA,52740380.48
SME1012,2023,IncomeStatement,Depreciation,13532965.83
SME1012,2023,IncomeStatement,EBIT,39207414.66
SME1012,2023,IncomeStatement,Interest Expense,24724052.28
SME1012,2023,IncomeStatement,Profit Before Tax,14483362.38
SME1012,2023,IncomeStatement,Tax,3620840.59
SME1012,2023,IncomeStatement,Net Profit,10862521.78
SME1012,2023,BalanceSheet,Cash & Cash Equivalents,7387759.25
SME1012,2023,BalanceSheet,Accounts Receivable,26382879.09
SME1012,2023,BalanceSheet,Inventory,29774303.81
SME1012,2023,BalanceSheet,Other Current Assets,3177247.11
SME1012,2023,BalanceSheet,Net Fixed Assets,74368221.62
SME1012,2023,BalanceSheet,Total Assets,137913163.78
SME1012,2023,BalanceSheet,Short Term Loan,44468972.17
SME1012,2023,BalanceSheet,Accounts Payable,28322553.39
SME1012,2023,BalanceSheet,Other Current Liabilities,6354494.22
SME1012,2023,BalanceSheet,Long Term Loan,53676321.23
SME1012,2023,BalanceSheet,Total Liabilities,98145293.4
SME1012,2023,BalanceSheet,Share Capital,15907148.15
SME1012,2023,BalanceSheet,Retained Earnings,23860722.23
SME1012,2023,BalanceSheet,Total Equity,39767870.38
SME1012,2022,IncomeStatement,Revenue,347347867.86
SME1012,2022,IncomeStatement,Cost of Goods Sold,239993523.62
SME1012,2022,IncomeStatement,Gross Profit,107354344.24
SME1012,2022,IncomeStatement,Operating Expenses,43187000.71
SME1012,2022,IncomeStatement,EBITDA,64167343.53
SME1012,2022,IncomeStatement,Depreciation,9551834.23
SME1012,2022,IncomeStatement,EBIT,54615509.3
SME1012,2022,IncomeStatement,Interest Expense,30080874.3
SME1012,2022,IncomeStatement,Profit Before Tax,24534634.99
SME1012,2022,IncomeStatement,Tax,6133658.75
SME1012,2022,IncomeStatement,Net Profit,18400976.24
SME1012,2022,BalanceSheet,Cash & Cash Equivalents,9988556.29
SME1012,2022,BalanceSheet,Accounts Receivable,32978869.23
SME1012,2022,BalanceSheet,Inventory,29304288.99
SME1012,2022,BalanceSheet,Other Current Assets,3613585.73
SME1012,2022,BalanceSheet,Net Fixed Assets,65641449.27
SME1012,2022,BalanceSheet,Total Assets,137913163.78
SME1012,2022,BalanceSheet,Short Term Loan,50575997.9
SME1012,2022,BalanceSheet,Accounts Payable,21705960.67
SME1012,2022,BalanceSheet,Other Current Liabilities,7227171.45
SME1012,2022,BalanceSheet,Long Term Loan,47569295.5
SME1012,2022,BalanceSheet,Total Liabilities,98145293.4
SME1012,2022,BalanceSheet,Share Capital,15907148.15
SME1012,2022,BalanceSheet,Retained Earnings,23860722.23
SME1012,2022,BalanceSheet,Total Equity,39767870.38
SME1012,2021,IncomeStatement,Revenue,384425755.88
SME1012,2021,IncomeStatement,Cost of Goods Sold,261704675.93
SME1012,2021,IncomeStatement,Gross Profit,122721079.96
SME1012,2021,IncomeStatement,Operating Expenses,54474169.28
SME1012,2021,IncomeStatement,EBITDA,68246910.68
SME1012,2021,IncomeStatement,Depreciation,12011892.32
SME1012,2021,IncomeStatement,EBIT,56235018.36
SME1012,2021,IncomeStatement,Interest Expense,31993326.03
SME1012,2021,IncomeStatement,Profit Before Tax,24241692.33
SME1012,2021,IncomeStatement,Tax,6060423.08
SME1012,2021,IncomeStatement,Net Profit,18181269.25
SME1012,2021,BalanceSheet,Cash & Cash Equivalents,11583495.98
SME1012,2021,BalanceSheet,Accounts Receivable,27004577.51
SME1012,2021,BalanceSheet,Inventory,36321418.27
SME1012,2021,BalanceSheet,Other Current Assets,3745474.59
SME1012,2021,BalanceSheet,Net Fixed Assets,63003672.01
SME1012,2021,BalanceSheet,Total Assets,137913163.78
SME1012,2021,BalanceSheet,Short Term Loan,52421923.62
SME1012,2021,BalanceSheet,Accounts Payable,32424389.01
SME1012,2021,BalanceSheet,Other Current Liabilities,7490949.18
SME1012,2021,BalanceSheet,Long Term Loan,45723369.77
SME1012,2021,BalanceSheet,Total Liabilities,98145293.4
SME1012,2021,BalanceSheet,Share Capital,15907148.15
SME1012,2021,BalanceSheet,Retained Earnings,23860722.23
SME1012,2021,BalanceSheet,Total Equity,39767870.38
SME1013,2023,IncomeStatement,Revenue,82295243.96
SME1013,2023,IncomeStatement,Cost of Goods Sold,54418465.48
SME1013,2023,IncomeStatement,Gross Profit,27876778.48
SME1013,2023,IncomeStatement,Operating Expenses,10606558.83
SME1013,2023,IncomeStatement,EBITDA,17270219.64
SME1013,2023,IncomeStatement,Depreciation,3717144.86
SME1013,2023,IncomeStatement,EBIT,13553074.78
SME1013,2023,IncomeStatement,Interest Expense,10401323.63
SME1013,2023,IncomeStatement,Profit Before Tax,3151751.15
SME1013,2023,IncomeStatement,Tax,787937.79
SME1013,2023,IncomeStatement,Net Profit,2363813.36
SME1013,2023,BalanceSheet,Cash & Cash Equivalents,4705619.72
SME1013,2023,BalanceSheet,Accounts Receivable,14170351.37
SME1013,2023,BalanceSheet,Inventory,9981008.95
SME1013,2023,BalanceSheet,Other Current Assets,1442849.0
SME1013,2023,BalanceSheet,Net Fixed Assets,28521632.03
SME1013,2023,BalanceSheet,Total Assets,57378612.08
SME1013,2023,BalanceSheet,Short Term Loan,15031600.97
SME1013,2023,BalanceSheet,Accounts Payable,12566164.1
SME1013,2023,BalanceSheet,Other Current Liabilities,2885698.01
SME1013,2023,BalanceSheet,Long Term Loan,20298834.76
SME1013,2023,BalanceSheet,Total Liabilities,35330435.73
SME1013,2023,BalanceSheet,Share Capital,8819270.54
SME1013,2023,BalanceSheet,Retained Earnings,13228905.81
SME1013,2023,BalanceSheet,Total Equity,22048176.35
SME1013,2022,IncomeStatement,Revenue,101532595.02
SME1013,2022,IncomeStatement,Cost of Goods Sold,70293781.02
SME1013,2022,IncomeStatement,Gross Profit,31238814.01
SME1013,2022,IncomeStatement,Operating Expenses,11251907.63
SME1013,2022,IncomeStatement,EBITDA,19986906.37
SME1013,2022,IncomeStatement,Depreciation,4440924.44
SME1013,2022,IncomeStatement,EBIT,15545981.93
SME1013,2022,IncomeStatement,Interest Expense,12037500.73
SME1013,2022,IncomeStatement,Profit Before Tax,3508481.2
SME1013,2022,IncomeStatement,Tax,877120.3
SME1013,2022,IncomeStatement,Net Profit,2631360.9
SME1013,2022,BalanceSheet,Cash & Cash Equivalents,3881426.2
SME1013,2022,BalanceSheet,Accounts Receivable,11247337.34
SME1013,2022,BalanceSheet,Inventory,12007044.94
SME1013,2022,BalanceSheet,Other Current Assets,1356790.42
SME1013,2022,BalanceSheet,Net Fixed Assets,30242803.6
SME1013,2022,BalanceSheet,Total Assets,57378612.08
SME1013,2022,BalanceSheet,Short Term Loan,14135042.7
SME1013,2022,BalanceSheet,Accounts Payable,11288413.73
SME1013,2022,BalanceSheet,Other Current Liabilities,2713580.85
SME1013,2022,BalanceSheet,Long Term Loan,21195393.03
SME1013,2022,BalanceSheet,Total Liabilities,35330435.73
SME1013,2022,BalanceSheet,Share Capital,8819270.54
SME1013,2022,BalanceSheet,Retained Earnings,13228905.81
SME1013,2022,BalanceSheet,Total Equity,22048176.35
SME1013,2021,IncomeStatement,Revenue,85865646.2
SME1013,2021,IncomeStatement,Cost of Goods Sold,57508364.43
SME1013,2021,IncomeStatement,Gross Profit,28357281.76
SME1013,2021,IncomeStatement,Operating Expenses,11014874.53
SME1013,2021,IncomeStatement,EBITDA,17342407.23
SME1013,2021,IncomeStatement,Depreciation,3482025.09
SME1013,2021,IncomeStatement,EBIT,13860382.14
SME1013,2021,IncomeStatement,Interest Expense,10444800.0
SME1013,2021,IncomeStatement,Profit Before Tax,3415582.14
SME1013,2021,IncomeStatement,Tax,853895.53
SME1013,2021,IncomeStatement,Net Profit,2561686.6
SME1013,2021,BalanceSheet,Cash & Cash Equivalents,7889991.16
SME1013,2021,BalanceSheet,Accounts Receivable,15748092.74
SME1013,2021,BalanceSheet,Inventory,9911059.97
SME1013,2021,BalanceSheet,Other Current Assets,1677457.19
SME1013,2021,BalanceSheet,Net Fixed Assets,23829468.21
SME1013,2021,BalanceSheet,Total Assets,57378612.08
SME1013,2021,BalanceSheet,Short Term Loan,17475749.12
SME1013,2021,BalanceSheet,Accounts Payable,11203343.37
SME1013,2021,BalanceSheet,Other Current Liabilities,3354914.39
SME1013,2021,BalanceSheet,Long Term Loan,17854686.61
SME1013,2021,BalanceSheet,Total Liabilities,35330435.73
SME1013,2021,BalanceSheet,Share Capital,8819270.54
SME1013,2021,BalanceSheet,Retained Earnings,13228905.81
SME1013,2021,BalanceSheet,Total Equity,22048176.35
SME1014,2023,IncomeStatement,Revenue,187857833.08
SME1014,2023,IncomeStatement,Cost of Goods Sold,131673190.36
SME1014,2023,IncomeStatement,Gross Profit,56184642.72
SME1014,2023,IncomeStatement,Operating Expenses,19379663.93
SME1014,2023,IncomeStatement,EBITDA,36804978.79
SME1014,2023,IncomeStatement,Depreciation,16904938.35
SME1014,2023,IncomeStatement,EBIT,19900040.44
SME1014,2023,IncomeStatement,Interest Expense,20240048.32
SME1014,2023,IncomeStatement,Profit Before Tax,-340007.88
SME1014,2023,IncomeStatement,Tax,0.0
SME1014,2023,IncomeStatement,Net Profit,-340007.88
SME1014,2023,BalanceSheet,Cash & Cash Equivalents,12775671.55
SME1014,2023,BalanceSheet,Accounts Receivable,39363383.0
SME1014,2023,BalanceSheet,Inventory,41300641.6
SME1014,2023,BalanceSheet,Other Current Assets,4671984.81
SME1014,2023,BalanceSheet,Net Fixed Assets,188513708.3
SME1014,2023,BalanceSheet,Total Assets,281953404.46
SME1014,2023,BalanceSheet,Short Term Loan,77794262.32
SME1014,2023,BalanceSheet,Accounts Payable,43911755.25
SME1014,2023,BalanceSheet,Other Current Liabilities,9343969.62
SME1014,2023,BalanceSheet,Long Term Loan,114344857.23
SME1014,2023,BalanceSheet,Total Liabilities,192139119.55
SME1014,2023,BalanceSheet,Share Capital,35925713.97
SME1014,2023,BalanceSheet,Retained Earnings,53888570.95
SME1014,2023,BalanceSheet,Total Equity,89814284.91
SME1014,2022,IncomeStatement,Revenue,131233662.62
SME1014,2022,IncomeStatement,Cost of Goods Sold,86898489.34
SME1014,2022,IncomeStatement,Gross Profit,44335173.27
SME1014,2022,IncomeStatement,Operating Expenses,18884703.44
SME1014,2022,IncomeStatement,EBITDA,25450469.84
SME1014,2022,IncomeStatement,Depreciation,16838754.07
SME1014,2022,IncomeStatement,EBIT,8611715.77
SME1014,2022,IncomeStatement,Interest Expense,13995898.28
SME1014,2022,IncomeStatement,Profit Before Tax,-5384182.51
SME1014,2022,IncomeStatement,Tax,0.0
SME1014,2022,IncomeStatement,Net Profit,-5384182.51
SME1014,2022,BalanceSheet,Cash & Cash Equivalents,21674369.28
SME1014,2022,BalanceSheet,Accounts Receivable,48113374.74
SME1014,2022,BalanceSheet,Inventory,54665606.27
SME1014,2022,BalanceSheet,Other Current Assets,6222667.51
SME1014,2022,BalanceSheet,Net Fixed Assets,157500054.18
SME1014,2022,BalanceSheet,Total Assets,281953404.46
SME1014,2022,BalanceSheet,Short Term Loan,103615026.34
SME1014,2022,BalanceSheet,Accounts Payable,53665728.58
SME1014,2022,BalanceSheet,Other Current Liabilities,12445335.03
SME1014,2022,BalanceSheet,Long Term Loan,88524093.21
SME1014,2022,BalanceSheet,Total Liabilities,192139119.55
SME1014,2022,BalanceSheet,Share Capital,35925713.97
SME1014,2022,BalanceSheet,Retained Earnings,53888570.95
SME1014,2022,BalanceSheet,Total Equity,89814284.91
SME1014,2021,IncomeStatement,Revenue,134156569.53
SME1014,2021,IncomeStatement,Cost of Goods Sold,95605964.42
SME1014,2021,IncomeStatement,Gross Profit,38550605.11
SME1014,2021,IncomeStatement,Operating Expenses,17502330.84
SME1014,2021,IncomeStatement,EBITDA,21048274.27
SME1014,2021,IncomeStatement,Depreciation,15600302.78
SME1014,2021,IncomeStatement,EBIT,5447971.49
SME1014,2021,IncomeStatement,Interest Expense,11575012.47
SME1014,2021,IncomeStatement,Profit Before Tax,-6127040.98
SME1014,2021,IncomeStatement,Tax,0.0
SME1014,2021,IncomeStatement,Net Profit,-6127040.98
SME1014,2021,BalanceSheet,Cash & Cash Equivalents,14146735.53
SME1014,2021,BalanceSheet,Accounts Receivable,55261950.95
SME1014,2021,BalanceSheet,Inventory,42526742.15
SME1014,2021,BalanceSheet,Other Current Assets,5596771.43
SME1014,2021,BalanceSheet,Net Fixed Assets,170017975.83
SME1014,2021,BalanceSheet,Total Assets,281953404.46
SME1014,2021,BalanceSheet,Short Term Loan,93193090.9
SME1014,2021,BalanceSheet,Accounts Payable,45176193.15
SME1014,2021,BalanceSheet,Other Current Liabilities,11193542.86
SME1014,2021,BalanceSheet,Long Term Loan,98946028.65
SME1014,2021,BalanceSheet,Total Liabilities,192139119.55
SME1014,2021,BalanceSheet,Share Capital,35925713.97
SME1014,2021,BalanceSheet,Retained Earnings,53888570.95
SME1014,2021,BalanceSheet,Total Equity,89814284.91
SME1015,2023,IncomeStatement,Revenue,27704670.38
SME1015,2023,IncomeStatement,Cost of Goods Sold,20728187.44
SME1015,2023,IncomeStatement,Gross Profit,6976482.93
SME1015,2023,IncomeStatement,Operating Expenses,2923777.47
SME1015,2023,IncomeStatement,EBITDA,4052705.47
SME1015,2023,IncomeStatement,Depreciation,3161779.12
SME1015,2023,IncomeStatement,EBIT,890926.34
SME1015,2023,IncomeStatement,Interest Expense,2225202.45
SME1015,2023,IncomeStatement,Profit Before Tax,-1334276.11
SME1015,2023,IncomeStatement,Tax,0.0
SME1015,2023,IncomeStatement,Net Profit,-1334276.11
SME1015,2023,BalanceSheet,Cash & Cash Equivalents,3507759.76
SME1015,2023,BalanceSheet,Accounts Receivable,8369932.07
SME1015,2023,BalanceSheet,Inventory,6401615.57
SME1015,2023,BalanceSheet,Other Current Assets,913965.37
SME1015,2023,BalanceSheet,Net Fixed Assets,14148537.76
SME1015,2023,BalanceSheet,Total Assets,32427845.17
SME1015,2023,BalanceSheet,Short Term Loan,12475899.82
SME1015,2023,BalanceSheet,Accounts Payable,7329191.27
SME1015,2023,BalanceSheet,Other Current Liabilities,1827930.74
SME1015,2023,BalanceSheet,Long Term Loan,9098057.35
SME1015,2023,BalanceSheet,Total Liabilities,21573957.17
SME1015,2023,BalanceSheet,Share Capital,4341555.2
SME1015,2023,BalanceSheet,Retained Earnings,6512332.8
SME1015,2023,BalanceSheet,Total Equity,10853888.0
SME1015,2022,IncomeStatement,Revenue,27130920.48
SME1015,2022,IncomeStatement,Cost of Goods Sold,18508192.84
SME1015,2022,IncomeStatement,Gross Profit,8622727.64
SME1015,2022,IncomeStatement,Operating Expenses,4134094.52
SME1015,2022,IncomeStatement,EBITDA,4488633.13
SME1015,2022,IncomeStatement,Depreciation,2827149.44
SME1015,2022,IncomeStatement,EBIT,1661483.69
SME1015,2022,IncomeStatement,Interest Expense,2464555.47
SME1015,2022,IncomeStatement,Profit Before Tax,-803071.78
SME1015,2022,IncomeStatement,Tax,0.0
SME1015,2022,IncomeStatement,Net Profit,-803071.78
SME1015,2022,BalanceSheet,Cash & Cash Equivalents,2172708.59
SME1015,2022,BalanceSheet,Accounts Receivable,6055822.79
SME1015,2022,BalanceSheet,Inventory,7416114.52
SME1015,2022,BalanceSheet,Other Current Assets,782232.3
SME1015,2022,BalanceSheet,Net Fixed Assets,16783199.27
SME1015,2022,BalanceSheet,Total Assets,32427845.17
SME1015,2022,BalanceSheet,Short Term Loan,10677704.06
SME1015,2022,BalanceSheet,Accounts Payable,6688591.25
SME1015,2022,BalanceSheet,Other Current Liabilities,1564464.59
SME1015,2022,BalanceSheet,Long Term Loan,10896253.11
SME1015,2022,BalanceSheet,Total Liabilities,21573957.17
SME1015,2022,BalanceSheet,Share Capital,4341555.2
SME1015,2022,BalanceSheet,Retained Earnings,6512332.8
SME1015,2022,BalanceSheet,Total Equity,10853888.0
SME1015,2021,IncomeStatement,Revenue,24026312.96
SME1015,2021,IncomeStatement,Cost of Goods Sold,16294524.65
SME1015,2021,IncomeStatement,Gross Profit,7731788.32
SME1015,2021,IncomeStatement,Operating Expenses,3288713.74
SME1015,2021,IncomeStatement,EBITDA,4443074.57
SME1015,2021,IncomeStatement,Depreciation,2066622.43
SME1015,2021,IncomeStatement,EBIT,2376452.14
SME1015,2021,IncomeStatement,Interest Expense,2439540.83
SME1015,2021,IncomeStatement,Profit Before Tax,-63088.68
SME1015,2021,IncomeStatement,Tax,0.0
SME1015,2021,IncomeStatement,Net Profit,-63088.68
SME1015,2021,BalanceSheet,Cash & Cash Equivalents,1876262.08
SME1015,2021,BalanceSheet,Accounts Receivable,5132066.57
SME1015,2021,BalanceSheet,Inventory,6125314.7
SME1015,2021,BalanceSheet,Other Current Assets,656682.17
SME1015,2021,BalanceSheet,Net Fixed Assets,19294201.83
SME1015,2021,BalanceSheet,Total Assets,32427845.17
SME1015,2021,BalanceSheet,Short Term Loan,8963907.38
SME1015,2021,BalanceSheet,Accounts Payable,4779883.29
SME1015,2021,BalanceSheet,Other Current Liabilities,1313364.33
SME1015,2021,BalanceSheet,Long Term Loan,12610049.79
SME1015,2021,BalanceSheet,Total Liabilities,21573957.17
SME1015,2021,BalanceSheet,Share Capital,4341555.2
SME1015,2021,BalanceSheet,Retained Earnings,6512332.8
SME1015,2021,BalanceSheet,Total Equity,10853888.0
SME1016,2023,IncomeStatement,Revenue,418561525.27
SME1016,2023,IncomeStatement,Cost of Goods Sold,276727727.24
SME1016,2023,IncomeStatement,Gross Profit,141833798.03
SME1016,2023,IncomeStatement,Operating Expenses,57942259.19
SME1016,2023,IncomeStatement,EBITDA,83891538.84
SME1016,2023,IncomeStatement,Depreciation,7947330.28
SME1016,2023,IncomeStatement,EBIT,75944208.56
SME1016,2023,IncomeStatement,Interest Expense,49162328.75
SME1016,2023,IncomeStatement,Profit Before Tax,26781879.8
SME1016,2023,IncomeStatement,Tax,6695469.95
SME1016,2023,IncomeStatement,Net Profit,20086409.85
SME1016,2023,BalanceSheet,Cash & Cash Equivalents,6706243.43
SME1016,2023,BalanceSheet,Accounts Receivable,19981381.07
SME1016,2023,BalanceSheet,Inventory,14449540.19
SME1016,2023,BalanceSheet,Other Current Assets,2056858.23
SME1016,2023,BalanceSheet,Net Fixed Assets,71131162.99
SME1016,2023,BalanceSheet,Total Assets,112268327.68
SME1016,2023,BalanceSheet,Short Term Loan,29044083.09
SME1016,2023,BalanceSheet,Accounts Payable,17146623.62
SME1016,2023,BalanceSheet,Other Current Liabilities,4113716.47
SME1016,2023,BalanceSheet,Long Term Loan,36760771.2
SME1016,2023,BalanceSheet,Total Liabilities,65804854.29
SME1016,2023,BalanceSheet,Share Capital,18585389.36
SME1016,2023,BalanceSheet,Retained Earnings,27878084.04
SME1016,2023,BalanceSheet,Total Equity,46463473.39
SME1016,2022,IncomeStatement,Revenue,556196570.79
SME1016,2022,IncomeStatement,Cost of Goods Sold,405194655.24
SME1016,2022,IncomeStatement,Gross Profit,151001915.55
SME1016,2022,IncomeStatement,Operating Expenses,68421824.17
SME1016,2022,IncomeStatement,EBITDA,82580091.38
SME1016,2022,IncomeStatement,Depreciation,7748653.48
SME1016,2022,IncomeStatement,EBIT,74831437.89
SME1016,2022,IncomeStatement,Interest Expense,48393791.04
SME1016,2022,IncomeStatement,Profit Before Tax,26437646.85
SME1016,2022,IncomeStatement,Tax,6609411.71
SME1016,2022,IncomeStatement,Net Profit,19828235.14
SME1016,2022,BalanceSheet,Cash & Cash Equivalents,5712070.43
SME1016,2022,BalanceSheet,Accounts Receivable,17313065.95
SME1016,2022,BalanceSheet,Inventory,14366376.97
SME1016,2022,BalanceSheet,Other Current Assets,1869575.67
SME1016,2022,BalanceSheet,Net Fixed Assets,74876814.33
SME1016,2022,BalanceSheet,Total Assets,112268327.68
SME1016,2022,BalanceSheet,Short Term Loan,26399539.9
SME1016,2022,BalanceSheet,Accounts Payable,17599796.09
SME1016,2022,BalanceSheet,Other Current Liabilities,3739151.34
SME1016,2022,BalanceSheet,Long Term Loan,39405314.39
SME1016,2022,BalanceSheet,Total Liabilities,65804854.29
SME1016,2022,BalanceSheet,Share Capital,18585389.36
SME1016,2022,BalanceSheet,Retained Earnings,27878084.04
SME1016,2022,BalanceSheet,Total Equity,46463473.39
SME1016,2021,IncomeStatement,Revenue,534878647.97
SME1016,2021,IncomeStatement,Cost of Goods Sold,354546019.35
SME1016,2021,IncomeStatement,Gross Profit,180332628.62
SME1016,2021,IncomeStatement,Operating Expenses,81060081.69
SME1016,2021,IncomeStatement,EBITDA,99272546.93
SME1016,2021,IncomeStatement,Depreciation,8679084.44
SME1016,2021,IncomeStatement,EBIT,90593462.49
SME1016,2021,IncomeStatement,Interest Expense,58175945.47
SME1016,2021,IncomeStatement,Profit Before Tax,32417517.02
SME1016,2021,IncomeStatement,Tax,8104379.26
SME1016,2021,IncomeStatement,Net Profit,24313137.77
SME1016,2021,BalanceSheet,Cash & Cash Equivalents,6457974.68
SME1016,2021,BalanceSheet,Accounts Receivable,18581523.14
SME1016,2021,BalanceSheet,Inventory,23487220.37
SME1016,2021,BalanceSheet,Other Current Assets,2426335.91
SME1016,2021,BalanceSheet,Net Fixed Assets,63741609.5
SME1016,2021,BalanceSheet,Total Assets,112268327.68
SME1016,2021,BalanceSheet,Short Term Loan,34261331.46
SME1016,2021,BalanceSheet,Accounts Payable,18787953.37
SME1016,2021,BalanceSheet,Other Current Liabilities,4852671.82
SME1016,2021,BalanceSheet,Long Term Loan,31543522.83
SME1016,2021,BalanceSheet,Total Liabilities,65804854.29
SME1016,2021,BalanceSheet,Share Capital,18585389.36
SME1016,2021,BalanceSheet,Retained Earnings,27878084.04
SME1016,2021,BalanceSheet,Total Equity,46463473.39
SME1017,2023,IncomeStatement,Revenue,143298598.0
SME1017,2023,IncomeStatement,Cost of Goods Sold,88722491.46
SME1017,2023,IncomeStatement,Gross Profit,54576106.54
SME1017,2023,IncomeStatement,Operating Expenses,23164904.4
SME1017,2023,IncomeStatement,EBITDA,31411202.14
SME1017,2023,IncomeStatement,Depreciation,14808872.52
SME1017,2023,IncomeStatement,EBIT,16602329.62
SME1017,2023,IncomeStatement,Interest Expense,17974246.71
SME1017,2023,IncomeStatement,Profit Before Tax,-1371917.09
SME1017,2023,IncomeStatement,Tax,0.0
SME1017,2023,IncomeStatement,Net Profit,-1371917.09
SME1017,2023,BalanceSheet,Cash & Cash Equivalents,24626019.81
SME1017,2023,BalanceSheet,Accounts Receivable,47218000.9
SME1017,2023,BalanceSheet,Inventory,61515560.05
SME1017,2023,BalanceSheet,Other Current Assets,6667979.04
SME1017,2023,BalanceSheet,Net Fixed Assets,155040736.34
SME1017,2023,BalanceSheet,Total Assets,288400317.09
SME1017,2023,BalanceSheet,Short Term Loan,65836696.51
SME1017,2023,BalanceSheet,Accounts Payable,57151238.94
SME1017,2023,BalanceSheet,Other Current Liabilities,13335958.08
SME1017,2023,BalanceSheet,Long Term Loan,71665683.3
SME1017,2023,BalanceSheet,Total Liabilities,137502379.81
SME1017,2023,BalanceSheet,Share Capital,60359174.92
SME1017,2023,BalanceSheet,Retained Earnings,90538762.37
SME1017,2023,BalanceSheet,Total Equity,150897937.29
SME1017,2022,IncomeStatement,Revenue,120421908.34
SME1017,2022,IncomeStatement,Cost of Goods Sold,80592936.16
SME1017,2022,IncomeStatement,Gross Profit,39828972.18
SME1017,2022,IncomeStatement,Operating Expenses,12349248.71
SME1017,2022,IncomeStatement,EBITDA,27479723.47
SME1017,2022,IncomeStatement,Depreciation,19886699.59
SME1017,2022,IncomeStatement,EBIT,7593023.89
SME1017,2022,IncomeStatement,Interest Expense,15724559.89
SME1017,2022,IncomeStatement,Profit Before Tax,-8131536.0
SME1017,2022,IncomeStatement,Tax,0.0
SME1017,2022,IncomeStatement,Net Profit,-8131536.0
SME1017,2022,BalanceSheet,Cash & Cash Equivalents,18360284.32
SME1017,2022,BalanceSheet,Accounts Receivable,57188066.49
SME1017,2022,BalanceSheet,Inventory,47652815.72
SME1017,2022,BalanceSheet,Other Current Assets,6160058.33
SME1017,2022,BalanceSheet,Net Fixed Assets,165199150.56
SME1017,2022,BalanceSheet,Total Assets,288400317.09
SME1017,2022,BalanceSheet,Short Term Loan,60821710.48
SME1017,2022,BalanceSheet,Accounts Payable,46302108.36
SME1017,2022,BalanceSheet,Other Current Liabilities,12320116.65
SME1017,2022,BalanceSheet,Long Term Loan,76680669.33
SME1017,2022,BalanceSheet,Total Liabilities,137502379.81
SME1017,2022,BalanceSheet,Share Capital,60359174.92
SME1017,2022,BalanceSheet,Retained Earnings,90538762.37
SME1017,2022,BalanceSheet,Total Equity,150897937.29
SME1017,2021,IncomeStatement,Revenue,138785268.48
SME1017,2021,IncomeStatement,Cost of Goods Sold,100589986.38
SME1017,2021,IncomeStatement,Gross Profit,38195282.1
SME1017,2021,IncomeStatement,Operating Expenses,13385701.09
SME1017,2021,IncomeStatement,EBITDA,24809581.01
SME1017,2021,IncomeStatement,Depreciation,15601105.03
SME1017,2021,IncomeStatement,EBIT,9208475.98
SME1017,2021,IncomeStatement,Interest Expense,14196640.03
SME1017,2021,IncomeStatement,Profit Before Tax,-4988164.06
SME1017,2021,IncomeStatement,Tax,0.0
SME1017,2021,IncomeStatement,Net Profit,-4988164.06
SME1017,2021,BalanceSheet,Cash & Cash Equivalents,20350945.49
SME1017,2021,BalanceSheet,Accounts Receivable,56243605.54
SME1017,2021,BalanceSheet,Inventory,35895770.57
SME1017,2021,BalanceSheet,Other Current Assets,5624516.08
SME1017,2021,BalanceSheet,Net Fixed Assets,175909995.5
SME1017,2021,BalanceSheet,Total Assets,288400317.09
SME1017,2021,BalanceSheet,Short Term Loan,55534001.54
SME1017,2021,BalanceSheet,Accounts Payable,41620526.8
SME1017,2021,BalanceSheet,Other Current Liabilities,11249032.16
SME1017,2021,BalanceSheet,Long Term Loan,81968378.26
SME1017,2021,BalanceSheet,Total Liabilities,137502379.81
SME1017,2021,BalanceSheet,Share Capital,60359174.92
SME1017,2021,BalanceSheet,Retained Earnings,90538762.37
SME1017,2021,BalanceSheet,Total Equity,150897937.29
SME1018,2023,IncomeStatement,Revenue,132904620.21
SME1018,2023,IncomeStatement,Cost of Goods Sold,80149061.9
SME1018,2023,IncomeStatement,Gross Profit,52755558.32
SME1018,2023,IncomeStatement,Operating Expenses,17434470.64
SME1018,2023,IncomeStatement,EBITDA,35321087.67
SME1018,2023,IncomeStatement,Depreciation,6783592.8
SME1018,2023,IncomeStatement,EBIT,28537494.88
SME1018,2023,IncomeStatement,Interest Expense,14478620.31
SME1018,2023,IncomeStatement,Profit Before Tax,14058874.57
SME1018,2023,IncomeStatement,Tax,3514718.64
SME1018,2023,IncomeStatement,Net Profit,10544155.92
SME1018,2023,BalanceSheet,Cash & Cash Equivalents,13317105.46
SME1018,2023,BalanceSheet,Accounts Receivable,27608404.1
SME1018,2023,BalanceSheet,Inventory,31216606.5
SME1018,2023,BalanceSheet,Other Current Assets,3607105.8
SME1018,2023,BalanceSheet,Net Fixed Assets,48324345.63
SME1018,2023,BalanceSheet,Total Assets,120466461.7
SME1018,2023,BalanceSheet,Short Term Loan,36915817.37
SME1018,2023,BalanceSheet,Accounts Payable,31734811.45
SME1018,2023,BalanceSheet,Other Current Liabilities,7214211.61
SME1018,2023,BalanceSheet,Long Term Loan,32228941.03
SME1018,2023,BalanceSheet,Total Liabilities,69144758.4
SME1018,2023,BalanceSheet,Share Capital,20528681.32
SME1018,2023,BalanceSheet,Retained Earnings,30793021.98
SME1018,2023,BalanceSheet,Total Equity,51321703.3
SME1018,2022,IncomeStatement,Revenue,166821758.81
SME1018,2022,IncomeStatement,Cost of Goods Sold,104291687.29
SME1018,2022,IncomeStatement,Gross Profit,62530071.52
SME1018,2022,IncomeStatement,Operating Expenses,26353267.3
SME1018,2022,IncomeStatement,EBITDA,36176804.22
SME1018,2022,IncomeStatement,Depreciation,10528320.93
SME1018,2022,IncomeStatement,EBIT,25648483.29
SME1018,2022,IncomeStatement,Interest Expense,14829390.8
SME1018,2022,IncomeStatement,Profit Before Tax,10819092.5
SME1018,2022,IncomeStatement,Tax,2704773.12
SME1018,2022,IncomeStatement,Net Profit,8114319.37
SME1018,2022,BalanceSheet,Cash & Cash Equivalents,12737399.13
SME1018,2022,BalanceSheet,Accounts Receivable,28270215.77
SME1018,2022,BalanceSheet,Inventory,16137628.65
SME1018,2022,BalanceSheet,Other Current Assets,2857262.18
SME1018,2022,BalanceSheet,Net Fixed Assets,63321218.14
SME1018,2022,BalanceSheet,Total Assets,120466461.7
SME1018,2022,BalanceSheet,Short Term Loan,29241772.9
SME1018,2022,BalanceSheet,Accounts Payable,18379038.94
SME1018,2022,BalanceSheet,Other Current Liabilities,5714524.36
SME1018,2022,BalanceSheet,Long Term Loan,39902985.5
SME1018,2022,BalanceSheet,Total Liabilities,69144758.4
SME1018,2022,BalanceSheet,Share Capital,20528681.32
SME1018,2022,BalanceSheet,Retained Earnings,30793021.98
SME1018,2022,BalanceSheet,Total Equity,51321703.3
SME1018,2021,IncomeStatement,Revenue,130878362.01
SME1018,2021,IncomeStatement,Cost of Goods Sold,84651285.18
SME1018,2021,IncomeStatement,Gross Profit,46227076.83
SME1018,2021,IncomeStatement,Operating Expenses,20130480.06
SME1018,2021,IncomeStatement,EBITDA,26096596.77
SME1018,2021,IncomeStatement,Depreciation,11794707.66
SME1018,2021,IncomeStatement,EBIT,14301889.11
SME1018,2021,IncomeStatement,Interest Expense,10697369.22
SME1018,2021,IncomeStatement,Profit Before Tax,3604519.89
SME1018,2021,IncomeStatement,Tax,901129.97
SME1018,2021,IncomeStatement,Net Profit,2703389.92
SME1018,2021,BalanceSheet,Cash & Cash Equivalents,13423637.91
SME1018,2021,BalanceSheet,Accounts Receivable,23407691.28
SME1018,2021,BalanceSheet,Inventory,27938248.83
SME1018,2021,BalanceSheet,Other Current Assets,3238478.9
SME1018,2021,BalanceSheet,Net Fixed Assets,55696883.68
SME1018,2021,BalanceSheet,Total Assets,120466461.7
SME1018,2021,BalanceSheet,Short Term Loan,33143218.47
SME1018,2021,BalanceSheet,Accounts Payable,28377034.26
SME1018,2021,BalanceSheet,Other Current Liabilities,6476957.8
SME1018,2021,BalanceSheet,Long Term Loan,36001539.93
SME1018,2021,BalanceSheet,Total Liabilities,69144758.4
SME1018,2021,BalanceSheet,Share Capital,20528681.32
SME1018,2021,BalanceSheet,Retained Earnings,30793021.98
SME1018,2021,BalanceSheet,Total Equity,51321703.3
SME1019,2023,IncomeStatement,Revenue,122884173.05
SME1019,2023,IncomeStatement,Cost of Goods Sold,91865338.76
SME1019,2023,IncomeStatement,Gross Profit,31018834.29
SME1019,2023,IncomeStatement,Operating Expenses,14160937.51
SME1019,2023,IncomeStatement,EBITDA,16857896.78
SME1019,2023,IncomeStatement,Depreciation,1937055.13
SME1019,2023,IncomeStatement,EBIT,14920841.65
SME1019,2023,IncomeStatement,Interest Expense,8343453.28
SME1019,2023,IncomeStatement,Profit Before Tax,6577388.37
SME1019,2023,IncomeStatement,Tax,1644347.09
SME1019,2023,IncomeStatement,Net Profit,4933041.28
SME1019,2023,BalanceSheet,Cash & Cash Equivalents,2676146.69
SME1019,2023,BalanceSheet,Accounts Receivable,7325580.93
SME1019,2023,BalanceSheet,Inventory,7198746.89
SME1019,2023,BalanceSheet,Other Current Assets,860023.73
SME1019,2023,BalanceSheet,Net Fixed Assets,11556201.73
SME1019,2023,BalanceSheet,Total Assets,28756676.24
SME1019,2023,BalanceSheet,Short Term Loan,8389275.34
SME1019,2023,BalanceSheet,Accounts Payable,6334009.98
SME1019,2023,BalanceSheet,Other Current Liabilities,1720047.45
SME1019,2023,BalanceSheet,Long Term Loan,8884137.81
SME1019,2023,BalanceSheet,Total Liabilities,17273413.15
SME1019,2023,BalanceSheet,Share Capital,4593305.24
SME1019,2023,BalanceSheet,Retained Earnings,6889957.85
SME1019,2023,BalanceSheet,Total Equity,11483263.09
SME1019,2022,IncomeStatement,Revenue,166689048.43
SME1019,2022,IncomeStatement,Cost of Goods Sold,120574462.79
SME1019,2022,IncomeStatement,Gross Profit,46114585.64
SME1019,2022,IncomeStatement,Operating Expenses,14807751.95
SME1019,2022,IncomeStatement,EBITDA,31306833.69
SME1019,2022,IncomeStatement,Depreciation,2819286.66
SME1019,2022,IncomeStatement,EBIT,28487547.03
SME1019,2022,IncomeStatement,Interest Expense,15494643.71
SME1019,2022,IncomeStatement,Profit Before Tax,12992903.31
SME1019,2022,IncomeStatement,Tax,3248225.83
SME1019,2022,IncomeStatement,Net Profit,9744677.49
SME1019,2022,BalanceSheet,Cash & Cash Equivalents,4187378.88
SME1019,2022,BalanceSheet,Accounts Receivable,8514472.09
SME1019,2022,BalanceSheet,Inventory,5966294.67
SME1019,2022,BalanceSheet,Other Current Assets,933407.28
SME1019,2022,BalanceSheet,Net Fixed Assets,10088530.59
SME1019,2022,BalanceSheet,Total Assets,28756676.24
SME1019,2022,BalanceSheet,Short Term Loan,9105110.08
SME1019,2022,BalanceSheet,Accounts Payable,7226391.18
SME1019,2022,BalanceSheet,Other Current Liabilities,1866814.56
SME1019,2022,BalanceSheet,Long Term Loan,8168303.06
SME1019,2022,BalanceSheet,Total Liabilities,17273413.15
SME1019,2022,BalanceSheet,Share Capital,4593305.24
SME1019,2022,BalanceSheet,Retained Earnings,6889957.85
SME1019,2022,BalanceSheet,Total Equity,11483263.09
SME1019,2021,IncomeStatement,Revenue,145763261.74
SME1019,2021,IncomeStatement,Cost of Goods Sold,108567547.07
SME1019,2021,IncomeStatement,Gross Profit,37195714.67
SME1019,2021,IncomeStatement,Operating Expenses,13167895.95
SME1019,2021,IncomeStatement,EBITDA,24027818.72
SME1019,2021,IncomeStatement,Depreciation,2599889.98
SME1019,2021,IncomeStatement,EBIT,21427928.74
SME1019,2021,IncomeStatement,Interest Expense,11892051.87
SME1019,2021,IncomeStatement,Profit Before Tax,9535876.87
SME1019,2021,IncomeStatement,Tax,2383969.22
SME1019,2021,IncomeStatement,Net Profit,7151907.65
SME1019,2021,BalanceSheet,Cash & Cash Equivalents,3101676.03
SME1019,2021,BalanceSheet,Accounts Receivable,7466981.89
SME1019,2021,BalanceSheet,Inventory,7409506.17
SME1019,2021,BalanceSheet,Other Current Assets,898908.2
SME1019,2021,BalanceSheet,Net Fixed Assets,10778512.15
SME1019,2021,BalanceSheet,Total Assets,28756676.24
SME1019,2021,BalanceSheet,Short Term Loan,8768581.85
SME1019,2021,BalanceSheet,Accounts Payable,8021951.07
SME1019,2021,BalanceSheet,Other Current Liabilities,1797816.41
SME1019,2021,BalanceSheet,Long Term Loan,8504831.3
SME1019,2021,BalanceSheet,Total Liabilities,17273413.15
SME1019,2021,BalanceSheet,Share Capital,4593305.24
SME1019,2021,BalanceSheet,Retained Earnings,6889957.85
SME1019,2021,BalanceSheet,Total Equity,11483263.09
SME1020,2023,IncomeStatement,Revenue,51044990.94
SME1020,2023,IncomeStatement,Cost of Goods Sold,34185150.49
SME1020,2023,IncomeStatement,Gross Profit,16859840.46
SME1020,2023,IncomeStatement,Operating Expenses,7115971.17
SME1020,2023,IncomeStatement,EBITDA,9743869.29
SME1020,2023,IncomeStatement,Depreciation,5974759.67
SME1020,2023,IncomeStatement,EBIT,3769109.62
SME1020,2023,IncomeStatement,Interest Expense,5146043.64
SME1020,2023,IncomeStatement,Profit Before Tax,-1376934.02
SME1020,2023,IncomeStatement,Tax,0.0
SME1020,2023,IncomeStatement,Net Profit,-1376934.02
SME1020,2023,BalanceSheet,Cash & Cash Equivalents,6200391.74
SME1020,2023,BalanceSheet,Accounts Receivable,10276000.7
SME1020,2023,BalanceSheet,Inventory,10760965.05
SME1020,2023,BalanceSheet,Other Current Assets,1361867.87
SME1020,2023,BalanceSheet,Net Fixed Assets,59416826.91
SME1020,2023,BalanceSheet,Total Assets,86654184.4
SME1020,2023,BalanceSheet,Short Term Loan,23293125.18
SME1020,2023,BalanceSheet,Accounts Payable,9326724.08
SME1020,2023,BalanceSheet,Other Current Liabilities,2723735.75
SME1020,2023,BalanceSheet,Long Term Loan,34115868.77
SME1020,2023,BalanceSheet,Total Liabilities,57408993.96
SME1020,2023,BalanceSheet,Share Capital,11698076.18
SME1020,2023,BalanceSheet,Retained Earnings,17547114.27
SME1020,2023,BalanceSheet,Total Equity,29245190.45
SME1020,2022,IncomeStatement,Revenue,63075370.12
SME1020,2022,IncomeStatement,Cost of Goods Sold,41065271.84
SME1020,2022,IncomeStatement,Gross Profit,22010098.27
SME1020,2022,IncomeStatement,Operating Expenses,10478215.33
SME1020,2022,IncomeStatement,EBITDA,11531882.94
SME1020,2022,IncomeStatement,Depreciation,7370734.52
SME1020,2022,IncomeStatement,EBIT,4161148.42
SME1020,2022,IncomeStatement,Interest Expense,6090349.84
SME1020,2022,IncomeStatement,Profit Before Tax,-1929201.43
SME1020,2022,IncomeStatement,Tax,0.0
SME1020,2022,IncomeStatement,Net Profit,-1929201.43
SME1020,2022,BalanceSheet,Cash & Cash Equivalents,3102656.27
SME1020,2022,BalanceSheet,Accounts Receivable,15042517.89
SME1020,2022,BalanceSheet,Inventory,12416042.88
SME1020,2022,BalanceSheet,Other Current Assets,1528060.85
SME1020,2022,BalanceSheet,Net Fixed Assets,56092967.37
SME1020,2022,BalanceSheet,Total Assets,86654184.4
SME1020,2022,BalanceSheet,Short Term Loan,26135657.78
SME1020,2022,BalanceSheet,Accounts Payable,9691652.37
SME1020,2022,BalanceSheet,Other Current Liabilities,3056121.7
SME1020,2022,BalanceSheet,Long Term Loan,31273336.17
SME1020,2022,BalanceSheet,Total Liabilities,57408993.96
SME1020,2022,BalanceSheet,Share Capital,11698076.18
SME1020,2022,BalanceSheet,Retained Earnings,17547114.27
SME1020,2022,BalanceSheet,Total Equity,29245190.45
SME1020,2021,IncomeStatement,Revenue,56050102.07
SME1020,2021,IncomeStatement,Cost of Goods Sold,37737786.97
SME1020,2021,IncomeStatement,Gross Profit,18312315.1
SME1020,2021,IncomeStatement,Operating Expenses,8270444.54
SME1020,2021,IncomeStatement,EBITDA,10041870.56
SME1020,2021,IncomeStatement,Depreciation,7324918.67
SME1020,2021,IncomeStatement,EBIT,2716951.89
SME1020,2021,IncomeStatement,Interest Expense,5303427.48
SME1020,2021,IncomeStatement,Profit Before Tax,-2586475.58
SME1020,2021,IncomeStatement,Tax,0.0
SME1020,2021,IncomeStatement,Net Profit,-2586475.58
SME1020,2021,BalanceSheet,Cash & Cash Equivalents,6167778.96
SME1020,2021,BalanceSheet,Accounts Receivable,16658590.74
SME1020,2021,BalanceSheet,Inventory,12697563.47
SME1020,2021,BalanceSheet,Other Current Assets,1776196.66
SME1020,2021,BalanceSheet,Net Fixed Assets,51130251.23
SME1020,2021,BalanceSheet,Total Assets,86654184.4
SME1020,2021,BalanceSheet,Short Term Loan,30379724.72
SME1020,2021,BalanceSheet,Accounts Payable,11318304.15
SME1020,2021,BalanceSheet,Other Current Liabilities,3552393.32
SME1020,2021,BalanceSheet,Long Term Loan,27029269.24
SME1020,2021,BalanceSheet,Total Liabilities,57408993.96
SME1020,2021,BalanceSheet,Share Capital,11698076.18
SME1020,2021,BalanceSheet,Retained Earnings,17547114.27
SME1020,2021,BalanceSheet,Total Equity,29245190.45
SME1021,2023,IncomeStatement,Revenue,352796562.08
SME1021,2023,IncomeStatement,Cost of Goods Sold,234195379.59
SME1021,2023,IncomeStatement,Gross Profit,118601182.49
SME1021,2023,IncomeStatement,Operating Expenses,53274119.72
SME1021,2023,IncomeStatement,EBITDA,65327062.77
SME1021,2023,IncomeStatement,Depreciation,33862519.29
SME1021,2023,IncomeStatement,EBIT,31464543.48
SME1021,2023,IncomeStatement,Interest Expense,29561218.48
SME1021,2023,IncomeStatement,Profit Before Tax,1903325.01
SME1021,2023,IncomeStatement,Tax,475831.25
SME1021,2023,IncomeStatement,Net Profit,1427493.76
SME1021,2023,BalanceSheet,Cash & Cash Equivalents,31886311.53
SME1021,2023,BalanceSheet,Accounts Receivable,87904453.57
SME1021,2023,BalanceSheet,Inventory,106936243.6
SME1021,2023,BalanceSheet,Other Current Assets,11336350.43
SME1021,2023,BalanceSheet,Net Fixed Assets,282181027.59
SME1021,2023,BalanceSheet,Total Assets,508908036.28
SME1021,2023,BalanceSheet,Short Term Loan,100498568.93
SME1021,2023,BalanceSheet,Accounts Payable,73489292.18
SME1021,2023,BalanceSheet,Other Current Liabilities,22672700.87
SME1021,2023,BalanceSheet,Long Term Loan,85413311.43
SME1021,2023,BalanceSheet,Total Liabilities,185911880.36
SME1021,2023,BalanceSheet,Share Capital,129198462.37
SME1021,2023,BalanceSheet,Retained Earnings,193797693.55
SME1021,2023,BalanceSheet,Total Equity,322996155.92
SME1021,2022,IncomeStatement,Revenue,292599295.65
SME1021,2022,IncomeStatement,Cost of Goods Sold,180806822.35
SME1021,2022,IncomeStatement,Gross Profit,111792473.3
SME1021,2022,IncomeStatement,Operating Expenses,45518853.6
SME1021,2022,IncomeStatement,EBITDA,66273619.7
SME1021,2022,IncomeStatement,Depreciation,44839622.69
SME1021,2022,IncomeStatement,EBIT,21433997.01
SME1021,2022,IncomeStatement,Interest Expense,29989545.96
SME1021,2022,IncomeStatement,Profit Before Tax,-8555548.94
SME1021,2022,IncomeStatement,Tax,0.0
SME1021,2022,IncomeStatement,Net Profit,-8555548.94
SME1021,2022,BalanceSheet,Cash & Cash Equivalents,24279455.31
SME1021,2022,BalanceSheet,Accounts Receivable,77467911.38
SME1021,2022,BalanceSheet,Inventory,81552328.6
SME1021,2022,BalanceSheet,Other Current Assets,9164984.76
SME1021,2022,BalanceSheet,Net Fixed Assets,325608340.99
SME1021,2022,BalanceSheet,Total Assets,508908036.28
SME1021,2022,BalanceSheet,Short Term Loan,81249063.22
SME1021,2022,BalanceSheet,Accounts Payable,81553150.57
SME1021,2022,BalanceSheet,Other Current Liabilities,18329969.53
SME1021,2022,BalanceSheet,Long Term Loan,104662817.15
SME1021,2022,BalanceSheet,Total Liabilities,185911880.36
SME1021,2022,BalanceSheet,Share Capital,129198462.37
SME1021,2022,BalanceSheet,Retained Earnings,193797693.55
SME1021,2022,BalanceSheet,Total Equity,322996155.92
SME1021,2021,IncomeStatement,Revenue,342951331.03
SME1021,2021,IncomeStatement,Cost of Goods Sold,232759535.5
SME1021,2021,IncomeStatement,Gross Profit,110191795.53
SME1021,2021,IncomeStatement,Operating Expenses,39294365.71
SME1021,2021,IncomeStatement,EBITDA,70897429.82
SME1021,2021,IncomeStatement,Depreciation,28003329.03
SME1021,2021,IncomeStatement,EBIT,42894100.79
SME1021,2021,IncomeStatement,Interest Expense,32081871.18
SME1021,2021,IncomeStatement,Profit Before Tax,10812229.61
SME1021,2021,IncomeStatement,Tax,2703057.4
SME1021,2021,IncomeStatement,Net Profit,8109172.21
SME1021,2021,BalanceSheet,Cash & Cash Equivalents,24685502.6
SME1021,2021,BalanceSheet,Accounts Receivable,69372166.36
SME1021,2021,BalanceSheet,Inventory,89994278.27
SME1021,2021,BalanceSheet,Other Current Assets,9202597.36
SME1021,2021,BalanceSheet,Net Fixed Assets,324856089.04
SME1021,2021,BalanceSheet,Total Assets,508908036.28
SME1021,2021,BalanceSheet,Short Term Loan,81582504.94
SME1021,2021,BalanceSheet,Accounts Payable,55736391.08
SME1021,2021,BalanceSheet,Other Current Liabilities,18405194.72
SME1021,2021,BalanceSheet,Long Term Loan,104329375.43
SME1021,2021,BalanceSheet,Total Liabilities,185911880.36
SME1021,2021,BalanceSheet,Share Capital,129198462.37
SME1021,2021,BalanceSheet,Retained Earnings,193797693.55
SME1021,2021,BalanceSheet,Total Equity,322996155.92
SME1022,2023,IncomeStatement,Revenue,80800673.63
SME1022,2023,IncomeStatement,Cost of Goods Sold,59006241.64
SME1022,2023,IncomeStatement,Gross Profit,21794431.99
SME1022,2023,IncomeStatement,Operating Expenses,8678014.06
SME1022,2023,IncomeStatement,EBITDA,13116417.93
SME1022,2023,IncomeStatement,Depreciation,3248046.93
SME1022,2023,IncomeStatement,EBIT,9868371.0
SME1022,2023,IncomeStatement,Interest Expense,7591944.64
SME1022,2023,IncomeStatement,Profit Before Tax,2276426.36
SME1022,2023,IncomeStatement,Tax,569106.59
SME1022,2023,IncomeStatement,Net Profit,1707319.77
SME1022,2023,BalanceSheet,Cash & Cash Equivalents,3210866.54
SME1022,2023,BalanceSheet,Accounts Receivable,7839621.27
SME1022,2023,BalanceSheet,Inventory,7791570.6
SME1022,2023,BalanceSheet,Other Current Assets,942102.92
SME1022,2023,BalanceSheet,Net Fixed Assets,15845961.0
SME1022,2023,BalanceSheet,Total Assets,34688019.41
SME1022,2023,BalanceSheet,Short Term Loan,12213790.8
SME1022,2023,BalanceSheet,Accounts Payable,6347375.73
SME1022,2023,BalanceSheet,Other Current Liabilities,1884205.84
SME1022,2023,BalanceSheet,Long Term Loan,11510929.64
SME1022,2023,BalanceSheet,Total Liabilities,23724720.44
SME1022,2023,BalanceSheet,Share Capital,4385319.59
SME1022,2023,BalanceSheet,Retained Earnings,6577979.38
SME1022,2023,BalanceSheet,Total Equity,10963298.97
SME1022,2022,IncomeStatement,Revenue,80325008.46
SME1022,2022,IncomeStatement,Cost of Goods Sold,59533646.28
SME1022,2022,IncomeStatement,Gross Profit,20791362.18
SME1022,2022,IncomeStatement,Operating Expenses,8223936.76
SME1022,2022,IncomeStatement,EBITDA,12567425.41
SME1022,2022,IncomeStatement,Depreciation,3160279.14
SME1022,2022,IncomeStatement,EBIT,9407146.27
SME1022,2022,IncomeStatement,Interest Expense,7274181.0
SME1022,2022,IncomeStatement,Profit Before Tax,2132965.27
SME1022,2022,IncomeStatement,Tax,533241.32
SME1022,2022,IncomeStatement,Net Profit,1599723.95
SME1022,2022,BalanceSheet,Cash & Cash Equivalents,1952587.23
SME1022,2022,BalanceSheet,Accounts Receivable,7809778.73
SME1022,2022,BalanceSheet,Inventory,7810727.02
SME1022,2022,BalanceSheet,Other Current Assets,878654.65
SME1022,2022,BalanceSheet,Net Fixed Assets,17114926.44
SME1022,2022,BalanceSheet,Total Assets,34688019.41
SME1022,2022,BalanceSheet,Short Term Loan,11391222.58
SME1022,2022,BalanceSheet,Accounts Payable,5460343.34
SME1022,2022,BalanceSheet,Other Current Liabilities,1757309.3
SME1022,2022,BalanceSheet,Long Term Loan,12333497.85
SME1022,2022,BalanceSheet,Total Liabilities,23724720.44
SME1022,2022,BalanceSheet,Share Capital,4385319.59
SME1022,2022,BalanceSheet,Retained Earnings,6577979.38
SME1022,2022,BalanceSheet,Total Equity,10963298.97
SME1022,2021,IncomeStatement,Revenue,85352092.91
SME1022,2021,IncomeStatement,Cost of Goods Sold,58417186.38
SME1022,2021,IncomeStatement,Gross Profit,26934906.53
SME1022,2021,IncomeStatement,Operating Expenses,9717228.18
SME1022,2021,IncomeStatement,EBITDA,17217678.35
SME1022,2021,IncomeStatement,Depreciation,3458253.53
SME1022,2021,IncomeStatement,EBIT,13759424.82
SME1022,2021,IncomeStatement,Interest Expense,9965804.81
SME1022,2021,IncomeStatement,Profit Before Tax,3793620.0
SME1022,2021,IncomeStatement,Tax,948405.0
SME1022,2021,IncomeStatement,Net Profit,2845215.0
SME1022,2021,BalanceSheet,Cash & Cash Equivalents,3328831.53
SME1022,2021,BalanceSheet,Accounts Receivable,6837770.76
SME1022,2021,BalanceSheet,Inventory,5340387.7
SME1022,2021,BalanceSheet,Other Current Assets,775349.5
SME1022,2021,BalanceSheet,Net Fixed Assets,19181029.43
SME1022,2021,BalanceSheet,Total Assets,34688019.41
SME1022,2021,BalanceSheet,Short Term Loan,10051934.22
SME1022,2021,BalanceSheet,Accounts Payable,7104499.02
SME1022,2021,BalanceSheet,Other Current Liabilities,1550699.0
SME1022,2021,BalanceSheet,Long Term Loan,13672786.22
SME1022,2021,BalanceSheet,Total Liabilities,23724720.44
SME1022,2021,BalanceSheet,Share Capital,4385319.59
SME1022,2021,BalanceSheet,Retained Earnings,6577979.38
SME1022,2021,BalanceSheet,Total Equity,10963298.97
SME1023,2023,IncomeStatement,Revenue,91722332.17
SME1023,2023,IncomeStatement,Cost of Goods Sold,59234927.53
SME1023,2023,IncomeStatement,Gross Profit,32487404.64
SME1023,2023,IncomeStatement,Operating Expenses,13781334.57
SME1023,2023,IncomeStatement,EBITDA,18706070.07
SME1023,2023,IncomeStatement,Depreciation,6884978.3
SME1023,2023,IncomeStatement,EBIT,11821091.77
SME1023,2023,IncomeStatement,Interest Expense,8020782.99
SME1023,2023,IncomeStatement,Profit Before Tax,3800308.78
SME1023,2023,IncomeStatement,Tax,950077.2
SME1023,2023,IncomeStatement,Net Profit,2850231.59
SME1023,2023,BalanceSheet,Cash & Cash Equivalents,9706903.37
SME1023,2023,BalanceSheet,Accounts Receivable,15280355.21
SME1023,2023,BalanceSheet,Inventory,15100964.35
SME1023,2023,BalanceSheet,Other Current Assets,2004411.15
SME1023,2023,BalanceSheet,Net Fixed Assets,45459069.32
SME1023,2023,BalanceSheet,Total Assets,85547292.24
SME1023,2023,BalanceSheet,Short Term Loan,24403549.25
SME1023,2023,BalanceSheet,Accounts Payable,13718391.89
SME1023,2023,BalanceSheet,Other Current Liabilities,4008822.29
SME1023,2023,BalanceSheet,Long Term Loan,20127023.53
SME1023,2023,BalanceSheet,Total Liabilities,44530572.78
SME1023,2023,BalanceSheet,Share Capital,16406687.79
SME1023,2023,BalanceSheet,Retained Earnings,24610031.68
SME1023,2023,BalanceSheet,Total Equity,41016719.46
SME1023,2022,IncomeStatement,Revenue,70984836.49
SME1023,2022,IncomeStatement,Cost of Goods Sold,44263202.71
SME1023,2022,IncomeStatement,Gross Profit,26721633.78
SME1023,2022,IncomeStatement,Operating Expenses,8945406.53
SME1023,2022,IncomeStatement,EBITDA,17776227.25
SME1023,2022,IncomeStatement,Depreciation,4598444.43
SME1023,2022,IncomeStatement,EBIT,13177782.83
SME1023,2022,IncomeStatement,Interest Expense,7622085.27
SME1023,2022,IncomeStatement,Profit Before Tax,5555697.56
SME1023,2022,IncomeStatement,Tax,1388924.39
SME1023,2022,IncomeStatement,Net Profit,4166773.17
SME1023,2022,BalanceSheet,Cash & Cash Equivalents,4909908.38
SME1023,2022,BalanceSheet,Accounts Receivable,12864655.05
SME1023,2022,BalanceSheet,Inventory,11525105.98
SME1023,2022,BalanceSheet,Other Current Assets,1464983.47
SME1023,2022,BalanceSheet,Net Fixed Assets,56247622.83
SME1023,2022,BalanceSheet,Total Assets,85547292.24
SME1023,2022,BalanceSheet,Short Term Loan,17836059.4
SME1023,2022,BalanceSheet,Accounts Payable,10496661.0
SME1023,2022,BalanceSheet,Other Current Liabilities,2929966.94
SME1023,2022,BalanceSheet,Long Term Loan,26694513.38
SME1023,2022,BalanceSheet,Total Liabilities,44530572.78
SME1023,2022,BalanceSheet,Share Capital,16406687.79
SME1023,2022,BalanceSheet,Retained Earnings,24610031.68
SME1023,2022,BalanceSheet,Total Equity,41016719.46
SME1023,2021,IncomeStatement,Revenue,60399088.89
SME1023,2021,IncomeStatement,Cost of Goods Sold,42644376.53
SME1023,2021,IncomeStatement,Gross Profit,17754712.35
SME1023,2021,IncomeStatement,Operating Expenses,7822682.08
SME1023,2021,IncomeStatement,EBITDA,9932030.27
SME1023,2021,IncomeStatement,Depreciation,6219422.14
SME1023,2021,IncomeStatement,EBIT,3712608.13
SME1023,2021,IncomeStatement,Interest Expense,4258652.89
SME1023,2021,IncomeStatement,Profit Before Tax,-546044.76
SME1023,2021,IncomeStatement,Tax,0.0
SME1023,2021,IncomeStatement,Net Profit,-546044.76
SME1023,2021,BalanceSheet,Cash & Cash Equivalents,9380545.93
SME1023,2021,BalanceSheet,Accounts Receivable,18407272.59
SME1023,2021,BalanceSheet,Inventory,11529325.46
SME1023,2021,BalanceSheet,Other Current Assets,1965857.2
SME1023,2021,BalanceSheet,Net Fixed Assets,46230148.26
SME1023,2021,BalanceSheet,Total Assets,85547292.24
SME1023,2021,BalanceSheet,Short Term Loan,23934157.95
SME1023,2021,BalanceSheet,Accounts Payable,16710242.33
SME1023,2021,BalanceSheet,Other Current Liabilities,3931714.4
SME1023,2021,BalanceSheet,Long Term Loan,20596414.83
SME1023,2021,BalanceSheet,Total Liabilities,44530572.78
SME1023,2021,BalanceSheet,Share Capital,16406687.79
SME1023,2021,BalanceSheet,Retained Earnings,24610031.68
SME1023,2021,BalanceSheet,Total Equity,41016719.46
SME1024,2023,IncomeStatement,Revenue,503696367.29
SME1024,2023,IncomeStatement,Cost of Goods Sold,364673487.21
SME1024,2023,IncomeStatement,Gross Profit,139022880.09
SME1024,2023,IncomeStatement,Operating Expenses,43692384.26
SME1024,2023,IncomeStatement,EBITDA,95330495.82
SME1024,2023,IncomeStatement,Depreciation,16444786.18
SME1024,2023,IncomeStatement,EBIT,78885709.64
SME1024,2023,IncomeStatement,Interest Expense,52599090.01
SME1024,2023,IncomeStatement,Profit Before Tax,26286619.63
SME1024,2023,IncomeStatement,Tax,6571654.91
SME1024,2023,IncomeStatement,Net Profit,19714964.73
SME1024,2023,BalanceSheet,Cash & Cash Equivalents,23956416.99
SME1024,2023,BalanceSheet,Accounts Receivable,49119292.01
SME1024,2023,BalanceSheet,Inventory,39743374.83
SME1024,2023,BalanceSheet,Other Current Assets,5640954.19
SME1024,2023,BalanceSheet,Net Fixed Assets,169271399.95
SME1024,2023,BalanceSheet,Total Assets,282090483.78
SME1024,2023,BalanceSheet,Short Term Loan,78583980.4
SME1024,2023,BalanceSheet,Accounts Payable,40357881.58
SME1024,2023,BalanceSheet,Other Current Liabilities,11281908.38
SME1024,2023,BalanceSheet,Long Term Loan,91687249.73
SME1024,2023,BalanceSheet,Total Liabilities,170271230.13
SME1024,2023,BalanceSheet,Share Capital,44727701.46
SME1024,2023,BalanceSheet,Retained Earnings,67091552.19
SME1024,2023,BalanceSheet,Total Equity,111819253.65
SME1024,2022,IncomeStatement,Revenue,330285360.72
SME1024,2022,IncomeStatement,Cost of Goods Sold,232290255.25
SME1024,2022,IncomeStatement,Gross Profit,97995105.48
SME1024,2022,IncomeStatement,Operating Expenses,43112626.9
SME1024,2022,IncomeStatement,EBITDA,54882478.58
SME1024,2022,IncomeStatement,Depreciation,27400524.03
SME1024,2022,IncomeStatement,EBIT,27481954.55
SME1024,2022,IncomeStatement,Interest Expense,30281689.04
SME1024,2022,IncomeStatement,Profit Before Tax,-2799734.49
SME1024,2022,IncomeStatement,Tax,0.0
SME1024,2022,IncomeStatement,Net Profit,-2799734.49
SME1024,2022,BalanceSheet,Cash & Cash Equivalents,21279625.57
SME1024,2022,BalanceSheet,Accounts Receivable,44261886.38
SME1024,2022,BalanceSheet,Inventory,56706510.29
SME1024,2022,BalanceSheet,Other Current Assets,6112401.11
SME1024,2022,BalanceSheet,Net Fixed Assets,159842461.55
SME1024,2022,BalanceSheet,Total Assets,282090483.78
SME1024,2022,BalanceSheet,Short Term Loan,85151694.7
SME1024,2022,BalanceSheet,Accounts Payable,37648987.08
SME1024,2022,BalanceSheet,Other Current Liabilities,12224802.22
SME1024,2022,BalanceSheet,Long Term Loan,85119535.43
SME1024,2022,BalanceSheet,Total Liabilities,170271230.13
SME1024,2022,BalanceSheet,Share Capital,44727701.46
SME1024,2022,BalanceSheet,Retained Earnings,67091552.19
SME1024,2022,BalanceSheet,Total Equity,111819253.65
SME1024,2021,IncomeStatement,Revenue,360184539.87
SME1024,2021,IncomeStatement,Cost of Goods Sold,233525011.6
SME1024,2021,IncomeStatement,Gross Profit,126659528.27
SME1024,2021,IncomeStatement,Operating Expenses,44340154.56
SME1024,2021,IncomeStatement,EBITDA,82319373.71
SME1024,2021,IncomeStatement,Depreciation,15392646.47
SME1024,2021,IncomeStatement,EBIT,66926727.24
SME1024,2021,IncomeStatement,Interest Expense,45420136.65
SME1024,2021,IncomeStatement,Profit Before Tax,21506590.59
SME1024,2021,IncomeStatement,Tax,5376647.65
SME1024,2021,IncomeStatement,Net Profit,16129942.94
SME1024,2021,BalanceSheet,Cash & Cash Equivalents,32638770.09
SME1024,2021,BalanceSheet,Accounts Receivable,63176710.07
SME1024,2021,BalanceSheet,Inventory,48992279.58
SME1024,2021,BalanceSheet,Other Current Assets,7240387.99
SME1024,2021,BalanceSheet,Net Fixed Assets,137282724.03
SME1024,2021,BalanceSheet,Total Assets,282090483.78
SME1024,2021,BalanceSheet,Short Term Loan,100865649.38
SME1024,2021,BalanceSheet,Accounts Payable,70978574.1
SME1024,2021,BalanceSheet,Other Current Liabilities,14480775.97
SME1024,2021,BalanceSheet,Long Term Loan,69405580.75
SME1024,2021,BalanceSheet,Total Liabilities,170271230.13
SME1024,2021,BalanceSheet,Share Capital,44727701.46
SME1024,2021,BalanceSheet,Retained Earnings,67091552.19
SME1024,2021,BalanceSheet,Total Equity,111819253.65
SME1025,2023,IncomeStatement,Revenue,568891359.51
SME1025,2023,IncomeStatement,Cost of Goods Sold,396930533.58
SME1025,2023,IncomeStatement,Gross Profit,171960825.93
SME1025,2023,IncomeStatement,Operating Expenses,83093974.42
SME1025,2023,IncomeStatement,EBITDA,88866851.5
SME1025,2023,IncomeStatement,Depreciation,12495194.56
SME1025,2023,IncomeStatement,EBIT,76371656.94
SME1025,2023,IncomeStatement,Interest Expense,45999818.15
SME1025,2023,IncomeStatement,Profit Before Tax,30371838.79
SME1025,2023,IncomeStatement,Tax,7592959.7
SME1025,2023,IncomeStatement,Net Profit,22778879.09
SME1025,2023,BalanceSheet,Cash & Cash Equivalents,12278592.77
SME1025,2023,BalanceSheet,Accounts Receivable,26653128.22
SME1025,2023,BalanceSheet,Inventory,23965200.09
SME1025,2023,BalanceSheet,Other Current Assets,3144846.05
SME1025,2023,BalanceSheet,Net Fixed Assets,148619106.68
SME1025,2023,BalanceSheet,Total Assets,211516027.76
SME1025,2023,BalanceSheet,Short Term Loan,60935685.41
SME1025,2023,BalanceSheet,Accounts Payable,20016849.61
SME1025,2023,BalanceSheet,Other Current Liabilities,6289692.11
SME1025,2023,BalanceSheet,Long Term Loan,56913282.12
SME1025,2023,BalanceSheet,Total Liabilities,117848967.53
SME1025,2023,BalanceSheet,Share Capital,37466824.09
SME1025,2023,BalanceSheet,Retained Earnings,56200236.14
SME1025,2023,BalanceSheet,Total Equity,93667060.23
SME1025,2022,IncomeStatement,Revenue,519584112.8
SME1025,2022,IncomeStatement,Cost of Goods Sold,337727729.58
SME1025,2022,IncomeStatement,Gross Profit,181856383.22
SME1025,2022,IncomeStatement,Operating Expenses,78930526.23
SME1025,2022,IncomeStatement,EBITDA,102925856.99
SME1025,2022,IncomeStatement,Depreciation,19647016.24
SME1025,2022,IncomeStatement,EBIT,83278840.75
SME1025,2022,IncomeStatement,Interest Expense,53277128.92
SME1025,2022,IncomeStatement,Profit Before Tax,30001711.83
SME1025,2022,IncomeStatement,Tax,7500427.96
SME1025,2022,IncomeStatement,Net Profit,22501283.87
SME1025,2022,BalanceSheet,Cash & Cash Equivalents,11565692.03
SME1025,2022,BalanceSheet,Accounts Receivable,22288578.88
SME1025,2022,BalanceSheet,Inventory,22826113.56
SME1025,2022,BalanceSheet,Other Current Assets,2834019.22
SME1025,2022,BalanceSheet,Net Fixed Assets,154835643.29
SME1025,2022,BalanceSheet,Total Assets,211516027.76
SME1025,2022,BalanceSheet,Short Term Loan,54912991.26
SME1025,2022,BalanceSheet,Accounts Payable,27718901.99
SME1025,2022,BalanceSheet,Other Current Liabilities,5668038.45
SME1025,2022,BalanceSheet,Long Term Loan,62935976.27
SME1025,2022,BalanceSheet,Total Liabilities,117848967.53
SME1025,2022,BalanceSheet,Share Capital,37466824.09
SME1025,2022,BalanceSheet,Retained Earnings,56200236.14
SME1025,2022,BalanceSheet,Total Equity,93667060.23
SME1025,2021,IncomeStatement,Revenue,556142503.65
SME1025,2021,IncomeStatement,Cost of Goods Sold,379575317.99
SME1025,2021,IncomeStatement,Gross Profit,176567185.66
SME1025,2021,IncomeStatement,Operating Expenses,69031621.83
SME1025,2021,IncomeStatement,EBITDA,107535563.83
SME1025,2021,IncomeStatement,Depreciation,13902072.38
SME1025,2021,IncomeStatement,EBIT,93633491.45
SME1025,2021,IncomeStatement,Interest Expense,55663234.35
SME1025,2021,IncomeStatement,Profit Before Tax,37970257.11
SME1025,2021,IncomeStatement,Tax,9492564.28
SME1025,2021,IncomeStatement,Net Profit,28477692.83
SME1025,2021,BalanceSheet,Cash & Cash Equivalents,13877600.06
SME1025,2021,BalanceSheet,Accounts Receivable,23209221.53
SME1025,2021,BalanceSheet,Inventory,19434701.44
SME1025,2021,BalanceSheet,Other Current Assets,2826076.15
SME1025,2021,BalanceSheet,Net Fixed Assets,154994504.72
SME1025,2021,BalanceSheet,Total Assets,211516027.76
SME1025,2021,BalanceSheet,Short Term Loan,54759083.4
SME1025,2021,BalanceSheet,Accounts Payable,22773609.7
SME1025,2021,BalanceSheet,Other Current Liabilities,5652152.3
SME1025,2021,BalanceSheet,Long Term Loan,63089884.13
SME1025,2021,BalanceSheet,Total Liabilities,117848967.53
SME1025,2021,BalanceSheet,Share Capital,37466824.09
SME1025,2021,BalanceSheet,Retained Earnings,56200236.14
SME1025,2021,BalanceSheet,Total Equity,93667060.23
SME1026,2023,IncomeStatement,Revenue,158572822.64
SME1026,2023,IncomeStatement,Cost of Goods Sold,113136392.5
SME1026,2023,IncomeStatement,Gross Profit,45436430.14
SME1026,2023,IncomeStatement,Operating Expenses,19314197.17
SME1026,2023,IncomeStatement,EBITDA,26122232.97
SME1026,2023,IncomeStatement,Depreciation,6088637.52
SME1026,2023,IncomeStatement,EBIT,20033595.45
SME1026,2023,IncomeStatement,Interest Expense,20587746.65
SME1026,2023,IncomeStatement,Profit Before Tax,-554151.2
SME1026,2023,IncomeStatement,Tax,0.0
SME1026,2023,IncomeStatement,Net Profit,-554151.2
SME1026,2023,BalanceSheet,Cash & Cash Equivalents,4847755.07
SME1026,2023,BalanceSheet,Accounts Receivable,13001675.21
SME1026,2023,BalanceSheet,Inventory,8730659.49
SME1026,2023,BalanceSheet,Other Current Assets,1329004.49
SME1026,2023,BalanceSheet,Net Fixed Assets,42609345.02
SME1026,2023,BalanceSheet,Total Assets,69189434.78
SME1026,2023,BalanceSheet,Short Term Loan,18579704.93
SME1026,2023,BalanceSheet,Accounts Payable,10303059.96
SME1026,2023,BalanceSheet,Other Current Liabilities,2658008.98
SME1026,2023,BalanceSheet,Long Term Loan,23578710.96
SME1026,2023,BalanceSheet,Total Liabilities,42158415.89
SME1026,2023,BalanceSheet,Share Capital,10812407.56
SME1026,2023,BalanceSheet,Retained Earnings,16218611.33
SME1026,2023,BalanceSheet,Total Equity,27031018.89
SME1026,2022,IncomeStatement,Revenue,176196193.12
SME1026,2022,IncomeStatement,Cost of Goods Sold,108926937.92
SME1026,2022,IncomeStatement,Gross Profit,67269255.2
SME1026,2022,IncomeStatement,Operating Expenses,33273348.86
SME1026,2022,IncomeStatement,EBITDA,33995906.34
SME1026,2022,IncomeStatement,Depreciation,5565846.06
SME1026,2022,IncomeStatement,EBIT,28430060.28
SME1026,2022,IncomeStatement,Interest Expense,26793234.24
SME1026,2022,IncomeStatement,Profit Before Tax,1636826.03
SME1026,2022,IncomeStatement,Tax,409206.51
SME1026,2022,IncomeStatement,Net Profit,1227619.53
SME1026,2022,BalanceSheet,Cash & Cash Equivalents,3342816.25
SME1026,2022,BalanceSheet,Accounts Receivable,11685738.53
SME1026,2022,BalanceSheet,Inventory,11982634.0
SME1026,2022,BalanceSheet,Other Current Assets,1350559.44
SME1026,2022,BalanceSheet,Net Fixed Assets,42178246.0
SME1026,2022,BalanceSheet,Total Assets,69189434.78
SME1026,2022,BalanceSheet,Short Term Loan,18881046.74
SME1026,2022,BalanceSheet,Accounts Payable,11086750.05
SME1026,2022,BalanceSheet,Other Current Liabilities,2701118.88
SME1026,2022,BalanceSheet,Long Term Loan,23277369.15
SME1026,2022,BalanceSheet,Total Liabilities,42158415.89
SME1026,2022,BalanceSheet,Share Capital,10812407.56
SME1026,2022,BalanceSheet,Retained Earnings,16218611.33
SME1026,2022,BalanceSheet,Total Equity,27031018.89
SME1026,2021,IncomeStatement,Revenue,143742665.57
SME1026,2021,IncomeStatement,Cost of Goods Sold,107640052.27
SME1026,2021,IncomeStatement,Gross Profit,36102613.31
SME1026,2021,IncomeStatement,Operating Expenses,17422614.87
SME1026,2021,IncomeStatement,EBITDA,18679998.44
SME1026,2021,IncomeStatement,Depreciation,5055837.69
SME1026,2021,IncomeStatement,EBIT,13624160.75
SME1026,2021,IncomeStatement,Interest Expense,14722289.47
SME1026,2021,IncomeStatement,Profit Before Tax,-1098128.72
SME1026,2021,IncomeStatement,Tax,0.0
SME1026,2021,IncomeStatement,Net Profit,-1098128.72
SME1026,2021,BalanceSheet,Cash & Cash Equivalents,5742304.01
SME1026,2021,BalanceSheet,Accounts Receivable,10848963.34
SME1026,2021,BalanceSheet,Inventory,8950349.54
SME1026,2021,BalanceSheet,Other Current Assets,1277080.84
SME1026,2021,BalanceSheet,Net Fixed Assets,43647817.89
SME1026,2021,BalanceSheet,Total Assets,69189434.78
SME1026,2021,BalanceSheet,Short Term Loan,17853803.71
SME1026,2021,BalanceSheet,Accounts Payable,11323126.59
SME1026,2021,BalanceSheet,Other Current Liabilities,2554161.69
SME1026,2021,BalanceSheet,Long Term Loan,24304612.18
SME1026,2021,BalanceSheet,Total Liabilities,42158415.89
SME1026,2021,BalanceSheet,Share Capital,10812407.56
SME1026,2021,BalanceSheet,Retained Earnings,16218611.33
SME1026,2021,BalanceSheet,Total Equity,27031018.89
SME1027,2023,IncomeStatement,Revenue,665044839.6
SME1027,2023,IncomeStatement,Cost of Goods Sold,437292188.56
SME1027,2023,IncomeStatement,Gross Profit,227752651.04
SME1027,2023,IncomeStatement,Operating Expenses,110317378.32
SME1027,2023,IncomeStatement,EBITDA,117435272.72
SME1027,2023,IncomeStatement,Depreciation,18817072.48
SME1027,2023,IncomeStatement,EBIT,98618200.24
SME1027,2023,IncomeStatement,Interest Expense,62947846.22
SME1027,2023,IncomeStatement,Profit Before Tax,35670354.02
SME1027,2023,IncomeStatement,Tax,8917588.51
SME1027,2023,IncomeStatement,Net Profit,26752765.52
SME1027,2023,BalanceSheet,Cash & Cash Equivalents,46908949.91
SME1027,2023,BalanceSheet,Accounts Receivable,79972041.41
SME1027,2023,BalanceSheet,Inventory,77422686.78
SME1027,2023,BalanceSheet,Other Current Assets,10215183.91
SME1027,2023,BalanceSheet,Net Fixed Assets,45219757.86
SME1027,2023,BalanceSheet,Total Assets,249523435.96
SME1027,2023,BalanceSheet,Short Term Loan,73641044.92
SME1027,2023,BalanceSheet,Accounts Payable,93571337.17
SME1027,2023,BalanceSheet,Other Current Liabilities,20430367.81
SME1027,2023,BalanceSheet,Long Term Loan,54237907.3
SME1027,2023,BalanceSheet,Total Liabilities,127878952.21
SME1027,2023,BalanceSheet,Share Capital,48657793.5
SME1027,2023,BalanceSheet,Retained Earnings,72986690.25
SME1027,2023,BalanceSheet,Total Equity,121644483.75
SME1027,2022,IncomeStatement,Revenue,595406182.01
SME1027,2022,IncomeStatement,Cost of Goods Sold,440682299.57
SME1027,2022,IncomeStatement,Gross Profit,154723882.43
SME1027,2022,IncomeStatement,Operating Expenses,62128993.62
SME1027,2022,IncomeStatement,EBITDA,92594888.81
SME1027,2022,IncomeStatement,Depreciation,22713487.99
SME1027,2022,IncomeStatement,EBIT,69881400.82
SME1027,2022,IncomeStatement,Interest Expense,49632863.16
SME1027,2022,IncomeStatement,Profit Before Tax,20248537.65
SME1027,2022,IncomeStatement,Tax,5062134.41
SME1027,2022,IncomeStatement,Net Profit,15186403.24
SME1027,2022,BalanceSheet,Cash & Cash Equivalents,23451967.94
SME1027,2022,BalanceSheet,Accounts Receivable,70953694.09
SME1027,2022,BalanceSheet,Inventory,67574037.2
SME1027,2022,BalanceSheet,Other Current Assets,8098984.96
SME1027,2022,BalanceSheet,Net Fixed Assets,87543736.73
SME1027,2022,BalanceSheet,Total Assets,249523435.96
SME1027,2022,BalanceSheet,Short Term Loan,58385411.45
SME1027,2022,BalanceSheet,Accounts Payable,80954289.67
SME1027,2022,BalanceSheet,Other Current Liabilities,16197969.92
SME1027,2022,BalanceSheet,Long Term Loan,69493540.76
SME1027,2022,BalanceSheet,Total Liabilities,127878952.21
SME1027,2022,BalanceSheet,Share Capital,48657793.5
SME1027,2022,BalanceSheet,Retained Earnings,72986690.25
SME1027,2022,BalanceSheet,Total Equity,121644483.75
SME1027,2021,IncomeStatement,Revenue,584727948.39
SME1027,2021,IncomeStatement,Cost of Goods Sold,363869953.16
SME1027,2021,IncomeStatement,Gross Profit,220857995.24
SME1027,2021,IncomeStatement,Operating Expenses,90047363.9
SME1027,2021,IncomeStatement,EBITDA,130810631.33
SME1027,2021,IncomeStatement,Depreciation,16781997.39
SME1027,2021,IncomeStatement,EBIT,114028633.95
SME1027,2021,IncomeStatement,Interest Expense,70117327.73
SME1027,2021,IncomeStatement,Profit Before Tax,43911306.21
SME1027,2021,IncomeStatement,Tax,10977826.55
SME1027,2021,IncomeStatement,Net Profit,32933479.66
SME1027,2021,BalanceSheet,Cash & Cash Equivalents,32867242.59
SME1027,2021,BalanceSheet,Accounts Receivable,75742833.15
SME1027,2021,BalanceSheet,Inventory,72462185.03
SME1027,2021,BalanceSheet,Other Current Assets,9053613.04
SME1027,2021,BalanceSheet,Net Fixed Assets,68451175.19
SME1027,2021,BalanceSheet,Total Assets,249523435.96
SME1027,2021,BalanceSheet,Short Term Loan,65267305.09
SME1027,2021,BalanceSheet,Accounts Payable,65974668.69
SME1027,2021,BalanceSheet,Other Current Liabilities,18107226.08
SME1027,2021,BalanceSheet,Long Term Loan,62611647.13
SME1027,2021,BalanceSheet,Total Liabilities,127878952.21
SME1027,2021,BalanceSheet,Share Capital,48657793.5
SME1027,2021,BalanceSheet,Retained Earnings,72986690.25
SME1027,2021,BalanceSheet,Total Equity,121644483.75
SME1028,2023,IncomeStatement,Revenue,190195152.12
SME1028,2023,IncomeStatement,Cost of Goods Sold,135362987.71
SME1028,2023,IncomeStatement,Gross Profit,54832164.41
SME1028,2023,IncomeStatement,Operating Expenses,24183483.55
SME1028,2023,IncomeStatement,EBITDA,30648680.86
SME1028,2023,IncomeStatement,Depreciation,32956256.64
SME1028,2023,IncomeStatement,EBIT,-2307575.77
SME1028,2023,IncomeStatement,Interest Expense,17261567.53
SME1028,2023,IncomeStatement,Profit Before Tax,-19569143.3
SME1028,2023,IncomeStatement,Tax,0.0
SME1028,2023,IncomeStatement,Net Profit,-19569143.3
SME1028,2023,BalanceSheet,Cash & Cash Equivalents,26465600.95
SME1028,2023,BalanceSheet,Accounts Receivable,62746120.34
SME1028,2023,BalanceSheet,Inventory,43412483.41
SME1028,2023,BalanceSheet,Other Current Assets,6631210.24
SME1028,2023,BalanceSheet,Net Fixed Assets,231250087.73
SME1028,2023,BalanceSheet,Total Assets,363874292.43
SME1028,2023,BalanceSheet,Short Term Loan,116322994.79
SME1028,2023,BalanceSheet,Accounts Payable,65803306.53
SME1028,2023,BalanceSheet,Other Current Liabilities,13262420.47
SME1028,2023,BalanceSheet,Long Term Loan,127430474.51
SME1028,2023,BalanceSheet,Total Liabilities,243753469.29
SME1028,2023,BalanceSheet,Share Capital,48048329.25
SME1028,2023,BalanceSheet,Retained Earnings,72072493.88
SME1028,2023,BalanceSheet,Total Equity,120120823.13
SME1028,2022,IncomeStatement,Revenue,237528991.84
SME1028,2022,IncomeStatement,Cost of Goods Sold,143836379.75
SME1028,2022,IncomeStatement,Gross Profit,93692612.09
SME1028,2022,IncomeStatement,Operating Expenses,37519977.6
SME1028,2022,IncomeStatement,EBITDA,56172634.49
SME1028,2022,IncomeStatement,Depreciation,28931288.93
SME1028,2022,IncomeStatement,EBIT,27241345.56
SME1028,2022,IncomeStatement,Interest Expense,31636850.15
SME1028,2022,IncomeStatement,Profit Before Tax,-4395504.59
SME1028,2022,IncomeStatement,Tax,0.0
SME1028,2022,IncomeStatement,Net Profit,-4395504.59
SME1028,2022,BalanceSheet,Cash & Cash Equivalents,36866182.66
SME1028,2022,BalanceSheet,Accounts Receivable,66361446.47
SME1028,2022,BalanceSheet,Inventory,56277467.43
SME1028,2022,BalanceSheet,Other Current Assets,7975254.83
SME1028,2022,BalanceSheet,Net Fixed Assets,204369195.88
SME1028,2022,BalanceSheet,Total Assets,363874292.43
SME1028,2022,BalanceSheet,Short Term Loan,139899881.44
SME1028,2022,BalanceSheet,Accounts Payable,64629904.74
SME1028,2022,BalanceSheet,Other Current Liabilities,15950509.66
SME1028,2022,BalanceSheet,Long Term Loan,103853587.85
SME1028,2022,BalanceSheet,Total Liabilities,243753469.29
SME1028,2022,BalanceSheet,Share Capital,48048329.25
SME1028,2022,BalanceSheet,Retained Earnings,72072493.88
SME1028,2022,BalanceSheet,Total Equity,120120823.13
SME1028,2021,IncomeStatement,Revenue,224761954.29
SME1028,2021,IncomeStatement,Cost of Goods Sold,159213855.56
SME1028,2021,IncomeStatement,Gross Profit,65548098.73
SME1028,2021,IncomeStatement,Operating Expenses,25039093.43
SME1028,2021,IncomeStatement,EBITDA,40509005.3
SME1028,2021,IncomeStatement,Depreciation,30106619.21
SME1028,2021,IncomeStatement,EBIT,10402386.09
SME1028,2021,IncomeStatement,Interest Expense,22814976.4
SME1028,2021,IncomeStatement,Profit Before Tax,-12412590.31
SME1028,2021,IncomeStatement,Tax,0.0
SME1028,2021,IncomeStatement,Net Profit,-12412590.31
SME1028,2021,BalanceSheet,Cash & Cash Equivalents,20407333.02
SME1028,2021,BalanceSheet,Accounts Receivable,59319227.68
SME1028,2021,BalanceSheet,Inventory,40018205.88
SME1028,2021,BalanceSheet,Other Current Assets,5987238.33
SME1028,2021,BalanceSheet,Net Fixed Assets,244129525.84
SME1028,2021,BalanceSheet,Total Assets,363874292.43
SME1028,2021,BalanceSheet,Short Term Loan,105026604.24
SME1028,2021,BalanceSheet,Accounts Payable,44031617.17
SME1028,2021,BalanceSheet,Other Current Liabilities,11974476.66
SME1028,2021,BalanceSheet,Long Term Loan,138726865.06
SME1028,2021,BalanceSheet,Total Liabilities,243753469.29
SME1028,2021,BalanceSheet,Share Capital,48048329.25
SME1028,2021,BalanceSheet,Retained Earnings,72072493.88
SME1028,2021,BalanceSheet,Total Equity,120120823.13
SME1029,2023,IncomeStatement,Revenue,234403840.51
SME1029,2023,IncomeStatement,Cost of Goods Sold,151776292.9
SME1029,2023,IncomeStatement,Gross Profit,82627547.61
SME1029,2023,IncomeStatement,Operating Expenses,36665435.94
SME1029,2023,IncomeStatement,EBITDA,45962111.67
SME1029,2023,IncomeStatement,Depreciation,6024657.93
SME1029,2023,IncomeStatement,EBIT,39937453.75
SME1029,2023,IncomeStatement,Interest Expense,27237230.65
SME1029,2023,IncomeStatement,Profit Before Tax,12700223.1
SME1029,2023,IncomeStatement,Tax,3175055.77
SME1029,2023,IncomeStatement,Net Profit,9525167.32
SME1029,2023,BalanceSheet,Cash & Cash Equivalents,4635855.75
SME1029,2023,BalanceSheet,Accounts Receivable,15847890.67
SME1029,2023,BalanceSheet,Inventory,23506021.45
SME1029,2023,BalanceSheet,Other Current Assets,2199488.39
SME1029,2023,BalanceSheet,Net Fixed Assets,24495530.86
SME1029,2023,BalanceSheet,Total Assets,68485298.73
SME1029,2023,BalanceSheet,Short Term Loan,30844672.97
SME1029,2023,BalanceSheet,Accounts Payable,18749855.68
SME1029,2023,BalanceSheet,Other Current Liabilities,4398976.79
SME1029,2023,BalanceSheet,Long Term Loan,22847109.75
SME1029,2023,BalanceSheet,Total Liabilities,53691782.73
SME1029,2023,BalanceSheet,Share Capital,5917406.4
SME1029,2023,BalanceSheet,Retained Earnings,8876109.6
SME1029,2023,BalanceSheet,Total Equity,14793516.01
SME1029,2022,IncomeStatement,Revenue,279182813.94
SME1029,2022,IncomeStatement,Cost of Goods Sold,209279314.74
SME1029,2022,IncomeStatement,Gross Profit,69903499.2
SME1029,2022,IncomeStatement,Operating Expenses,31411366.18
SME1029,2022,IncomeStatement,EBITDA,38492133.01
SME1029,2022,IncomeStatement,Depreciation,4910298.23
SME1029,2022,IncomeStatement,EBIT,33581834.78
SME1029,2022,IncomeStatement,Interest Expense,22810507.76
SME1029,2022,IncomeStatement,Profit Before Tax,10771327.02
SME1029,2022,IncomeStatement,Tax,2692831.75
SME1029,2022,IncomeStatement,Net Profit,8078495.26
SME1029,2022,BalanceSheet,Cash & Cash Equivalents,6268730.28
SME1029,2022,BalanceSheet,Accounts Receivable,15454304.17
SME1029,2022,BalanceSheet,Inventory,10414053.63
SME1029,2022,BalanceSheet,Other Current Assets,1606854.4
SME1029,2022,BalanceSheet,Net Fixed Assets,36348210.66
SME1029,2022,BalanceSheet,Total Assets,68485298.73
SME1029,2022,BalanceSheet,Short Term Loan,22533830.48
SME1029,2022,BalanceSheet,Accounts Payable,12492833.76
SME1029,2022,BalanceSheet,Other Current Liabilities,3213708.81
SME1029,2022,BalanceSheet,Long Term Loan,31157952.24
SME1029,2022,BalanceSheet,Total Liabilities,53691782.73
SME1029,2022,BalanceSheet,Share Capital,5917406.4
SME1029,2022,BalanceSheet,Retained Earnings,8876109.6
SME1029,2022,BalanceSheet,Total Equity,14793516.01
SME1029,2021,IncomeStatement,Revenue,236302577.55
SME1029,2021,IncomeStatement,Cost of Goods Sold,173803761.7
SME1029,2021,IncomeStatement,Gross Profit,62498815.85
SME1029,2021,IncomeStatement,Operating Expenses,19324520.97
SME1029,2021,IncomeStatement,EBITDA,43174294.88
SME1029,2021,IncomeStatement,Depreciation,6150471.09
SME1029,2021,IncomeStatement,EBIT,37023823.79
SME1029,2021,IncomeStatement,Interest Expense,25585165.37
SME1029,2021,IncomeStatement,Profit Before Tax,11438658.42
SME1029,2021,IncomeStatement,Tax,2859664.61
SME1029,2021,IncomeStatement,Net Profit,8578993.82
SME1029,2021,BalanceSheet,Cash & Cash Equivalents,5487023.16
SME1029,2021,BalanceSheet,Accounts Receivable,13059719.24
SME1029,2021,BalanceSheet,Inventory,16575563.88
SME1029,2021,BalanceSheet,Other Current Assets,1756115.31
SME1029,2021,BalanceSheet,Net Fixed Assets,33362992.45
SME1029,2021,BalanceSheet,Total Assets,68485298.73
SME1029,2021,BalanceSheet,Short Term Loan,24627000.87
SME1029,2021,BalanceSheet,Accounts Payable,14267849.11
SME1029,2021,BalanceSheet,Other Current Liabilities,3512230.63
SME1029,2021,BalanceSheet,Long Term Loan,29064781.86
SME1029,2021,BalanceSheet,Total Liabilities,53691782.73
SME1029,2021,BalanceSheet,Share Capital,5917406.4
SME1029,2021,BalanceSheet,Retained Earnings,8876109.6
SME1029,2021,BalanceSheet,Total Equity,14793516.01
SME1030,2023,IncomeStatement,Revenue,603794099.86
SME1030,2023,IncomeStatement,Cost of Goods Sold,384088201.02
SME1030,2023,IncomeStatement,Gross Profit,219705898.83
SME1030,2023,IncomeStatement,Operating Expenses,106022553.54
SME1030,2023,IncomeStatement,EBITDA,113683345.29
SME1030,2023,IncomeStatement,Depreciation,23241513.02
SME1030,2023,IncomeStatement,EBIT,90441832.28
SME1030,2023,IncomeStatement,Interest Expense,60765949.89
SME1030,2023,IncomeStatement,Profit Before Tax,29675882.39
SME1030,2023,IncomeStatement,Tax,7418970.6
SME1030,2023,IncomeStatement,Net Profit,22256911.79
SME1030,2023,BalanceSheet,Cash & Cash Equivalents,16396034.14
SME1030,2023,BalanceSheet,Accounts Receivable,46102248.15
SME1030,2023,BalanceSheet,Inventory,56230448.43
SME1030,2023,BalanceSheet,Other Current Assets,5936436.54
SME1030,2023,BalanceSheet,Net Fixed Assets,287905032.53
SME1030,2023,BalanceSheet,Total Assets,406633763.25
SME1030,2023,BalanceSheet,Short Term Loan,113357727.07
SME1030,2023,BalanceSheet,Accounts Payable,35841768.24
SME1030,2023,BalanceSheet,Other Current Liabilities,11872873.07
SME1030,2023,BalanceSheet,Long Term Loan,116936507.46
SME1030,2023,BalanceSheet,Total Liabilities,230294234.53
SME1030,2023,BalanceSheet,Share Capital,70535811.49
SME1030,2023,BalanceSheet,Retained Earnings,105803717.23
SME1030,2023,BalanceSheet,Total Equity,176339528.71
SME1030,2022,IncomeStatement,Revenue,601612757.52
SME1030,2022,IncomeStatement,Cost of Goods Sold,442294517.47
SME1030,2022,IncomeStatement,Gross Profit,159318240.04
SME1030,2022,IncomeStatement,Operating Expenses,69386626.76
SME1030,2022,IncomeStatement,EBITDA,89931613.28
SME1030,2022,IncomeStatement,Depreciation,23543599.25
SME1030,2022,IncomeStatement,EBIT,66388014.03
SME1030,2022,IncomeStatement,Interest Expense,48070189.1
SME1030,2022,IncomeStatement,Profit Before Tax,18317824.93
SME1030,2022,IncomeStatement,Tax,4579456.23
SME1030,2022,IncomeStatement,Net Profit,13738368.7
SME1030,2022,BalanceSheet,Cash & Cash Equivalents,17884911.85
SME1030,2022,BalanceSheet,Accounts Receivable,51608834.85
SME1030,2022,BalanceSheet,Inventory,48298134.4
SME1030,2022,BalanceSheet,Other Current Assets,5889594.06
SME1030,2022,BalanceSheet,Net Fixed Assets,288841882.15
SME1030,2022,BalanceSheet,Total Assets,406633763.25
SME1030,2022,BalanceSheet,Short Term Loan,112463258.29
SME1030,2022,BalanceSheet,Accounts Payable,50389922.66
SME1030,2022,BalanceSheet,Other Current Liabilities,11779188.11
SME1030,2022,BalanceSheet,Long Term Loan,117830976.24
SME1030,2022,BalanceSheet,Total Liabilities,230294234.53
SME1030,2022,BalanceSheet,Share Capital,70535811.49
SME1030,2022,BalanceSheet,Retained Earnings,105803717.23
SME1030,2022,BalanceSheet,Total Equity,176339528.71
SME1030,2021,IncomeStatement,Revenue,504462217.63
SME1030,2021,IncomeStatement,Cost of Goods Sold,321602096.32
SME1030,2021,IncomeStatement,Gross Profit,182860121.32
SME1030,2021,IncomeStatement,Operating Expenses,85772512.06
SME1030,2021,IncomeStatement,EBITDA,97087609.26
SME1030,2021,IncomeStatement,Depreciation,24382106.06
SME1030,2021,IncomeStatement,EBIT,72705503.2
SME1030,2021,IncomeStatement,Interest Expense,51895207.55
SME1030,2021,IncomeStatement,Profit Before Tax,20810295.65
SME1030,2021,IncomeStatement,Tax,5202573.91
SME1030,2021,IncomeStatement,Net Profit,15607721.74
SME1030,2021,BalanceSheet,Cash & Cash Equivalents,19842302.54
SME1030,2021,BalanceSheet,Accounts Receivable,44357365.19
SME1030,2021,BalanceSheet,Inventory,50840704.69
SME1030,2021,BalanceSheet,Other Current Assets,5752018.62
SME1030,2021,BalanceSheet,Net Fixed Assets,291593390.83
SME1030,2021,BalanceSheet,Total Assets,406633763.25
SME1030,2021,BalanceSheet,Short Term Loan,109836221.27
SME1030,2021,BalanceSheet,Accounts Payable,47670951.63
SME1030,2021,BalanceSheet,Other Current Liabilities,11504037.24
SME1030,2021,BalanceSheet,Long Term Loan,120458013.26
SME1030,2021,BalanceSheet,Total Liabilities,230294234.53
SME1030,2021,BalanceSheet,Share Capital,70535811.49
SME1030,2021,BalanceSheet,Retained Earnings,105803717.23
SME1030,2021,BalanceSheet,Total Equity,176339528.71
SME1031,2023,IncomeStatement,Revenue,313221349.72
SME1031,2023,IncomeStatement,Cost of Goods Sold,214521967.41
SME1031,2023,IncomeStatement,Gross Profit,98699382.31
SME1031,2023,IncomeStatement,Operating Expenses,43147411.96
SME1031,2023,IncomeStatement,EBITDA,55551970.35
SME1031,2023,IncomeStatement,Depreciation,25997908.11
SME1031,2023,IncomeStatement,EBIT,29554062.25
SME1031,2023,IncomeStatement,Interest Expense,30455242.54
SME1031,2023,IncomeStatement,Profit Before Tax,-901180.29
SME1031,2023,IncomeStatement,Tax,0.0
SME1031,2023,IncomeStatement,Net Profit,-901180.29
SME1031,2023,BalanceSheet,Cash & Cash Equivalents,23510710.66
SME1031,2023,BalanceSheet,Accounts Receivable,52264660.42
SME1031,2023,BalanceSheet,Inventory,47342510.93
SME1031,2023,BalanceSheet,Other Current Assets,6155894.1
SME1031,2023,BalanceSheet,Net Fixed Assets,174908969.76
SME1031,2023,BalanceSheet,Total Assets,298026851.78
SME1031,2023,BalanceSheet,Short Term Loan,69075936.85
SME1031,2023,BalanceSheet,Accounts Payable,59198901.49
SME1031,2023,BalanceSheet,Other Current Liabilities,12311788.2
SME1031,2023,BalanceSheet,Long Term Loan,99480542.16
SME1031,2023,BalanceSheet,Total Liabilities,168556479.01
SME1031,2023,BalanceSheet,Share Capital,51788149.11
SME1031,2023,BalanceSheet,Retained Earnings,77682223.66
SME1031,2023,BalanceSheet,Total Equity,129470372.77
SME1031,2022,IncomeStatement,Revenue,313150295.29
SME1031,2022,IncomeStatement,Cost of Goods Sold,225414669.52
SME1031,2022,IncomeStatement,Gross Profit,87735625.77
SME1031,2022,IncomeStatement,Operating Expenses,36972933.23
SME1031,2022,IncomeStatement,EBITDA,50762692.54
SME1031,2022,IncomeStatement,Depreciation,20151397.85
SME1031,2022,IncomeStatement,EBIT,30611294.69
SME1031,2022,IncomeStatement,Interest Expense,27829617.98
SME1031,2022,IncomeStatement,Profit Before Tax,2781676.7
SME1031,2022,IncomeStatement,Tax,695419.18
SME1031,2022,IncomeStatement,Net Profit,2086257.53
SME1031,2022,BalanceSheet,Cash & Cash Equivalents,30596728.59
SME1031,2022,BalanceSheet,Accounts Receivable,71553867.15
SME1031,2022,BalanceSheet,Inventory,56271951.11
SME1031,2022,BalanceSheet,Other Current Assets,7921127.34
SME1031,2022,BalanceSheet,Net Fixed Assets,139604304.93
SME1031,2022,BalanceSheet,Total Assets,298026851.78
SME1031,2022,BalanceSheet,Short Term Loan,88883805.2
SME1031,2022,BalanceSheet,Accounts Payable,70369025.96
SME1031,2022,BalanceSheet,Other Current Liabilities,15842254.69
SME1031,2022,BalanceSheet,Long Term Loan,79672673.81
SME1031,2022,BalanceSheet,Total Liabilities,168556479.01
SME1031,2022,BalanceSheet,Share Capital,51788149.11
SME1031,2022,BalanceSheet,Retained Earnings,77682223.66
SME1031,2022,BalanceSheet,Total Equity,129470372.77
SME1031,2021,IncomeStatement,Revenue,333925402.77
SME1031,2021,IncomeStatement,Cost of Goods Sold,242346550.58
SME1031,2021,IncomeStatement,Gross Profit,91578852.19
SME1031,2021,IncomeStatement,Operating Expenses,38980503.7
SME1031,2021,IncomeStatement,EBITDA,52598348.49
SME1031,2021,IncomeStatement,Depreciation,28363270.68
SME1031,2021,IncomeStatement,EBIT,24235077.81
SME1031,2021,IncomeStatement,Interest Expense,28835979.18
SME1031,2021,IncomeStatement,Profit Before Tax,-4600901.37
SME1031,2021,IncomeStatement,Tax,0.0
SME1031,2021,IncomeStatement,Net Profit,-4600901.37
SME1031,2021,BalanceSheet,Cash & Cash Equivalents,23269035.93
SME1031,2021,BalanceSheet,Accounts Receivable,66166438.66
SME1031,2021,BalanceSheet,Inventory,69571267.57
SME1031,2021,BalanceSheet,Other Current Assets,7950337.11
SME1031,2021,BalanceSheet,Net Fixed Assets,139020109.62
SME1031,2021,BalanceSheet,Total Assets,298026851.78
SME1031,2021,BalanceSheet,Short Term Loan,89211571.06
SME1031,2021,BalanceSheet,Accounts Payable,66133251.17
SME1031,2021,BalanceSheet,Other Current Liabilities,15900674.22
SME1031,2021,BalanceSheet,Long Term Loan,79344907.95
SME1031,2021,BalanceSheet,Total Liabilities,168556479.01
SME1031,2021,BalanceSheet,Share Capital,51788149.11
SME1031,2021,BalanceSheet,Retained Earnings,77682223.66
SME1031,2021,BalanceSheet,Total Equity,129470372.77
SME1032,2023,IncomeStatement,Revenue,565364515.64
SME1032,2023,IncomeStatement,Cost of Goods Sold,384963010.34
SME1032,2023,IncomeStatement,Gross Profit,180401505.3
SME1032,2023,IncomeStatement,Operating Expenses,89172088.16
SME1032,2023,IncomeStatement,EBITDA,91229417.14
SME1032,2023,IncomeStatement,Depreciation,6931701.01
SME1032,2023,IncomeStatement,EBIT,84297716.13
SME1032,2023,IncomeStatement,Interest Expense,77599785.37
SME1032,2023,IncomeStatement,Profit Before Tax,6697930.76
SME1032,2023,IncomeStatement,Tax,1674482.69
SME1032,2023,IncomeStatement,Net Profit,5023448.07
SME1032,2023,BalanceSheet,Cash & Cash Equivalents,10383731.04
SME1032,2023,BalanceSheet,Accounts Receivable,17965605.64
SME1032,2023,BalanceSheet,Inventory,17888761.7
SME1032,2023,BalanceSheet,Other Current Assets,2311904.92
SME1032,2023,BalanceSheet,Net Fixed Assets,44321920.71
SME1032,2023,BalanceSheet,Total Assets,90560019.09
SME1032,2023,BalanceSheet,Short Term Loan,31921618.83
SME1032,2023,BalanceSheet,Accounts Payable,21497847.25
SME1032,2023,BalanceSheet,Other Current Liabilities,4623809.84
SME1032,2023,BalanceSheet,Long Term Loan,22860879.1
SME1032,2023,BalanceSheet,Total Liabilities,54782497.93
SME1032,2023,BalanceSheet,Share Capital,14311008.46
SME1032,2023,BalanceSheet,Retained Earnings,21466512.7
SME1032,2023,BalanceSheet,Total Equity,35777521.16
SME1032,2022,IncomeStatement,Revenue,664925193.97
SME1032,2022,IncomeStatement,Cost of Goods Sold,479393294.11
SME1032,2022,IncomeStatement,Gross Profit,185531899.86
SME1032,2022,IncomeStatement,Operating Expenses,83361684.9
SME1032,2022,IncomeStatement,EBITDA,102170214.96
SME1032,2022,IncomeStatement,Depreciation,6061703.95
SME1032,2022,IncomeStatement,EBIT,96108511.02
SME1032,2022,IncomeStatement,Interest Expense,86906033.18
SME1032,2022,IncomeStatement,Profit Before Tax,9202477.84
SME1032,2022,IncomeStatement,Tax,2300619.46
SME1032,2022,IncomeStatement,Net Profit,6901858.38
SME1032,2022,BalanceSheet,Cash & Cash Equivalents,8205285.67
SME1032,2022,BalanceSheet,Accounts Receivable,12457730.06
SME1032,2022,BalanceSheet,Inventory,12905497.15
SME1032,2022,BalanceSheet,Other Current Assets,1678425.64
SME1032,2022,BalanceSheet,Net Fixed Assets,56991506.21
SME1032,2022,BalanceSheet,Total Assets,90560019.09
SME1032,2022,BalanceSheet,Short Term Loan,23174856.02
SME1032,2022,BalanceSheet,Accounts Payable,16559348.81
SME1032,2022,BalanceSheet,Other Current Liabilities,3356851.29
SME1032,2022,BalanceSheet,Long Term Loan,31607641.9
SME1032,2022,BalanceSheet,Total Liabilities,54782497.93
SME1032,2022,BalanceSheet,Share Capital,14311008.46
SME1032,2022,BalanceSheet,Retained Earnings,21466512.7
SME1032,2022,BalanceSheet,Total Equity,35777521.16
SME1032,2021,IncomeStatement,Revenue,681406591.8
SME1032,2021,IncomeStatement,Cost of Goods Sold,482866861.31
SME1032,2021,IncomeStatement,Gross Profit,198539730.5
SME1032,2021,IncomeStatement,Operating Expenses,98473412.91
SME1032,2021,IncomeStatement,EBITDA,100066317.59
SME1032,2021,IncomeStatement,Depreciation,8907799.29
SME1032,2021,IncomeStatement,EBIT,91158518.3
SME1032,2021,IncomeStatement,Interest Expense,85116457.07
SME1032,2021,IncomeStatement,Profit Before Tax,6042061.22
SME1032,2021,IncomeStatement,Tax,1510515.31
SME1032,2021,IncomeStatement,Net Profit,4531545.92
SME1032,2021,BalanceSheet,Cash & Cash Equivalents,6893070.23
SME1032,2021,BalanceSheet,Accounts Receivable,20857406.81
SME1032,2021,BalanceSheet,Inventory,16759349.35
SME1032,2021,BalanceSheet,Other Current Assets,2225491.32
SME1032,2021,BalanceSheet,Net Fixed Assets,46050192.7
SME1032,2021,BalanceSheet,Total Assets,90560019.09
SME1032,2021,BalanceSheet,Short Term Loan,30728463.36
SME1032,2021,BalanceSheet,Accounts Payable,13476851.3
SME1032,2021,BalanceSheet,Other Current Liabilities,4450982.64
SME1032,2021,BalanceSheet,Long Term Loan,24054034.57
SME1032,2021,BalanceSheet,Total Liabilities,54782497.93
SME1032,2021,BalanceSheet,Share Capital,14311008.46
SME1032,2021,BalanceSheet,Retained Earnings,21466512.7
SME1032,2021,BalanceSheet,Total Equity,35777521.16
SME1033,2023,IncomeStatement,Revenue,403455997.64
SME1033,2023,IncomeStatement,Cost of Goods Sold,298978559.08
SME1033,2023,IncomeStatement,Gross Profit,104477438.57
SME1033,2023,IncomeStatement,Operating Expenses,33607176.22
SME1033,2023,IncomeStatement,EBITDA,70870262.35
SME1033,2023,IncomeStatement,Depreciation,9425919.84
SME1033,2023,IncomeStatement,EBIT,61444342.51
SME1033,2023,IncomeStatement,Interest Expense,40659556.91
SME1033,2023,IncomeStatement,Profit Before Tax,20784785.6
SME1033,2023,IncomeStatement,Tax,5196196.4
SME1033,2023,IncomeStatement,Net Profit,15588589.2
SME1033,2023,BalanceSheet,Cash & Cash Equivalents,14618449.89
SME1033,2023,BalanceSheet,Accounts Receivable,27285176.89
SME1033,2023,BalanceSheet,Inventory,20934878.34
SME1033,2023,BalanceSheet,Other Current Assets,3141925.26
SME1033,2023,BalanceSheet,Net Fixed Assets,89953722.38
SME1033,2023,BalanceSheet,Total Assets,152792227.49
SME1033,2023,BalanceSheet,Short Term Loan,40860669.19
SME1033,2023,BalanceSheet,Accounts Payable,30354214.15
SME1033,2023,BalanceSheet,Other Current Liabilities,6283850.51
SME1033,2023,BalanceSheet,Long Term Loan,60028643.93
SME1033,2023,BalanceSheet,Total Liabilities,100889313.12
SME1033,2023,BalanceSheet,Share Capital,20761165.75
SME1033,2023,BalanceSheet,Retained Earnings,31141748.62
SME1033,2023,BalanceSheet,Total Equity,51902914.37
SME1033,2022,IncomeStatement,Revenue,288128998.47
SME1033,2022,IncomeStatement,Cost of Goods Sold,175609598.5
SME1033,2022,IncomeStatement,Gross Profit,112519399.98
SME1033,2022,IncomeStatement,Operating Expenses,52295761.95
SME1033,2022,IncomeStatement,EBITDA,60223638.02
SME1033,2022,IncomeStatement,Depreciation,14586979.52
SME1033,2022,IncomeStatement,EBIT,45636658.5
SME1033,2022,IncomeStatement,Interest Expense,34551395.13
SME1033,2022,IncomeStatement,Profit Before Tax,11085263.37
SME1033,2022,IncomeStatement,Tax,2771315.84
SME1033,2022,IncomeStatement,Net Profit,8313947.53
SME1033,2022,BalanceSheet,Cash & Cash Equivalents,11519173.23
SME1033,2022,BalanceSheet,Accounts Receivable,26501562.5
SME1033,2022,BalanceSheet,Inventory,33418488.02
SME1033,2022,BalanceSheet,Other Current Assets,3571961.19
SME1033,2022,BalanceSheet,Net Fixed Assets,81353003.74
SME1033,2022,BalanceSheet,Total Assets,152792227.49
SME1033,2022,BalanceSheet,Short Term Loan,46453277.07
SME1033,2022,BalanceSheet,Accounts Payable,34951805.0
SME1033,2022,BalanceSheet,Other Current Liabilities,7143922.38
SME1033,2022,BalanceSheet,Long Term Loan,54436036.04
SME1033,2022,BalanceSheet,Total Liabilities,100889313.12
SME1033,2022,BalanceSheet,Share Capital,20761165.75
SME1033,2022,BalanceSheet,Retained Earnings,31141748.62
SME1033,2022,BalanceSheet,Total Equity,51902914.37
SME1033,2021,IncomeStatement,Revenue,294626532.31
SME1033,2021,IncomeStatement,Cost of Goods Sold,198546961.87
SME1033,2021,IncomeStatement,Gross Profit,96079570.44
SME1033,2021,IncomeStatement,Operating Expenses,30691504.23
SME1033,2021,IncomeStatement,EBITDA,65388066.21
SME1033,2021,IncomeStatement,Depreciation,14417927.68
SME1033,2021,IncomeStatement,EBIT,50970138.53
SME1033,2021,IncomeStatement,Interest Expense,37514321.4
SME1033,2021,IncomeStatement,Profit Before Tax,13455817.13
SME1033,2021,IncomeStatement,Tax,3363954.28
SME1033,2021,IncomeStatement,Net Profit,10091862.85
SME1033,2021,BalanceSheet,Cash & Cash Equivalents,11136740.59
SME1033,2021,BalanceSheet,Accounts Receivable,29860258.74
SME1033,2021,BalanceSheet,Inventory,25274755.07
SME1033,2021,BalanceSheet,Other Current Assets,3313587.72
SME1033,2021,BalanceSheet,Net Fixed Assets,86520473.09
SME1033,2021,BalanceSheet,Total Assets,152792227.49
SME1033,2021,BalanceSheet,Short Term Loan,43093135.78
SME1033,2021,BalanceSheet,Accounts Payable,29731366.24
SME1033,2021,BalanceSheet,Other Current Liabilities,6627175.44
SME1033,2021,BalanceSheet,Long Term Loan,57796177.33
SME1033,2021,BalanceSheet,Total Liabilities,100889313.12
SME1033,2021,BalanceSheet,Share Capital,20761165.75
SME1033,2021,BalanceSheet,Retained Earnings,31141748.62
SME1033,2021,BalanceSheet,Total Equity,51902914.37
SME1034,2023,IncomeStatement,Revenue,867770441.71
SME1034,2023,IncomeStatement,Cost of Goods Sold,584358399.29
SME1034,2023,IncomeStatement,Gross Profit,283412042.41
SME1034,2023,IncomeStatement,Operating Expenses,108156604.07
SME1034,2023,IncomeStatement,EBITDA,175255438.35
SME1034,2023,IncomeStatement,Depreciation,33162067.42
SME1034,2023,IncomeStatement,EBIT,142093370.93
SME1034,2023,IncomeStatement,Interest Expense,82577027.76
SME1034,2023,IncomeStatement,Profit Before Tax,59516343.17
SME1034,2023,IncomeStatement,Tax,14879085.79
SME1034,2023,IncomeStatement,Net Profit,44637257.38
SME1034,2023,BalanceSheet,Cash & Cash Equivalents,17984188.44
SME1034,2023,BalanceSheet,Accounts Receivable,48146118.2
SME1034,2023,BalanceSheet,Inventory,49464544.57
SME1034,2023,BalanceSheet,Other Current Assets,5779742.56
SME1034,2023,BalanceSheet,Net Fixed Assets,224263735.9
SME1034,2023,BalanceSheet,Total Assets,339858587.12
SME1034,2023,BalanceSheet,Short Term Loan,67961800.15
SME1034,2023,BalanceSheet,Accounts Payable,56654312.05
SME1034,2023,BalanceSheet,Other Current Liabilities,11559485.12
SME1034,2023,BalanceSheet,Long Term Loan,99208110.84
SME1034,2023,BalanceSheet,Total Liabilities,167169910.98
SME1034,2023,BalanceSheet,Share Capital,69075470.45
SME1034,2023,BalanceSheet,Retained Earnings,103613205.68
SME1034,2023,BalanceSheet,Total Equity,172688676.13
SME1034,2022,IncomeStatement,Revenue,1195730997.98
SME1034,2022,IncomeStatement,Cost of Goods Sold,735258809.45
SME1034,2022,IncomeStatement,Gross Profit,460472188.53
SME1034,2022,IncomeStatement,Operating Expenses,201288995.05
SME1034,2022,IncomeStatement,EBITDA,259183193.47
SME1034,2022,IncomeStatement,Depreciation,26244999.28
SME1034,2022,IncomeStatement,EBIT,232938194.2
SME1034,2022,IncomeStatement,Interest Expense,122122188.98
SME1034,2022,IncomeStatement,Profit Before Tax,110816005.21
SME1034,2022,IncomeStatement,Tax,27704001.3
SME1034,2022,IncomeStatement,Net Profit,83112003.91
SME1034,2022,BalanceSheet,Cash & Cash Equivalents,26044907.9
SME1034,2022,BalanceSheet,Accounts Receivable,69382767.52
SME1034,2022,BalanceSheet,Inventory,73913843.79
SME1034,2022,BalanceSheet,Other Current Assets,8467075.96
SME1034,2022,BalanceSheet,Net Fixed Assets,170517067.91
SME1034,2022,BalanceSheet,Total Assets,339858587.12
SME1034,2022,BalanceSheet,Short Term Loan,99561134.11
SME1034,2022,BalanceSheet,Accounts Payable,57230949.82
SME1034,2022,BalanceSheet,Other Current Liabilities,16934151.92
SME1034,2022,BalanceSheet,Long Term Loan,67608776.87
SME1034,2022,BalanceSheet,Total Liabilities,167169910.98
SME1034,2022,BalanceSheet,Share Capital,69075470.45
SME1034,2022,BalanceSheet,Retained Earnings,103613205.68
SME1034,2022,BalanceSheet,Total Equity,172688676.13
SME1034,2021,IncomeStatement,Revenue,927051824.87
SME1034,2021,IncomeStatement,Cost of Goods Sold,674156702.16
SME1034,2021,IncomeStatement,Gross Profit,252895122.71
SME1034,2021,IncomeStatement,Operating Expenses,98867697.76
SME1034,2021,IncomeStatement,EBITDA,154027424.95
SME1034,2021,IncomeStatement,Depreciation,28255311.7
SME1034,2021,IncomeStatement,EBIT,125772113.25
SME1034,2021,IncomeStatement,Interest Expense,72574791.78
SME1034,2021,IncomeStatement,Profit Before Tax,53197321.47
SME1034,2021,IncomeStatement,Tax,13299330.37
SME1034,2021,IncomeStatement,Net Profit,39897991.11
SME1034,2021,BalanceSheet,Cash & Cash Equivalents,28478683.1
SME1034,2021,BalanceSheet,Accounts Receivable,53060470.65
SME1034,2021,BalanceSheet,Inventory,68687140.41
SME1034,2021,BalanceSheet,Other Current Assets,7511314.71
SME1034,2021,BalanceSheet,Net Fixed Assets,189632292.96
SME1034,2021,BalanceSheet,Total Assets,339858587.12
SME1034,2021,BalanceSheet,Short Term Loan,88322700.13
SME1034,2021,BalanceSheet,Accounts Payable,68707335.36
SME1034,2021,BalanceSheet,Other Current Liabilities,15022629.42
SME1034,2021,BalanceSheet,Long Term Loan,78847210.86
SME1034,2021,BalanceSheet,Total Liabilities,167169910.98
SME1034,2021,BalanceSheet,Share Capital,69075470.45
SME1034,2021,BalanceSheet,Retained Earnings,103613205.68
SME1034,2021,BalanceSheet,Total Equity,172688676.13
SME1035,2023,IncomeStatement,Revenue,155538293.42
SME1035,2023,IncomeStatement,Cost of Goods Sold,98361281.76
SME1035,2023,IncomeStatement,Gross Profit,57177011.66
SME1035,2023,IncomeStatement,Operating Expenses,27098420.61
SME1035,2023,IncomeStatement,EBITDA,30078591.05
SME1035,2023,IncomeStatement,Depreciation,4251353.97
SME1035,2023,IncomeStatement,EBIT,25827237.08
SME1035,2023,IncomeStatement,Interest Expense,15491068.42
SME1035,2023,IncomeStatement,Profit Before Tax,10336168.66
SME1035,2023,IncomeStatement,Tax,2584042.16
SME1035,2023,IncomeStatement,Net Profit,7752126.49
SME1035,2023,BalanceSheet,Cash & Cash Equivalents,4346662.81
SME1035,2023,BalanceSheet,Accounts Receivable,6479424.0
SME1035,2023,BalanceSheet,Inventory,7664083.27
SME1035,2023,BalanceSheet,Other Current Assets,924508.5
SME1035,2023,BalanceSheet,Net Fixed Assets,45509278.96
SME1035,2023,BalanceSheet,Total Assets,63999449.03
SME1035,2023,BalanceSheet,Short Term Loan,17528086.33
SME1035,2023,BalanceSheet,Accounts Payable,8721466.08
SME1035,2023,BalanceSheet,Other Current Liabilities,1849017.01
SME1035,2023,BalanceSheet,Long Term Loan,23281329.55
SME1035,2023,BalanceSheet,Total Liabilities,40809415.88
SME1035,2023,BalanceSheet,Share Capital,9276013.26
SME1035,2023,BalanceSheet,Retained Earnings,13914019.89
SME1035,2023,BalanceSheet,Total Equity,23190033.15
SME1035,2022,IncomeStatement,Revenue,152953436.67
SME1035,2022,IncomeStatement,Cost of Goods Sold,94754473.49
SME1035,2022,IncomeStatement,Gross Profit,58198963.18
SME1035,2022,IncomeStatement,Operating Expenses,20377251.83
SME1035,2022,IncomeStatement,EBITDA,37821711.35
SME1035,2022,IncomeStatement,Depreciation,3758358.43
SME1035,2022,IncomeStatement,EBIT,34063352.92
SME1035,2022,IncomeStatement,Interest Expense,19478928.3
SME1035,2022,IncomeStatement,Profit Before Tax,14584424.63
SME1035,2022,IncomeStatement,Tax,3646106.16
SME1035,2022,IncomeStatement,Net Profit,10938318.47
SME1035,2022,BalanceSheet,Cash & Cash Equivalents,2379735.78
SME1035,2022,BalanceSheet,Accounts Receivable,8070050.07
SME1035,2022,BalanceSheet,Inventory,12461584.15
SME1035,2022,BalanceSheet,Other Current Assets,1145568.5
SME1035,2022,BalanceSheet,Net Fixed Assets,41088079.04
SME1035,2022,BalanceSheet,Total Assets,63999449.03
SME1035,2022,BalanceSheet,Short Term Loan,21719241.6
SME1035,2022,BalanceSheet,Accounts Payable,10493337.18
SME1035,2022,BalanceSheet,Other Current Liabilities,2291137.0
SME1035,2022,BalanceSheet,Long Term Loan,19090174.28
SME1035,2022,BalanceSheet,Total Liabilities,40809415.88
SME1035,2022,BalanceSheet,Share Capital,9276013.26
SME1035,2022,BalanceSheet,Retained Earnings,13914019.89
SME1035,2022,BalanceSheet,Total Equity,23190033.15
SME1035,2021,IncomeStatement,Revenue,159220766.1
SME1035,2021,IncomeStatement,Cost of Goods Sold,103265130.69
SME1035,2021,IncomeStatement,Gross Profit,55955635.41
SME1035,2021,IncomeStatement,Operating Expenses,18736702.01
SME1035,2021,IncomeStatement,EBITDA,37218933.4
SME1035,2021,IncomeStatement,Depreciation,3367647.87
SME1035,2021,IncomeStatement,EBIT,33851285.54
SME1035,2021,IncomeStatement,Interest Expense,19168485.75
SME1035,2021,IncomeStatement,Profit Before Tax,14682799.79
SME1035,2021,IncomeStatement,Tax,3670699.95
SME1035,2021,IncomeStatement,Net Profit,11012099.84
SME1035,2021,BalanceSheet,Cash & Cash Equivalents,4223388.68
SME1035,2021,BalanceSheet,Accounts Receivable,10902355.03
SME1035,2021,BalanceSheet,Inventory,8480102.25
SME1035,2021,BalanceSheet,Other Current Assets,1180292.3
SME1035,2021,BalanceSheet,Net Fixed Assets,40393603.07
SME1035,2021,BalanceSheet,Total Assets,63999449.03
SME1035,2021,BalanceSheet,Short Term Loan,22377582.48
SME1035,2021,BalanceSheet,Accounts Payable,9330191.57
SME1035,2021,BalanceSheet,Other Current Liabilities,2360584.6
SME1035,2021,BalanceSheet,Long Term Loan,18431833.4
SME1035,2021,BalanceSheet,Total Liabilities,40809415.88
SME1035,2021,BalanceSheet,Share Capital,9276013.26
SME1035,2021,BalanceSheet,Retained Earnings,13914019.89
SME1035,2021,BalanceSheet,Total Equity,23190033.15
SME1036,2023,IncomeStatement,Revenue,211514245.78
SME1036,2023,IncomeStatement,Cost of Goods Sold,151758097.57
SME1036,2023,IncomeStatement,Gross Profit,59756148.21
SME1036,2023,IncomeStatement,Operating Expenses,28288332.39
SME1036,2023,IncomeStatement,EBITDA,31467815.82
SME1036,2023,IncomeStatement,Depreciation,4274624.92
SME1036,2023,IncomeStatement,EBIT,27193190.9
SME1036,2023,IncomeStatement,Interest Expense,17916775.76
SME1036,2023,IncomeStatement,Profit Before Tax,9276415.14
SME1036,2023,IncomeStatement,Tax,2319103.79
SME1036,2023,IncomeStatement,Net Profit,6957311.36
SME1036,2023,BalanceSheet,Cash & Cash Equivalents,5408237.59
SME1036,2023,BalanceSheet,Accounts Receivable,7940293.17
SME1036,2023,BalanceSheet,Inventory,8761652.2
SME1036,2023,BalanceSheet,Other Current Assets,1105509.15
SME1036,2023,BalanceSheet,Net Fixed Assets,34081233.23
SME1036,2023,BalanceSheet,Total Assets,56191416.18
SME1036,2023,BalanceSheet,Short Term Loan,17661028.28
SME1036,2023,BalanceSheet,Accounts Payable,8751130.42
SME1036,2023,BalanceSheet,Other Current Liabilities,2211018.3
SME1036,2023,BalanceSheet,Long Term Loan,18263956.99
SME1036,2023,BalanceSheet,Total Liabilities,35924985.27
SME1036,2023,BalanceSheet,Share Capital,8106572.37
SME1036,2023,BalanceSheet,Retained Earnings,12159858.55
SME1036,2023,BalanceSheet,Total Equity,20266430.91
SME1036,2022,IncomeStatement,Revenue,254844517.08
SME1036,2022,IncomeStatement,Cost of Goods Sold,179133938.0
SME1036,2022,IncomeStatement,Gross Profit,75710579.07
SME1036,2022,IncomeStatement,Operating Expenses,30136881.49
SME1036,2022,IncomeStatement,EBITDA,45573697.58
SME1036,2022,IncomeStatement,Depreciation,5365439.7
SME1036,2022,IncomeStatement,EBIT,40208257.88
SME1036,2022,IncomeStatement,Interest Expense,25948217.21
SME1036,2022,IncomeStatement,Profit Before Tax,14260040.66
SME1036,2022,IncomeStatement,Tax,3565010.17
SME1036,2022,IncomeStatement,Net Profit,10695030.5
SME1036,2022,BalanceSheet,Cash & Cash Equivalents,2091137.53
SME1036,2022,BalanceSheet,Accounts Receivable,8229708.58
SME1036,2022,BalanceSheet,Inventory,8330279.2
SME1036,2022,BalanceSheet,Other Current Assets,932556.27
SME1036,2022,BalanceSheet,Net Fixed Assets,37540290.88
SME1036,2022,BalanceSheet,Total Assets,56191416.18
SME1036,2022,BalanceSheet,Short Term Loan,14898024.68
SME1036,2022,BalanceSheet,Accounts Payable,5840347.1
SME1036,2022,BalanceSheet,Other Current Liabilities,1865112.53
SME1036,2022,BalanceSheet,Long Term Loan,21026960.59
SME1036,2022,BalanceSheet,Total Liabilities,35924985.27
SME1036,2022,BalanceSheet,Share Capital,8106572.37
SME1036,2022,BalanceSheet,Retained Earnings,12159858.55
SME1036,2022,BalanceSheet,Total Equity,20266430.91
SME1036,2021,IncomeStatement,Revenue,241265691.8
SME1036,2021,IncomeStatement,Cost of Goods Sold,167670369.16
SME1036,2021,IncomeStatement,Gross Profit,73595322.64
SME1036,2021,IncomeStatement,Operating Expenses,30149890.53
SME1036,2021,IncomeStatement,EBITDA,43445432.11
SME1036,2021,IncomeStatement,Depreciation,3723202.34
SME1036,2021,IncomeStatement,EBIT,39722229.77
SME1036,2021,IncomeStatement,Interest Expense,24736450.39
SME1036,2021,IncomeStatement,Profit Before Tax,14985779.38
SME1036,2021,IncomeStatement,Tax,3746444.85
SME1036,2021,IncomeStatement,Net Profit,11239334.54
SME1036,2021,BalanceSheet,Cash & Cash Equivalents,4837403.16
SME1036,2021,BalanceSheet,Accounts Receivable,11261120.73
SME1036,2021,BalanceSheet,Inventory,10838262.99
SME1036,2021,BalanceSheet,Other Current Assets,1346839.34
SME1036,2021,BalanceSheet,Net Fixed Assets,29254629.3
SME1036,2021,BalanceSheet,Total Assets,56191416.18
SME1036,2021,BalanceSheet,Short Term Loan,21516391.6
SME1036,2021,BalanceSheet,Accounts Payable,11342686.56
SME1036,2021,BalanceSheet,Other Current Liabilities,2693678.69
SME1036,2021,BalanceSheet,Long Term Loan,14408593.67
SME1036,2021,BalanceSheet,Total Liabilities,35924985.27
SME1036,2021,BalanceSheet,Share Capital,8106572.37
SME1036,2021,BalanceSheet,Retained Earnings,12159858.55
SME1036,2021,BalanceSheet,Total Equity,20266430.91
SME1037,2023,IncomeStatement,Revenue,49584079.11
SME1037,2023,IncomeStatement,Cost of Goods Sold,31349705.57
SME1037,2023,IncomeStatement,Gross Profit,18234373.53
SME1037,2023,IncomeStatement,Operating Expenses,7117076.26
SME1037,2023,IncomeStatement,EBITDA,11117297.27
SME1037,2023,IncomeStatement,Depreciation,6740757.85
SME1037,2023,IncomeStatement,EBIT,4376539.42
SME1037,2023,IncomeStatement,Interest Expense,5001584.02
SME1037,2023,IncomeStatement,Profit Before Tax,-625044.6
SME1037,2023,IncomeStatement,Tax,0.0
SME1037,2023,IncomeStatement,Net Profit,-625044.6
SME1037,2023,BalanceSheet,Cash & Cash Equivalents,9845038.86
SME1037,2023,BalanceSheet,Accounts Receivable,24163563.26
SME1037,2023,BalanceSheet,Inventory,24584157.88
SME1037,2023,BalanceSheet,Other Current Assets,2929638.0
SME1037,2023,BalanceSheet,Net Fixed Assets,51147461.51
SME1037,2023,BalanceSheet,Total Assets,109740221.5
SME1037,2023,BalanceSheet,Short Term Loan,31656076.75
SME1037,2023,BalanceSheet,Accounts Payable,18692096.35
SME1037,2023,BalanceSheet,Other Current Liabilities,5859276.0
SME1037,2023,BalanceSheet,Long Term Loan,36016010.14
SME1037,2023,BalanceSheet,Total Liabilities,67672086.89
SME1037,2023,BalanceSheet,Share Capital,16827253.85
SME1037,2023,BalanceSheet,Retained Earnings,25240880.77
SME1037,2023,BalanceSheet,Total Equity,42068134.62
SME1037,2022,IncomeStatement,Revenue,40575788.63
SME1037,2022,IncomeStatement,Cost of Goods Sold,28393564.59
SME1037,2022,IncomeStatement,Gross Profit,12182224.04
SME1037,2022,IncomeStatement,Operating Expenses,4566631.0
SME1037,2022,IncomeStatement,EBITDA,7615593.04
SME1037,2022,IncomeStatement,Depreciation,6324542.55
SME1037,2022,IncomeStatement,EBIT,1291050.5
SME1037,2022,IncomeStatement,Interest Expense,3426195.01
SME1037,2022,IncomeStatement,Profit Before Tax,-2135144.52
SME1037,2022,IncomeStatement,Tax,0.0
SME1037,2022,IncomeStatement,Net Profit,-2135144.52
SME1037,2022,BalanceSheet,Cash & Cash Equivalents,8059757.49
SME1037,2022,BalanceSheet,Accounts Receivable,34764215.57
SME1037,2022,BalanceSheet,Inventory,30399955.03
SME1037,2022,BalanceSheet,Other Current Assets,3661196.4
SME1037,2022,BalanceSheet,Net Fixed Assets,36516293.41
SME1037,2022,BalanceSheet,Total Assets,109740221.5
SME1037,2022,BalanceSheet,Short Term Loan,39560899.46
SME1037,2022,BalanceSheet,Accounts Payable,23332513.28
SME1037,2022,BalanceSheet,Other Current Liabilities,7322392.81
SME1037,2022,BalanceSheet,Long Term Loan,28111187.42
SME1037,2022,BalanceSheet,Total Liabilities,67672086.89
SME1037,2022,BalanceSheet,Share Capital,16827253.85
SME1037,2022,BalanceSheet,Retained Earnings,25240880.77
SME1037,2022,BalanceSheet,Total Equity,42068134.62
SME1037,2021,IncomeStatement,Revenue,36690550.7
SME1037,2021,IncomeStatement,Cost of Goods Sold,26080355.23
SME1037,2021,IncomeStatement,Gross Profit,10610195.48
SME1037,2021,IncomeStatement,Operating Expenses,4905664.8
SME1037,2021,IncomeStatement,EBITDA,5704530.67
SME1037,2021,IncomeStatement,Depreciation,8539823.46
SME1037,2021,IncomeStatement,EBIT,-2835292.79
SME1037,2021,IncomeStatement,Interest Expense,2566423.18
SME1037,2021,IncomeStatement,Profit Before Tax,-5401715.97
SME1037,2021,IncomeStatement,Tax,0.0
SME1037,2021,IncomeStatement,Net Profit,-5401715.97
SME1037,2021,BalanceSheet,Cash & Cash Equivalents,11937466.66
SME1037,2021,BalanceSheet,Accounts Receivable,25881658.51
SME1037,2021,BalanceSheet,Inventory,26974615.1
SME1037,2021,BalanceSheet,Other Current Assets,3239687.01
SME1037,2021,BalanceSheet,Net Fixed Assets,44946481.23
SME1037,2021,BalanceSheet,Total Assets,109740221.5
SME1037,2021,BalanceSheet,Short Term Loan,35006297.96
SME1037,2021,BalanceSheet,Accounts Payable,21022086.51
SME1037,2021,BalanceSheet,Other Current Liabilities,6479374.03
SME1037,2021,BalanceSheet,Long Term Loan,32665788.92
SME1037,2021,BalanceSheet,Total Liabilities,67672086.89
SME1037,2021,BalanceSheet,Share Capital,16827253.85
SME1037,2021,BalanceSheet,Retained Earnings,25240880.77
SME1037,2021,BalanceSheet,Total Equity,42068134.62
SME1038,2023,IncomeStatement,Revenue,312829025.52
SME1038,2023,IncomeStatement,Cost of Goods Sold,215871270.87
SME1038,2023,IncomeStatement,Gross Profit,96957754.64
SME1038,2023,IncomeStatement,Operating Expenses,35906291.31
SME1038,2023,IncomeStatement,EBITDA,61051463.33
SME1038,2023,IncomeStatement,Depreciation,16539895.0
SME1038,2023,IncomeStatement,EBIT,44511568.33
SME1038,2023,IncomeStatement,Interest Expense,32248328.6
SME1038,2023,IncomeStatement,Profit Before Tax,12263239.74
SME1038,2023,IncomeStatement,Tax,3065809.93
SME1038,2023,IncomeStatement,Net Profit,9197429.8
SME1038,2023,BalanceSheet,Cash & Cash Equivalents,21060194.86
SME1038,2023,BalanceSheet,Accounts Receivable,40700449.18
SME1038,2023,BalanceSheet,Inventory,44330472.78
SME1038,2023,BalanceSheet,Other Current Assets,5304555.84
SME1038,2023,BalanceSheet,Net Fixed Assets,103550823.58
SME1038,2023,BalanceSheet,Total Assets,209641940.4
SME1038,2023,BalanceSheet,Short Term Loan,62610069.2
SME1038,2023,BalanceSheet,Accounts Payable,34123536.84
SME1038,2023,BalanceSheet,Other Current Liabilities,10609111.68
SME1038,2023,BalanceSheet,Long Term Loan,78866342.39
SME1038,2023,BalanceSheet,Total Liabilities,141476411.59
SME1038,2023,BalanceSheet,Share Capital,27266211.52
SME1038,2023,BalanceSheet,Retained Earnings,40899317.28
SME1038,2023,BalanceSheet,Total Equity,68165528.81
SME1038,2022,IncomeStatement,Revenue,261885780.04
SME1038,2022,IncomeStatement,Cost of Goods Sold,171570319.89
SME1038,2022,IncomeStatement,Gross Profit,90315460.15
SME1038,2022,IncomeStatement,Operating Expenses,40869653.76
SME1038,2022,IncomeStatement,EBITDA,49445806.39
SME1038,2022,IncomeStatement,Depreciation,16499868.96
SME1038,2022,IncomeStatement,EBIT,32945937.43
SME1038,2022,IncomeStatement,Interest Expense,26118040.83
SME1038,2022,IncomeStatement,Profit Before Tax,6827896.59
SME1038,2022,IncomeStatement,Tax,1706974.15
SME1038,2022,IncomeStatement,Net Profit,5120922.45
SME1038,2022,BalanceSheet,Cash & Cash Equivalents,30522310.14
SME1038,2022,BalanceSheet,Accounts Receivable,66783092.7
SME1038,2022,BalanceSheet,Inventory,37288544.55
SME1038,2022,BalanceSheet,Other Current Assets,6729697.37
SME1038,2022,BalanceSheet,Net Fixed Assets,75047993.0
SME1038,2022,BalanceSheet,Total Assets,209641940.4
SME1038,2022,BalanceSheet,Short Term Loan,79431121.23
SME1038,2022,BalanceSheet,Accounts Payable,62409244.56
SME1038,2022,BalanceSheet,Other Current Liabilities,13459394.74
SME1038,2022,BalanceSheet,Long Term Loan,62045290.37
SME1038,2022,BalanceSheet,Total Liabilities,141476411.59
SME1038,2022,BalanceSheet,Share Capital,27266211.52
SME1038,2022,BalanceSheet,Retained Earnings,40899317.28
SME1038,2022,BalanceSheet,Total Equity,68165528.81
SME1038,2021,IncomeStatement,Revenue,224325161.88
SME1038,2021,IncomeStatement,Cost of Goods Sold,156221136.22
SME1038,2021,IncomeStatement,Gross Profit,68104025.66
SME1038,2021,IncomeStatement,Operating Expenses,20788806.02
SME1038,2021,IncomeStatement,EBITDA,47315219.64
SME1038,2021,IncomeStatement,Depreciation,20220848.7
SME1038,2021,IncomeStatement,EBIT,27094370.94
SME1038,2021,IncomeStatement,Interest Expense,24992631.91
SME1038,2021,IncomeStatement,Profit Before Tax,2101739.03
SME1038,2021,IncomeStatement,Tax,525434.76
SME1038,2021,IncomeStatement,Net Profit,1576304.27
SME1038,2021,BalanceSheet,Cash & Cash Equivalents,19008325.98
SME1038,2021,BalanceSheet,Accounts Receivable,51152373.35
SME1038,2021,BalanceSheet,Inventory,65499530.62
SME1038,2021,BalanceSheet,Other Current Assets,6783011.5
SME1038,2021,BalanceSheet,Net Fixed Assets,73981710.45
SME1038,2021,BalanceSheet,Total Assets,209641940.4
SME1038,2021,BalanceSheet,Short Term Loan,80060391.86
SME1038,2021,BalanceSheet,Accounts Payable,59763724.41
SME1038,2021,BalanceSheet,Other Current Liabilities,13566022.99
SME1038,2021,BalanceSheet,Long Term Loan,61416019.73
SME1038,2021,BalanceSheet,Total Liabilities,141476411.59
SME1038,2021,BalanceSheet,Share Capital,27266211.52
SME1038,2021,BalanceSheet,Retained Earnings,40899317.28
SME1038,2021,BalanceSheet,Total Equity,68165528.81
SME1039,2023,IncomeStatement,Revenue,330667052.27
SME1039,2023,IncomeStatement,Cost of Goods Sold,205437222.41
SME1039,2023,IncomeStatement,Gross Profit,125229829.85
SME1039,2023,IncomeStatement,Operating Expenses,53427353.64
SME1039,2023,IncomeStatement,EBITDA,71802476.22
SME1039,2023,IncomeStatement,Depreciation,10457103.38
SME1039,2023,IncomeStatement,EBIT,61345372.84
SME1039,2023,IncomeStatement,Interest Expense,45841479.41
SME1039,2023,IncomeStatement,Profit Before Tax,15503893.43
SME1039,2023,IncomeStatement,Tax,3875973.36
SME1039,2023,IncomeStatement,Net Profit,11627920.07
SME1039,2023,BalanceSheet,Cash & Cash Equivalents,11278847.32
SME1039,2023,BalanceSheet,Accounts Receivable,35214961.41
SME1039,2023,BalanceSheet,Inventory,38777629.36
SME1039,2023,BalanceSheet,Other Current Assets,4263571.9
SME1039,2023,BalanceSheet,Net Fixed Assets,117649657.46
SME1039,2023,BalanceSheet,Total Assets,202921095.55
SME1039,2023,BalanceSheet,Short Term Loan,56028944.5
SME1039,2023,BalanceSheet,Accounts Payable,31395169.55
SME1039,2023,BalanceSheet,Other Current Liabilities,8527143.81
SME1039,2023,BalanceSheet,Long Term Loan,45986103.24
SME1039,2023,BalanceSheet,Total Liabilities,102015047.74
SME1039,2023,BalanceSheet,Share Capital,40362419.12
SME1039,2023,BalanceSheet,Retained Earnings,60543628.68
SME1039,2023,BalanceSheet,Total Equity,100906047.81
SME1039,2022,IncomeStatement,Revenue,317168286.66
SME1039,2022,IncomeStatement,Cost of Goods Sold,224631075.51
SME1039,2022,IncomeStatement,Gross Profit,92537211.15
SME1039,2022,IncomeStatement,Operating Expenses,42138403.7
SME1039,2022,IncomeStatement,EBITDA,50398807.45
SME1039,2022,IncomeStatement,Depreciation,15904890.09
SME1039,2022,IncomeStatement,EBIT,34493917.35
SME1039,2022,IncomeStatement,Interest Expense,32176549.0
SME1039,2022,IncomeStatement,Profit Before Tax,2317368.36
SME1039,2022,IncomeStatement,Tax,579342.09
SME1039,2022,IncomeStatement,Net Profit,1738026.27
SME1039,2022,BalanceSheet,Cash & Cash Equivalents,6985041.85
SME1039,2022,BalanceSheet,Accounts Receivable,24188153.03
SME1039,2022,BalanceSheet,Inventory,33568265.25
SME1039,2022,BalanceSheet,Other Current Assets,3237073.01
SME1039,2022,BalanceSheet,Net Fixed Assets,138179635.42
SME1039,2022,BalanceSheet,Total Assets,202921095.55
SME1039,2022,BalanceSheet,Short Term Loan,42539398.4
SME1039,2022,BalanceSheet,Accounts Payable,27422387.24
SME1039,2022,BalanceSheet,Other Current Liabilities,6474146.01
SME1039,2022,BalanceSheet,Long Term Loan,59475649.35
SME1039,2022,BalanceSheet,Total Liabilities,102015047.74
SME1039,2022,BalanceSheet,Share Capital,40362419.12
SME1039,2022,BalanceSheet,Retained Earnings,60543628.68
SME1039,2022,BalanceSheet,Total Equity,100906047.81
SME1039,2021,IncomeStatement,Revenue,328116452.3
SME1039,2021,IncomeStatement,Cost of Goods Sold,210262084.34
SME1039,2021,IncomeStatement,Gross Profit,117854367.97
SME1039,2021,IncomeStatement,Operating Expenses,50958783.65
SME1039,2021,IncomeStatement,EBITDA,66895584.32
SME1039,2021,IncomeStatement,Depreciation,15073605.04
SME1039,2021,IncomeStatement,EBIT,51821979.28
SME1039,2021,IncomeStatement,Interest Expense,42708729.74
SME1039,2021,IncomeStatement,Profit Before Tax,9113249.54
SME1039,2021,IncomeStatement,Tax,2278312.39
SME1039,2021,IncomeStatement,Net Profit,6834937.16
SME1039,2021,BalanceSheet,Cash & Cash Equivalents,10690083.13
SME1039,2021,BalanceSheet,Accounts Receivable,35127426.15
SME1039,2021,BalanceSheet,Inventory,30012113.74
SME1039,2021,BalanceSheet,Other Current Assets,3791481.15
SME1039,2021,BalanceSheet,Net Fixed Assets,127091472.53
SME1039,2021,BalanceSheet,Total Assets,202921095.55
SME1039,2021,BalanceSheet,Short Term Loan,49825050.86
SME1039,2021,BalanceSheet,Accounts Payable,24475034.65
SME1039,2021,BalanceSheet,Other Current Liabilities,7582962.3
SME1039,2021,BalanceSheet,Long Term Loan,52189996.88
SME1039,2021,BalanceSheet,Total Liabilities,102015047.74
SME1039,2021,BalanceSheet,Share Capital,40362419.12
SME1039,2021,BalanceSheet,Retained Earnings,60543628.68
SME1039,2021,BalanceSheet,Total Equity,100906047.81
SME1040,2023,IncomeStatement,Revenue,64434745.61
SME1040,2023,IncomeStatement,Cost of Goods Sold,42481151.82
SME1040,2023,IncomeStatement,Gross Profit,21953593.79
SME1040,2023,IncomeStatement,Operating Expenses,9217545.47
SME1040,2023,IncomeStatement,EBITDA,12736048.32
SME1040,2023,IncomeStatement,Depreciation,1788250.69
SME1040,2023,IncomeStatement,EBIT,10947797.63
SME1040,2023,IncomeStatement,Interest Expense,7489945.74
SME1040,2023,IncomeStatement,Profit Before Tax,3457851.89
SME1040,2023,IncomeStatement,Tax,864462.97
SME1040,2023,IncomeStatement,Net Profit,2593388.92
SME1040,2023,BalanceSheet,Cash & Cash Equivalents,2038795.57
SME1040,2023,BalanceSheet,Accounts Receivable,5737532.37
SME1040,2023,BalanceSheet,Inventory,7706028.21
SME1040,2023,BalanceSheet,Other Current Assets,774117.81
SME1040,2023,BalanceSheet,Net Fixed Assets,20009826.16
SME1040,2023,BalanceSheet,Total Assets,35492182.31
SME1040,2023,BalanceSheet,Short Term Loan,10395683.65
SME1040,2023,BalanceSheet,Accounts Payable,5435915.64
SME1040,2023,BalanceSheet,Other Current Liabilities,1548235.61
SME1040,2023,BalanceSheet,Long Term Loan,12189690.89
SME1040,2023,BalanceSheet,Total Liabilities,22585374.54
SME1040,2023,BalanceSheet,Share Capital,5162723.11
SME1040,2023,BalanceSheet,Retained Earnings,7744084.66
SME1040,2023,BalanceSheet,Total Equity,12906807.77
SME1040,2022,IncomeStatement,Revenue,75338541.82
SME1040,2022,IncomeStatement,Cost of Goods Sold,45290479.08
SME1040,2022,IncomeStatement,Gross Profit,30048062.75
SME1040,2022,IncomeStatement,Operating Expenses,13503684.27
SME1040,2022,IncomeStatement,EBITDA,16544378.47
SME1040,2022,IncomeStatement,Depreciation,2086398.71
SME1040,2022,IncomeStatement,EBIT,14457979.76
SME1040,2022,IncomeStatement,Interest Expense,9729587.55
SME1040,2022,IncomeStatement,Profit Before Tax,4728392.21
SME1040,2022,IncomeStatement,Tax,1182098.05
SME1040,2022,IncomeStatement,Net Profit,3546294.16
SME1040,2022,BalanceSheet,Cash & Cash Equivalents,3291357.36
SME1040,2022,BalanceSheet,Accounts Receivable,6805894.95
SME1040,2022,BalanceSheet,Inventory,5915135.52
SME1040,2022,BalanceSheet,Other Current Assets,800619.39
SME1040,2022,BalanceSheet,Net Fixed Assets,19479794.48
SME1040,2022,BalanceSheet,Total Assets,35492182.31
SME1040,2022,BalanceSheet,Short Term Loan,10751575.33
SME1040,2022,BalanceSheet,Accounts Payable,7472514.49
SME1040,2022,BalanceSheet,Other Current Liabilities,1601238.78
SME1040,2022,BalanceSheet,Long Term Loan,11833799.21
SME1040,2022,BalanceSheet,Total Liabilities,22585374.54
SME1040,2022,BalanceSheet,Share Capital,5162723.11
SME1040,2022,BalanceSheet,Retained Earnings,7744084.66
SME1040,2022,BalanceSheet,Total Equity,12906807.77
SME1040,2021,IncomeStatement,Revenue,81163128.23
SME1040,2021,IncomeStatement,Cost of Goods Sold,49575357.86
SME1040,2021,IncomeStatement,Gross Profit,31587770.38
SME1040,2021,IncomeStatement,Operating Expenses,14920574.07
SME1040,2021,IncomeStatement,EBITDA,16667196.31
SME1040,2021,IncomeStatement,Depreciation,1849679.09
SME1040,2021,IncomeStatement,EBIT,14817517.21
SME1040,2021,IncomeStatement,Interest Expense,9801815.52
SME1040,2021,IncomeStatement,Profit Before Tax,5015701.7
SME1040,2021,IncomeStatement,Tax,1253925.42
SME1040,2021,IncomeStatement,Net Profit,3761776.27
SME1040,2021,BalanceSheet,Cash & Cash Equivalents,3234573.52
SME1040,2021,BalanceSheet,Accounts Receivable,6509451.43
SME1040,2021,BalanceSheet,Inventory,3836670.49
SME1040,2021,BalanceSheet,Other Current Assets,679034.77
SME1040,2021,BalanceSheet,Net Fixed Assets,21911486.87
SME1040,2021,BalanceSheet,Total Assets,35492182.31
SME1040,2021,BalanceSheet,Short Term Loan,9118806.74
SME1040,2021,BalanceSheet,Accounts Payable,5638050.59
SME1040,2021,BalanceSheet,Other Current Liabilities,1358069.54
SME1040,2021,BalanceSheet,Long Term Loan,13466567.8
SME1040,2021,BalanceSheet,Total Liabilities,22585374.54
SME1040,2021,BalanceSheet,Share Capital,5162723.11
SME1040,2021,BalanceSheet,Retained Earnings,7744084.66
SME1040,2021,BalanceSheet,Total Equity,12906807.77
SME1041,2023,IncomeStatement,Revenue,128822408.86
SME1041,2023,IncomeStatement,Cost of Goods Sold,92777682.84
SME1041,2023,IncomeStatement,Gross Profit,36044726.01
SME1041,2023,IncomeStatement,Operating Expenses,15269448.96
SME1041,2023,IncomeStatement,EBITDA,20775277.06
SME1041,2023,IncomeStatement,Depreciation,10147807.69
SME1041,2023,IncomeStatement,EBIT,10627469.36
SME1041,2023,IncomeStatement,Interest Expense,15679124.58
SME1041,2023,IncomeStatement,Profit Before Tax,-5051655.22
SME1041,2023,IncomeStatement,Tax,0.0
SME1041,2023,IncomeStatement,Net Profit,-5051655.22
SME1041,2023,BalanceSheet,Cash & Cash Equivalents,4917787.56
SME1041,2023,BalanceSheet,Accounts Receivable,20704695.01
SME1041,2023,BalanceSheet,Inventory,17813394.94
SME1041,2023,BalanceSheet,Other Current Assets,2171793.88
SME1041,2023,BalanceSheet,Net Fixed Assets,67346482.31
SME1041,2023,BalanceSheet,Total Assets,110782359.81
SME1041,2023,BalanceSheet,Short Term Loan,33026731.23
SME1041,2023,BalanceSheet,Accounts Payable,15144496.17
SME1041,2023,BalanceSheet,Other Current Liabilities,4343587.75
SME1041,2023,BalanceSheet,Long Term Loan,23530350.39
SME1041,2023,BalanceSheet,Total Liabilities,56557081.62
SME1041,2023,BalanceSheet,Share Capital,21690111.28
SME1041,2023,BalanceSheet,Retained Earnings,32535166.92
SME1041,2023,BalanceSheet,Total Equity,54225278.19
SME1041,2022,IncomeStatement,Revenue,140479094.02
SME1041,2022,IncomeStatement,Cost of Goods Sold,95328323.91
SME1041,2022,IncomeStatement,Gross Profit,45150770.11
SME1041,2022,IncomeStatement,Operating Expenses,17119065.26
SME1041,2022,IncomeStatement,EBITDA,28031704.85
SME1041,2022,IncomeStatement,Depreciation,7257765.4
SME1041,2022,IncomeStatement,EBIT,20773939.45
SME1041,2022,IncomeStatement,Interest Expense,21155558.66
SME1041,2022,IncomeStatement,Profit Before Tax,-381619.21
SME1041,2022,IncomeStatement,Tax,0.0
SME1041,2022,IncomeStatement,Net Profit,-381619.21
SME1041,2022,BalanceSheet,Cash & Cash Equivalents,5219174.18
SME1041,2022,BalanceSheet,Accounts Receivable,13059043.85
SME1041,2022,BalanceSheet,Inventory,16525489.43
SME1041,2022,BalanceSheet,Other Current Assets,1740185.37
SME1041,2022,BalanceSheet,Net Fixed Assets,75978652.35
SME1041,2022,BalanceSheet,Total Assets,110782359.81
SME1041,2022,BalanceSheet,Short Term Loan,26463208.72
SME1041,2022,BalanceSheet,Accounts Payable,13994454.42
SME1041,2022,BalanceSheet,Other Current Liabilities,3480370.75
SME1041,2022,BalanceSheet,Long Term Loan,30093872.9
SME1041,2022,BalanceSheet,Total Liabilities,56557081.62
SME1041,2022,BalanceSheet,Share Capital,21690111.28
SME1041,2022,BalanceSheet,Retained Earnings,32535166.92
SME1041,2022,BalanceSheet,Total Equity,54225278.19
SME1041,2021,IncomeStatement,Revenue,119861234.19
SME1041,2021,IncomeStatement,Cost of Goods Sold,81085263.05
SME1041,2021,IncomeStatement,Gross Profit,38775971.14
SME1041,2021,IncomeStatement,Operating Expenses,18658398.08
SME1041,2021,IncomeStatement,EBITDA,20117573.06
SME1041,2021,IncomeStatement,Depreciation,7474348.81
SME1041,2021,IncomeStatement,EBIT,12643224.25
SME1041,2021,IncomeStatement,Interest Expense,15182754.64
SME1041,2021,IncomeStatement,Profit Before Tax,-2539530.39
SME1041,2021,IncomeStatement,Tax,0.0
SME1041,2021,IncomeStatement,Net Profit,-2539530.39
SME1041,2021,BalanceSheet,Cash & Cash Equivalents,9041554.76
SME1041,2021,BalanceSheet,Accounts Receivable,19161194.31
SME1041,2021,BalanceSheet,Inventory,12371034.08
SME1041,2021,BalanceSheet,Other Current Assets,2028689.16
SME1041,2021,BalanceSheet,Net Fixed Assets,70208576.67
SME1041,2021,BalanceSheet,Total Assets,110782359.81
SME1041,2021,BalanceSheet,Short Term Loan,30850520.54
SME1041,2021,BalanceSheet,Accounts Payable,14089399.15
SME1041,2021,BalanceSheet,Other Current Liabilities,4057378.31
SME1041,2021,BalanceSheet,Long Term Loan,25706561.08
SME1041,2021,BalanceSheet,Total Liabilities,56557081.62
SME1041,2021,BalanceSheet,Share Capital,21690111.28
SME1041,2021,BalanceSheet,Retained Earnings,32535166.92
SME1041,2021,BalanceSheet,Total Equity,54225278.19
SME1042,2023,IncomeStatement,Revenue,44362842.07
SME1042,2023,IncomeStatement,Cost of Goods Sold,31760565.9
SME1042,2023,IncomeStatement,Gross Profit,12602276.17
SME1042,2023,IncomeStatement,Operating Expenses,5026082.69
SME1042,2023,IncomeStatement,EBITDA,7576193.48
SME1042,2023,IncomeStatement,Depreciation,3652027.53
SME1042,2023,IncomeStatement,EBIT,3924165.94
SME1042,2023,IncomeStatement,Interest Expense,3630860.83
SME1042,2023,IncomeStatement,Profit Before Tax,293305.11
SME1042,2023,IncomeStatement,Tax,73326.28
SME1042,2023,IncomeStatement,Net Profit,219978.83
SME1042,2023,BalanceSheet,Cash & Cash Equivalents,4236183.57
SME1042,2023,BalanceSheet,Accounts Receivable,12369722.76
SME1042,2023,BalanceSheet,Inventory,8709560.29
SME1042,2023,BalanceSheet,Other Current Assets,1265773.33
SME1042,2023,BalanceSheet,Net Fixed Assets,16316226.76
SME1042,2023,BalanceSheet,Total Assets,41631693.38
SME1042,2023,BalanceSheet,Short Term Loan,12914635.79
SME1042,2023,BalanceSheet,Accounts Payable,10452714.56
SME1042,2023,BalanceSheet,Other Current Liabilities,2531546.66
SME1042,2023,BalanceSheet,Long Term Loan,10482484.97
SME1042,2023,BalanceSheet,Total Liabilities,23397120.76
SME1042,2023,BalanceSheet,Share Capital,7293829.05
SME1042,2023,BalanceSheet,Retained Earnings,10940743.57
SME1042,2023,BalanceSheet,Total Equity,18234572.62
SME1042,2022,IncomeStatement,Revenue,53780219.37
SME1042,2022,IncomeStatement,Cost of Goods Sold,37306169.37
SME1042,2022,IncomeStatement,Gross Profit,16474050.0
SME1042,2022,IncomeStatement,Operating Expenses,7789744.25
SME1042,2022,IncomeStatement,EBITDA,8684305.76
SME1042,2022,IncomeStatement,Depreciation,3387190.81
SME1042,2022,IncomeStatement,EBIT,5297114.95
SME1042,2022,IncomeStatement,Interest Expense,4161919.27
SME1042,2022,IncomeStatement,Profit Before Tax,1135195.68
SME1042,2022,IncomeStatement,Tax,283798.92
SME1042,2022,IncomeStatement,Net Profit,851396.76
SME1042,2022,BalanceSheet,Cash & Cash Equivalents,2175097.74
SME1042,2022,BalanceSheet,Accounts Receivable,8214231.98
SME1042,2022,BalanceSheet,Inventory,9340711.63
SME1042,2022,BalanceSheet,Other Current Assets,986502.07
SME1042,2022,BalanceSheet,Net Fixed Assets,21901652.03
SME1042,2022,BalanceSheet,Total Assets,41631693.38
SME1042,2022,BalanceSheet,Short Term Loan,10065242.02
SME1042,2022,BalanceSheet,Accounts Payable,7113944.35
SME1042,2022,BalanceSheet,Other Current Liabilities,1973004.14
SME1042,2022,BalanceSheet,Long Term Loan,13331878.75
SME1042,2022,BalanceSheet,Total Liabilities,23397120.76
SME1042,2022,BalanceSheet,Share Capital,7293829.05
SME1042,2022,BalanceSheet,Retained Earnings,10940743.57
SME1042,2022,BalanceSheet,Total Equity,18234572.62
SME1042,2021,IncomeStatement,Revenue,46588733.33
SME1042,2021,IncomeStatement,Cost of Goods Sold,28345788.19
SME1042,2021,IncomeStatement,Gross Profit,18242945.14
SME1042,2021,IncomeStatement,Operating Expenses,7323947.34
SME1042,2021,IncomeStatement,EBITDA,10918997.81
SME1042,2021,IncomeStatement,Depreciation,2727724.89
SME1042,2021,IncomeStatement,EBIT,8191272.92
SME1042,2021,IncomeStatement,Interest Expense,5232886.62
SME1042,2021,IncomeStatement,Profit Before Tax,2958386.29
SME1042,2021,IncomeStatement,Tax,739596.57
SME1042,2021,IncomeStatement,Net Profit,2218789.72
SME1042,2021,BalanceSheet,Cash & Cash Equivalents,2440985.69
SME1042,2021,BalanceSheet,Accounts Receivable,10677522.13
SME1042,2021,BalanceSheet,Inventory,9372110.49
SME1042,2021,BalanceSheet,Other Current Assets,1124530.92
SME1042,2021,BalanceSheet,Net Fixed Assets,19141075.07
SME1042,2021,BalanceSheet,Total Assets,41631693.38
SME1042,2021,BalanceSheet,Short Term Loan,11473544.95
SME1042,2021,BalanceSheet,Accounts Payable,7092331.03
SME1042,2021,BalanceSheet,Other Current Liabilities,2249061.83
SME1042,2021,BalanceSheet,Long Term Loan,11923575.81
SME1042,2021,BalanceSheet,Total Liabilities,23397120.76
SME1042,2021,BalanceSheet,Share Capital,7293829.05
SME1042,2021,BalanceSheet,Retained Earnings,10940743.57
SME1042,2021,BalanceSheet,Total Equity,18234572.62
SME1043,2023,IncomeStatement,Revenue,209612028.48
SME1043,2023,IncomeStatement,Cost of Goods Sold,150663397.29
SME1043,2023,IncomeStatement,Gross Profit,58948631.19
SME1043,2023,IncomeStatement,Operating Expenses,28246731.17
SME1043,2023,IncomeStatement,EBITDA,30701900.02
SME1043,2023,IncomeStatement,Depreciation,9456946.76
SME1043,2023,IncomeStatement,EBIT,21244953.26
SME1043,2023,IncomeStatement,Interest Expense,16548623.63
SME1043,2023,IncomeStatement,Profit Before Tax,4696329.64
SME1043,2023,IncomeStatement,Tax,1174082.41
SME1043,2023,IncomeStatement,Net Profit,3522247.23
SME1043,2023,BalanceSheet,Cash & Cash Equivalents,13988416.3
SME1043,2023,BalanceSheet,Accounts Receivable,28166228.42
SME1043,2023,BalanceSheet,Inventory,28574075.18
SME1043,2023,BalanceSheet,Other Current Assets,3536436.0
SME1043,2023,BalanceSheet,Net Fixed Assets,59735885.25
SME1043,2023,BalanceSheet,Total Assets,130464605.15
SME1043,2023,BalanceSheet,Short Term Loan,41432870.55
SME1043,2023,BalanceSheet,Accounts Payable,27946742.43
SME1043,2023,BalanceSheet,Other Current Liabilities,7072871.99
SME1043,2023,BalanceSheet,Long Term Loan,32295928.36
SME1043,2023,BalanceSheet,Total Liabilities,73728798.91
SME1043,2023,BalanceSheet,Share Capital,22694322.5
SME1043,2023,BalanceSheet,Retained Earnings,34041483.74
SME1043,2023,BalanceSheet,Total Equity,56735806.24
SME1043,2022,IncomeStatement,Revenue,168671897.65
SME1043,2022,IncomeStatement,Cost of Goods Sold,102768591.75
SME1043,2022,IncomeStatement,Gross Profit,65903305.9
SME1043,2022,IncomeStatement,Operating Expenses,21135214.94
SME1043,2022,IncomeStatement,EBITDA,44768090.95
SME1043,2022,IncomeStatement,Depreciation,12388441.63
SME1043,2022,IncomeStatement,EBIT,32379649.33
SME1043,2022,IncomeStatement,Interest Expense,24130437.76
SME1043,2022,IncomeStatement,Profit Before Tax,8249211.57
SME1043,2022,IncomeStatement,Tax,2062302.89
SME1043,2022,IncomeStatement,Net Profit,6186908.67
SME1043,2022,BalanceSheet,Cash & Cash Equivalents,12219423.05
SME1043,2022,BalanceSheet,Accounts Receivable,25110594.77
SME1043,2022,BalanceSheet,Inventory,21659025.91
SME1043,2022,BalanceSheet,Other Current Assets,2949452.19
SME1043,2022,BalanceSheet,Net Fixed Assets,71475561.41
SME1043,2022,BalanceSheet,Total Assets,130464605.15
SME1043,2022,BalanceSheet,Short Term Loan,34555770.51
SME1043,2022,BalanceSheet,Accounts Payable,19732530.15
SME1043,2022,BalanceSheet,Other Current Liabilities,5898904.37
SME1043,2022,BalanceSheet,Long Term Loan,39173028.4
SME1043,2022,BalanceSheet,Total Liabilities,73728798.91
SME1043,2022,BalanceSheet,Share Capital,22694322.5
SME1043,2022,BalanceSheet,Retained Earnings,34041483.74
SME1043,2022,BalanceSheet,Total Equity,56735806.24
SME1043,2021,IncomeStatement,Revenue,175485781.47
SME1043,2021,IncomeStatement,Cost of Goods Sold,116814521.81
SME1043,2021,IncomeStatement,Gross Profit,58671259.66
SME1043,2021,IncomeStatement,Operating Expenses,22757663.91
SME1043,2021,IncomeStatement,EBITDA,35913595.75
SME1043,2021,IncomeStatement,Depreciation,9933236.06
SME1043,2021,IncomeStatement,EBIT,25980359.69
SME1043,2021,IncomeStatement,Interest Expense,19357778.47
SME1043,2021,IncomeStatement,Profit Before Tax,6622581.23
SME1043,2021,IncomeStatement,Tax,1655645.31
SME1043,2021,IncomeStatement,Net Profit,4966935.92
SME1043,2021,BalanceSheet,Cash & Cash Equivalents,8473114.23
SME1043,2021,BalanceSheet,Accounts Receivable,21324859.82
SME1043,2021,BalanceSheet,Inventory,24542011.33
SME1043,2021,BalanceSheet,Other Current Assets,2716999.27
SME1043,2021,BalanceSheet,Net Fixed Assets,76124619.77
SME1043,2021,BalanceSheet,Total Assets,130464605.15
SME1043,2021,BalanceSheet,Short Term Loan,31832353.01
SME1043,2021,BalanceSheet,Accounts Payable,20744500.23
SME1043,2021,BalanceSheet,Other Current Liabilities,5433998.54
SME1043,2021,BalanceSheet,Long Term Loan,41896445.9
SME1043,2021,BalanceSheet,Total Liabilities,73728798.91
SME1043,2021,BalanceSheet,Share Capital,22694322.5
SME1043,2021,BalanceSheet,Retained Earnings,34041483.74
SME1043,2021,BalanceSheet,Total Equity,56735806.24
SME1044,2023,IncomeStatement,Revenue,294360581.83
SME1044,2023,IncomeStatement,Cost of Goods Sold,206569569.89
SME1044,2023,IncomeStatement,Gross Profit,87791011.93
SME1044,2023,IncomeStatement,Operating Expenses,31326413.66
SME1044,2023,IncomeStatement,EBITDA,56464598.28
SME1044,2023,IncomeStatement,Depreciation,27497743.75
SME1044,2023,IncomeStatement,EBIT,28966854.53
SME1044,2023,IncomeStatement,Interest Expense,52973046.55
SME1044,2023,IncomeStatement,Profit Before Tax,-24006192.03
SME1044,2023,IncomeStatement,Tax,0.0
SME1044,2023,IncomeStatement,Net Profit,-24006192.03
SME1044,2023,BalanceSheet,Cash & Cash Equivalents,39297080.94
SME1044,2023,BalanceSheet,Accounts Receivable,80107934.09
SME1044,2023,BalanceSheet,Inventory,47142334.05
SME1044,2023,BalanceSheet,Other Current Assets,8327367.45
SME1044,2023,BalanceSheet,Net Fixed Assets,152501288.99
SME1044,2023,BalanceSheet,Total Assets,319048638.07
SME1044,2023,BalanceSheet,Short Term Loan,119957766.26
SME1044,2023,BalanceSheet,Accounts Payable,61068317.4
SME1044,2023,BalanceSheet,Other Current Liabilities,16654734.91
SME1044,2023,BalanceSheet,Long Term Loan,105818391.13
SME1044,2023,BalanceSheet,Total Liabilities,225776157.39
SME1044,2023,BalanceSheet,Share Capital,37308992.27
SME1044,2023,BalanceSheet,Retained Earnings,55963488.41
SME1044,2023,BalanceSheet,Total Equity,93272480.68
SME1044,2022,IncomeStatement,Revenue,368130599.15
SME1044,2022,IncomeStatement,Cost of Goods Sold,228687976.66
SME1044,2022,IncomeStatement,Gross Profit,139442622.49
SME1044,2022,IncomeStatement,Operating Expenses,51588772.35
SME1044,2022,IncomeStatement,EBITDA,87853850.14
SME1044,2022,IncomeStatement,Depreciation,31389544.55
SME1044,2022,IncomeStatement,EBIT,56464305.59
SME1044,2022,IncomeStatement,Interest Expense,82421308.84
SME1044,2022,IncomeStatement,Profit Before Tax,-25957003.25
SME1044,2022,IncomeStatement,Tax,0.0
SME1044,2022,IncomeStatement,Net Profit,-25957003.25
SME1044,2022,BalanceSheet,Cash & Cash Equivalents,26863951.0
SME1044,2022,BalanceSheet,Accounts Receivable,74311240.21
SME1044,2022,BalanceSheet,Inventory,67999980.08
SME1044,2022,BalanceSheet,Other Current Assets,8458758.56
SME1044,2022,BalanceSheet,Net Fixed Assets,149873466.78
SME1044,2022,BalanceSheet,Total Assets,319048638.07
SME1044,2022,BalanceSheet,Short Term Loan,121850487.36
SME1044,2022,BalanceSheet,Accounts Payable,82489887.94
SME1044,2022,BalanceSheet,Other Current Liabilities,16917517.13
SME1044,2022,BalanceSheet,Long Term Loan,103925670.03
SME1044,2022,BalanceSheet,Total Liabilities,225776157.39
SME1044,2022,BalanceSheet,Share Capital,37308992.27
SME1044,2022,BalanceSheet,Retained Earnings,55963488.41
SME1044,2022,BalanceSheet,Total Equity,93272480.68
SME1044,2021,IncomeStatement,Revenue,327480775.59
SME1044,2021,IncomeStatement,Cost of Goods Sold,214991750.05
SME1044,2021,IncomeStatement,Gross Profit,112489025.54
SME1044,2021,IncomeStatement,Operating Expenses,51557364.1
SME1044,2021,IncomeStatement,EBITDA,60931661.44
SME1044,2021,IncomeStatement,Depreciation,28924706.79
SME1044,2021,IncomeStatement,EBIT,32006954.65
SME1044,2021,IncomeStatement,Interest Expense,57163883.86
SME1044,2021,IncomeStatement,Profit Before Tax,-25156929.21
SME1044,2021,IncomeStatement,Tax,0.0
SME1044,2021,IncomeStatement,Net Profit,-25156929.21
SME1044,2021,BalanceSheet,Cash & Cash Equivalents,37554482.54
SME1044,2021,BalanceSheet,Accounts Receivable,77139240.86
SME1044,2021,BalanceSheet,Inventory,52703257.7
SME1044,2021,BalanceSheet,Other Current Assets,8369849.06
SME1044,2021,BalanceSheet,Net Fixed Assets,151651656.97
SME1044,2021,BalanceSheet,Total Assets,319048638.07
SME1044,2021,BalanceSheet,Short Term Loan,120569724.12
SME1044,2021,BalanceSheet,Accounts Payable,73166355.95
SME1044,2021,BalanceSheet,Other Current Liabilities,16739698.11
SME1044,2021,BalanceSheet,Long Term Loan,105206433.28
SME1044,2021,BalanceSheet,Total Liabilities,225776157.39
SME1044,2021,BalanceSheet,Share Capital,37308992.27
SME1044,2021,BalanceSheet,Retained Earnings,55963488.41
SME1044,2021,BalanceSheet,Total Equity,93272480.68
SME1045,2023,IncomeStatement,Revenue,82512019.56
SME1045,2023,IncomeStatement,Cost of Goods Sold,52158232.1
SME1045,2023,IncomeStatement,Gross Profit,30353787.47
SME1045,2023,IncomeStatement,Operating Expenses,14859200.48
SME1045,2023,IncomeStatement,EBITDA,15494586.99
SME1045,2023,IncomeStatement,Depreciation,5063891.03
SME1045,2023,IncomeStatement,EBIT,10430695.96
SME1045,2023,IncomeStatement,Interest Expense,10863195.16
SME1045,2023,IncomeStatement,Profit Before Tax,-432499.2
SME1045,2023,IncomeStatement,Tax,0.0
SME1045,2023,IncomeStatement,Net Profit,-432499.2
SME1045,2023,BalanceSheet,Cash & Cash Equivalents,2960569.14
SME1045,2023,BalanceSheet,Accounts Receivable,8873617.37
SME1045,2023,BalanceSheet,Inventory,12707397.38
SME1045,2023,BalanceSheet,Other Current Assets,1227079.19
SME1045,2023,BalanceSheet,Net Fixed Assets,43600649.98
SME1045,2023,BalanceSheet,Total Assets,68142233.87
SME1045,2023,BalanceSheet,Short Term Loan,17662646.02
SME1045,2023,BalanceSheet,Accounts Payable,11507197.19
SME1045,2023,BalanceSheet,Other Current Liabilities,2454158.39
SME1045,2023,BalanceSheet,Long Term Loan,22001186.32
SME1045,2023,BalanceSheet,Total Liabilities,39663832.34
SME1045,2023,BalanceSheet,Share Capital,11391360.61
SME1045,2023,BalanceSheet,Retained Earnings,17087040.92
SME1045,2023,BalanceSheet,Total Equity,28478401.53
SME1045,2022,IncomeStatement,Revenue,81014869.01
SME1045,2022,IncomeStatement,Cost of Goods Sold,57976768.58
SME1045,2022,IncomeStatement,Gross Profit,23038100.43
SME1045,2022,IncomeStatement,Operating Expenses,10759345.02
SME1045,2022,IncomeStatement,EBITDA,12278755.41
SME1045,2022,IncomeStatement,Depreciation,6417915.53
SME1045,2022,IncomeStatement,EBIT,5860839.88
SME1045,2022,IncomeStatement,Interest Expense,8608588.05
SME1045,2022,IncomeStatement,Profit Before Tax,-2747748.16
SME1045,2022,IncomeStatement,Tax,0.0
SME1045,2022,IncomeStatement,Net Profit,-2747748.16
SME1045,2022,BalanceSheet,Cash & Cash Equivalents,3380653.42
SME1045,2022,BalanceSheet,Accounts Receivable,10442981.46
SME1045,2022,BalanceSheet,Inventory,8636991.3
SME1045,2022,BalanceSheet,Other Current Assets,1123031.31
SME1045,2022,BalanceSheet,Net Fixed Assets,45681607.69
SME1045,2022,BalanceSheet,Total Assets,68142233.87
SME1045,2022,BalanceSheet,Short Term Loan,16164974.98
SME1045,2022,BalanceSheet,Accounts Payable,7326876.56
SME1045,2022,BalanceSheet,Other Current Liabilities,2246062.62
SME1045,2022,BalanceSheet,Long Term Loan,23498857.36
SME1045,2022,BalanceSheet,Total Liabilities,39663832.34
SME1045,2022,BalanceSheet,Share Capital,11391360.61
SME1045,2022,BalanceSheet,Retained Earnings,17087040.92
SME1045,2022,BalanceSheet,Total Equity,28478401.53
SME1045,2021,IncomeStatement,Revenue,88244281.87
SME1045,2021,IncomeStatement,Cost of Goods Sold,55094177.43
SME1045,2021,IncomeStatement,Gross Profit,33150104.44
SME1045,2021,IncomeStatement,Operating Expenses,15456866.42
SME1045,2021,IncomeStatement,EBITDA,17693238.02
SME1045,2021,IncomeStatement,Depreciation,6034328.07
SME1045,2021,IncomeStatement,EBIT,11658909.95
SME1045,2021,IncomeStatement,Interest Expense,12404660.91
SME1045,2021,IncomeStatement,Profit Before Tax,-745750.96
SME1045,2021,IncomeStatement,Tax,0.0
SME1045,2021,IncomeStatement,Net Profit,-745750.96
SME1045,2021,BalanceSheet,Cash & Cash Equivalents,3865022.31
SME1045,2021,BalanceSheet,Accounts Receivable,12869415.77
SME1045,2021,BalanceSheet,Inventory,14227632.11
SME1045,2021,BalanceSheet,Other Current Assets,1548103.51
SME1045,2021,BalanceSheet,Net Fixed Assets,37180163.68
SME1045,2021,BalanceSheet,Total Assets,68142233.87
SME1045,2021,BalanceSheet,Short Term Loan,22283487.82
SME1045,2021,BalanceSheet,Accounts Payable,11832827.69
SME1045,2021,BalanceSheet,Other Current Liabilities,3096207.02
SME1045,2021,BalanceSheet,Long Term Loan,17380344.51
SME1045,2021,BalanceSheet,Total Liabilities,39663832.34
SME1045,2021,BalanceSheet,Share Capital,11391360.61
SME1045,2021,BalanceSheet,Retained Earnings,17087040.92
SME1045,2021,BalanceSheet,Total Equity,28478401.53
SME1046,2023,IncomeStatement,Revenue,239018431.79
SME1046,2023,IncomeStatement,Cost of Goods Sold,162556835.21
SME1046,2023,IncomeStatement,Gross Profit,76461596.58
SME1046,2023,IncomeStatement,Operating Expenses,27670960.87
SME1046,2023,IncomeStatement,EBITDA,48790635.71
SME1046,2023,IncomeStatement,Depreciation,2837524.5
SME1046,2023,IncomeStatement,EBIT,45953111.21
SME1046,2023,IncomeStatement,Interest Expense,30516477.48
SME1046,2023,IncomeStatement,Profit Before Tax,15436633.74
SME1046,2023,IncomeStatement,Tax,3859158.43
SME1046,2023,IncomeStatement,Net Profit,11577475.3
SME1046,2023,BalanceSheet,Cash & Cash Equivalents,2883178.24
SME1046,2023,BalanceSheet,Accounts Receivable,5185823.9
SME1046,2023,BalanceSheet,Inventory,4729934.78
SME1046,2023,BalanceSheet,Other Current Assets,639946.85
SME1046,2023,BalanceSheet,Net Fixed Assets,18578781.21
SME1046,2023,BalanceSheet,Total Assets,31377718.13
SME1046,2023,BalanceSheet,Short Term Loan,11202923.94
SME1046,2023,BalanceSheet,Accounts Payable,6264132.94
SME1046,2023,BalanceSheet,Other Current Liabilities,1279893.69
SME1046,2023,BalanceSheet,Long Term Loan,11484101.44
SME1046,2023,BalanceSheet,Total Liabilities,22687025.38
SME1046,2023,BalanceSheet,Share Capital,3476277.1
SME1046,2023,BalanceSheet,Retained Earnings,5214415.65
SME1046,2023,BalanceSheet,Total Equity,8690692.75
SME1046,2022,IncomeStatement,Revenue,279667494.89
SME1046,2022,IncomeStatement,Cost of Goods Sold,187168029.39
SME1046,2022,IncomeStatement,Gross Profit,92499465.5
SME1046,2022,IncomeStatement,Operating Expenses,32962586.59
SME1046,2022,IncomeStatement,EBITDA,59536878.92
SME1046,2022,IncomeStatement,Depreciation,2168000.19
SME1046,2022,IncomeStatement,EBIT,57368878.73
SME1046,2022,IncomeStatement,Interest Expense,37237797.75
SME1046,2022,IncomeStatement,Profit Before Tax,20131080.99
SME1046,2022,IncomeStatement,Tax,5032770.25
SME1046,2022,IncomeStatement,Net Profit,15098310.74
SME1046,2022,BalanceSheet,Cash & Cash Equivalents,3209182.59
SME1046,2022,BalanceSheet,Accounts Receivable,6191089.64
SME1046,2022,BalanceSheet,Inventory,3701628.92
SME1046,2022,BalanceSheet,Other Current Assets,655095.06
SME1046,2022,BalanceSheet,Net Fixed Assets,18275816.98
SME1046,2022,BalanceSheet,Total Assets,31377718.13
SME1046,2022,BalanceSheet,Short Term Loan,11468108.88
SME1046,2022,BalanceSheet,Accounts Payable,6030174.18
SME1046,2022,BalanceSheet,Other Current Liabilities,1310190.12
SME1046,2022,BalanceSheet,Long Term Loan,11218916.51
SME1046,2022,BalanceSheet,Total Liabilities,22687025.38
SME1046,2022,BalanceSheet,Share Capital,3476277.1
SME1046,2022,BalanceSheet,Retained Earnings,5214415.65
SME1046,2022,BalanceSheet,Total Equity,8690692.75
SME1046,2021,IncomeStatement,Revenue,207872293.16
SME1046,2021,IncomeStatement,Cost of Goods Sold,132518687.03
SME1046,2021,IncomeStatement,Gross Profit,75353606.13
SME1046,2021,IncomeStatement,Operating Expenses,32269112.35
SME1046,2021,IncomeStatement,EBITDA,43084493.78
SME1046,2021,IncomeStatement,Depreciation,2940275.66
SME1046,2021,IncomeStatement,EBIT,40144218.12
SME1046,2021,IncomeStatement,Interest Expense,26947527.22
SME1046,2021,IncomeStatement,Profit Before Tax,13196690.9
SME1046,2021,IncomeStatement,Tax,3299172.72
SME1046,2021,IncomeStatement,Net Profit,9897518.17
SME1046,2021,BalanceSheet,Cash & Cash Equivalents,1528006.76
SME1046,2021,BalanceSheet,Accounts Receivable,6315031.27
SME1046,2021,BalanceSheet,Inventory,5399245.98
SME1046,2021,BalanceSheet,Other Current Assets,662114.2
SME1046,2021,BalanceSheet,Net Fixed Assets,18135434.12
SME1046,2021,BalanceSheet,Total Assets,31377718.13
SME1046,2021,BalanceSheet,Short Term Loan,11590986.15
SME1046,2021,BalanceSheet,Accounts Payable,6226961.71
SME1046,2021,BalanceSheet,Other Current Liabilities,1324228.4
SME1046,2021,BalanceSheet,Long Term Loan,11096039.24
SME1046,2021,BalanceSheet,Total Liabilities,22687025.38
SME1046,2021,BalanceSheet,Share Capital,3476277.1
SME1046,2021,BalanceSheet,Retained Earnings,5214415.65
SME1046,2021,BalanceSheet,Total Equity,8690692.75
SME1047,2023,IncomeStatement,Revenue,398186050.45
SME1047,2023,IncomeStatement,Cost of Goods Sold,295438914.16
SME1047,2023,IncomeStatement,Gross Profit,102747136.29
SME1047,2023,IncomeStatement,Operating Expenses,35386894.76
SME1047,2023,IncomeStatement,EBITDA,67360241.53
SME1047,2023,IncomeStatement,Depreciation,40133297.92
SME1047,2023,IncomeStatement,EBIT,27226943.61
SME1047,2023,IncomeStatement,Interest Expense,39139652.5
SME1047,2023,IncomeStatement,Profit Before Tax,-11912708.89
SME1047,2023,IncomeStatement,Tax,0.0
SME1047,2023,IncomeStatement,Net Profit,-11912708.89
SME1047,2023,BalanceSheet,Cash & Cash Equivalents,25541693.71
SME1047,2023,BalanceSheet,Accounts Receivable,87919105.65
SME1047,2023,BalanceSheet,Inventory,132131161.07
SME1047,2023,BalanceSheet,Other Current Assets,12279598.02
SME1047,2023,BalanceSheet,Net Fixed Assets,307540474.35
SME1047,2023,BalanceSheet,Total Assets,553132434.78
SME1047,2023,BalanceSheet,Short Term Loan,91744980.14
SME1047,2023,BalanceSheet,Accounts Payable,98335370.42
SME1047,2023,BalanceSheet,Other Current Liabilities,24559196.04
SME1047,2023,BalanceSheet,Long Term Loan,103491576.72
SME1047,2023,BalanceSheet,Total Liabilities,195236556.86
SME1047,2023,BalanceSheet,Share Capital,143158351.17
SME1047,2023,BalanceSheet,Retained Earnings,214737526.75
SME1047,2023,BalanceSheet,Total Equity,357895877.92
SME1047,2022,IncomeStatement,Revenue,354531228.09
SME1047,2022,IncomeStatement,Cost of Goods Sold,265607280.98
SME1047,2022,IncomeStatement,Gross Profit,88923947.12
SME1047,2022,IncomeStatement,Operating Expenses,33344927.08
SME1047,2022,IncomeStatement,EBITDA,55579020.03
SME1047,2022,IncomeStatement,Depreciation,28436194.02
SME1047,2022,IncomeStatement,EBIT,27142826.01
SME1047,2022,IncomeStatement,Interest Expense,32294176.52
SME1047,2022,IncomeStatement,Profit Before Tax,-5151350.51
SME1047,2022,IncomeStatement,Tax,0.0
SME1047,2022,IncomeStatement,Net Profit,-5151350.51
SME1047,2022,BalanceSheet,Cash & Cash Equivalents,69196468.8
SME1047,2022,BalanceSheet,Accounts Receivable,137088273.92
SME1047,2022,BalanceSheet,Inventory,100061806.01
SME1047,2022,BalanceSheet,Other Current Assets,15317327.44
SME1047,2022,BalanceSheet,Net Fixed Assets,246785886.05
SME1047,2022,BalanceSheet,Total Assets,553132434.78
SME1047,2022,BalanceSheet,Short Term Loan,114440871.68
SME1047,2022,BalanceSheet,Accounts Payable,140391310.02
SME1047,2022,BalanceSheet,Other Current Liabilities,30634654.87
SME1047,2022,BalanceSheet,Long Term Loan,80795685.18
SME1047,2022,BalanceSheet,Total Liabilities,195236556.86
SME1047,2022,BalanceSheet,Share Capital,143158351.17
SME1047,2022,BalanceSheet,Retained Earnings,214737526.75
SME1047,2022,BalanceSheet,Total Equity,357895877.92
SME1047,2021,IncomeStatement,Revenue,348541288.35
SME1047,2021,IncomeStatement,Cost of Goods Sold,224123170.22
SME1047,2021,IncomeStatement,Gross Profit,124418118.13
SME1047,2021,IncomeStatement,Operating Expenses,57972910.37
SME1047,2021,IncomeStatement,EBITDA,66445207.76
SME1047,2021,IncomeStatement,Depreciation,46907621.43
SME1047,2021,IncomeStatement,EBIT,19537586.33
SME1047,2021,IncomeStatement,Interest Expense,38607972.34
SME1047,2021,IncomeStatement,Profit Before Tax,-19070386.01
SME1047,2021,IncomeStatement,Tax,0.0
SME1047,2021,IncomeStatement,Net Profit,-19070386.01
SME1047,2021,BalanceSheet,Cash & Cash Equivalents,46015191.68
SME1047,2021,BalanceSheet,Accounts Receivable,93288877.92
SME1047,2021,BalanceSheet,Inventory,84254674.89
SME1047,2021,BalanceSheet,Other Current Assets,11177937.22
SME1047,2021,BalanceSheet,Net Fixed Assets,329573690.29
SME1047,2021,BalanceSheet,Total Assets,553132434.78
SME1047,2021,BalanceSheet,Short Term Loan,83514104.2
SME1047,2021,BalanceSheet,Accounts Payable,67302413.61
SME1047,2021,BalanceSheet,Other Current Liabilities,22355874.45
SME1047,2021,BalanceSheet,Long Term Loan,111722452.67
SME1047,2021,BalanceSheet,Total Liabilities,195236556.86
SME1047,2021,BalanceSheet,Share Capital,143158351.17
SME1047,2021,BalanceSheet,Retained Earnings,214737526.75
SME1047,2021,BalanceSheet,Total Equity,357895877.92
SME1048,2023,IncomeStatement,Revenue,60440556.57
SME1048,2023,IncomeStatement,Cost of Goods Sold,37272363.3
SME1048,2023,IncomeStatement,Gross Profit,23168193.27
SME1048,2023,IncomeStatement,Operating Expenses,8285416.59
SME1048,2023,IncomeStatement,EBITDA,14882776.68
SME1048,2023,IncomeStatement,Depreciation,2149056.36
SME1048,2023,IncomeStatement,EBIT,12733720.32
SME1048,2023,IncomeStatement,Interest Expense,9408832.47
SME1048,2023,IncomeStatement,Profit Before Tax,3324887.85
SME1048,2023,IncomeStatement,Tax,831221.96
SME1048,2023,IncomeStatement,Net Profit,2493665.89
SME1048,2023,BalanceSheet,Cash & Cash Equivalents,2197326.58
SME1048,2023,BalanceSheet,Accounts Receivable,6324528.52
SME1048,2023,BalanceSheet,Inventory,4960840.62
SME1048,2023,BalanceSheet,Other Current Assets,674134.79
SME1048,2023,BalanceSheet,Net Fixed Assets,19550457.84
SME1048,2023,BalanceSheet,Total Assets,33033153.56
SME1048,2023,BalanceSheet,Short Term Loan,10579624.34
SME1048,2023,BalanceSheet,Accounts Payable,5277433.48
SME1048,2023,BalanceSheet,Other Current Liabilities,1348269.57
SME1048,2023,BalanceSheet,Long Term Loan,15252696.99
SME1048,2023,BalanceSheet,Total Liabilities,25832321.33
SME1048,2023,BalanceSheet,Share Capital,2880332.89
SME1048,2023,BalanceSheet,Retained Earnings,4320499.34
SME1048,2023,BalanceSheet,Total Equity,7200832.23
SME1048,2022,IncomeStatement,Revenue,48570498.04
SME1048,2022,IncomeStatement,Cost of Goods Sold,35736814.08
SME1048,2022,IncomeStatement,Gross Profit,12833683.96
SME1048,2022,IncomeStatement,Operating Expenses,5381777.25
SME1048,2022,IncomeStatement,EBITDA,7451906.72
SME1048,2022,IncomeStatement,Depreciation,1678803.25
SME1048,2022,IncomeStatement,EBIT,5773103.46
SME1048,2022,IncomeStatement,Interest Expense,4711065.91
SME1048,2022,IncomeStatement,Profit Before Tax,1062037.55
SME1048,2022,IncomeStatement,Tax,265509.39
SME1048,2022,IncomeStatement,Net Profit,796528.16
SME1048,2022,BalanceSheet,Cash & Cash Equivalents,2257194.94
SME1048,2022,BalanceSheet,Accounts Receivable,6153246.29
SME1048,2022,BalanceSheet,Inventory,8151177.5
SME1048,2022,BalanceSheet,Other Current Assets,828080.94
SME1048,2022,BalanceSheet,Net Fixed Assets,16471534.83
SME1048,2022,BalanceSheet,Total Assets,33033153.56
SME1048,2022,BalanceSheet,Short Term Loan,12995598.83
SME1048,2022,BalanceSheet,Accounts Payable,6390263.8
SME1048,2022,BalanceSheet,Other Current Liabilities,1656161.87
SME1048,2022,BalanceSheet,Long Term Loan,12836722.5
SME1048,2022,BalanceSheet,Total Liabilities,25832321.33
SME1048,2022,BalanceSheet,Share Capital,2880332.89
SME1048,2022,BalanceSheet,Retained Earnings,4320499.34
SME1048,2022,BalanceSheet,Total Equity,7200832.23
SME1048,2021,IncomeStatement,Revenue,55140541.05
SME1048,2021,IncomeStatement,Cost of Goods Sold,35074050.97
SME1048,2021,IncomeStatement,Gross Profit,20066490.08
SME1048,2021,IncomeStatement,Operating Expenses,7691756.93
SME1048,2021,IncomeStatement,EBITDA,12374733.15
SME1048,2021,IncomeStatement,Depreciation,2748971.64
SME1048,2021,IncomeStatement,EBIT,9625761.51
SME1048,2021,IncomeStatement,Interest Expense,7823257.29
SME1048,2021,IncomeStatement,Profit Before Tax,1802504.23
SME1048,2021,IncomeStatement,Tax,450626.06
SME1048,2021,IncomeStatement,Net Profit,1351878.17
SME1048,2021,BalanceSheet,Cash & Cash Equivalents,3380793.67
SME1048,2021,BalanceSheet,Accounts Receivable,4945606.39
SME1048,2021,BalanceSheet,Inventory,5405601.38
SME1048,2021,BalanceSheet,Other Current Assets,686600.07
SME1048,2021,BalanceSheet,Net Fixed Assets,19301152.12
SME1048,2021,BalanceSheet,Total Assets,33033153.56
SME1048,2021,BalanceSheet,Short Term Loan,10775249.97
SME1048,2021,BalanceSheet,Accounts Payable,5564370.24
SME1048,2021,BalanceSheet,Other Current Liabilities,1373200.14
SME1048,2021,BalanceSheet,Long Term Loan,15057071.36
SME1048,2021,BalanceSheet,Total Liabilities,25832321.33
SME1048,2021,BalanceSheet,Share Capital,2880332.89
SME1048,2021,BalanceSheet,Retained Earnings,4320499.34
SME1048,2021,BalanceSheet,Total Equity,7200832.23
SME1049,2023,IncomeStatement,Revenue,208674746.21
SME1049,2023,IncomeStatement,Cost of Goods Sold,155912570.61
SME1049,2023,IncomeStatement,Gross Profit,52762175.61
SME1049,2023,IncomeStatement,Operating Expenses,18505280.61
SME1049,2023,IncomeStatement,EBITDA,34256895.0
SME1049,2023,IncomeStatement,Depreciation,5027849.99
SME1049,2023,IncomeStatement,EBIT,29229045.01
SME1049,2023,IncomeStatement,Interest Expense,24894044.25
SME1049,2023,IncomeStatement,Profit Before Tax,4335000.76
SME1049,2023,IncomeStatement,Tax,1083750.19
SME1049,2023,IncomeStatement,Net Profit,3251250.57
SME1049,2023,BalanceSheet,Cash & Cash Equivalents,7431604.58
SME1049,2023,BalanceSheet,Accounts Receivable,22528950.42
SME1049,2023,BalanceSheet,Inventory,19021690.36
SME1049,2023,BalanceSheet,Other Current Assets,2449112.27
SME1049,2023,BalanceSheet,Net Fixed Assets,49967588.34
SME1049,2023,BalanceSheet,Total Assets,98949833.7
SME1049,2023,BalanceSheet,Short Term Loan,40981546.47
SME1049,2023,BalanceSheet,Accounts Payable,20849360.95
SME1049,2023,BalanceSheet,Other Current Liabilities,4898224.54
SME1049,2023,BalanceSheet,Long Term Loan,32501064.79
SME1049,2023,BalanceSheet,Total Liabilities,73482611.26
SME1049,2023,BalanceSheet,Share Capital,10186888.98
SME1049,2023,BalanceSheet,Retained Earnings,15280333.47
SME1049,2023,BalanceSheet,Total Equity,25467222.44
SME1049,2022,IncomeStatement,Revenue,203626763.66
SME1049,2022,IncomeStatement,Cost of Goods Sold,144631620.16
SME1049,2022,IncomeStatement,Gross Profit,58995143.5
SME1049,2022,IncomeStatement,Operating Expenses,21621939.65
SME1049,2022,IncomeStatement,EBITDA,37373203.85
SME1049,2022,IncomeStatement,Depreciation,5166842.13
SME1049,2022,IncomeStatement,EBIT,32206361.71
SME1049,2022,IncomeStatement,Interest Expense,27158625.74
SME1049,2022,IncomeStatement,Profit Before Tax,5047735.97
SME1049,2022,IncomeStatement,Tax,1261933.99
SME1049,2022,IncomeStatement,Net Profit,3785801.98
SME1049,2022,BalanceSheet,Cash & Cash Equivalents,9929563.26
SME1049,2022,BalanceSheet,Accounts Receivable,16827422.81
SME1049,2022,BalanceSheet,Inventory,17965472.16
SME1049,2022,BalanceSheet,Other Current Assets,2236122.91
SME1049,2022,BalanceSheet,Net Fixed Assets,54227375.47
SME1049,2022,BalanceSheet,Total Assets,98949833.7
SME1049,2022,BalanceSheet,Short Term Loan,37417547.66
SME1049,2022,BalanceSheet,Accounts Payable,20385771.89
SME1049,2022,BalanceSheet,Other Current Liabilities,4472245.82
SME1049,2022,BalanceSheet,Long Term Loan,36065063.6
SME1049,2022,BalanceSheet,Total Liabilities,73482611.26
SME1049,2022,BalanceSheet,Share Capital,10186888.98
SME1049,2022,BalanceSheet,Retained Earnings,15280333.47
SME1049,2022,BalanceSheet,Total Equity,25467222.44
SME1049,2021,IncomeStatement,Revenue,174145959.11
SME1049,2021,IncomeStatement,Cost of Goods Sold,122652459.7
SME1049,2021,IncomeStatement,Gross Profit,51493499.41
SME1049,2021,IncomeStatement,Operating Expenses,21954107.72
SME1049,2021,IncomeStatement,EBITDA,29539391.68
SME1049,2021,IncomeStatement,Depreciation,8962369.72
SME1049,2021,IncomeStatement,EBIT,20577021.97
SME1049,2021,IncomeStatement,Interest Expense,21465895.37
SME1049,2021,IncomeStatement,Profit Before Tax,-888873.4
SME1049,2021,IncomeStatement,Tax,0.0
SME1049,2021,IncomeStatement,Net Profit,-888873.4
SME1049,2021,BalanceSheet,Cash & Cash Equivalents,7843319.11
SME1049,2021,BalanceSheet,Accounts Receivable,15171845.79
SME1049,2021,BalanceSheet,Inventory,13224595.3
SME1049,2021,BalanceSheet,Other Current Assets,1811988.01
SME1049,2021,BalanceSheet,Net Fixed Assets,62710073.5
SME1049,2021,BalanceSheet,Total Assets,98949833.7
SME1049,2021,BalanceSheet,Short Term Loan,30320402.95
SME1049,2021,BalanceSheet,Accounts Payable,12998785.74
SME1049,2021,BalanceSheet,Other Current Liabilities,3623976.02
SME1049,2021,BalanceSheet,Long Term Loan,43162208.31
SME1049,2021,BalanceSheet,Total Liabilities,73482611.26
SME1049,2021,BalanceSheet,Share Capital,10186888.98
SME1049,2021,BalanceSheet,Retained Earnings,15280333.47
SME1049,2021,BalanceSheet,Total Equity,25467222.44
SME1050,2023,IncomeStatement,Revenue,42169571.18
SME1050,2023,IncomeStatement,Cost of Goods Sold,28736648.46
SME1050,2023,IncomeStatement,Gross Profit,13432922.72
SME1050,2023,IncomeStatement,Operating Expenses,4710425.66
SME1050,2023,IncomeStatement,EBITDA,8722497.06
SME1050,2023,IncomeStatement,Depreciation,3675636.56
SME1050,2023,IncomeStatement,EBIT,5046860.5
SME1050,2023,IncomeStatement,Interest Expense,4546613.25
SME1050,2023,IncomeStatement,Profit Before Tax,500247.24
SME1050,2023,IncomeStatement,Tax,125061.81
SME1050,2023,IncomeStatement,Net Profit,375185.43
SME1050,2023,BalanceSheet,Cash & Cash Equivalents,2146872.72
SME1050,2023,BalanceSheet,Accounts Receivable,6531330.98
SME1050,2023,BalanceSheet,Inventory,5303736.27
SME1050,2023,BalanceSheet,Other Current Assets,699097.0
SME1050,2023,BalanceSheet,Net Fixed Assets,27946487.57
SME1050,2023,BalanceSheet,Total Assets,41928427.55
SME1050,2023,BalanceSheet,Short Term Loan,6553918.71
SME1050,2023,BalanceSheet,Accounts Payable,6615689.9
SME1050,2023,BalanceSheet,Other Current Liabilities,1398194.0
SME1050,2023,BalanceSheet,Long Term Loan,8401830.57
SME1050,2023,BalanceSheet,Total Liabilities,14955749.27
SME1050,2023,BalanceSheet,Share Capital,10789071.31
SME1050,2023,BalanceSheet,Retained Earnings,16183606.97
SME1050,2023,BalanceSheet,Total Equity,26972678.28
SME1050,2022,IncomeStatement,Revenue,28806408.03
SME1050,2022,IncomeStatement,Cost of Goods Sold,17821696.5
SME1050,2022,IncomeStatement,Gross Profit,10984711.53
SME1050,2022,IncomeStatement,Operating Expenses,4103930.35
SME1050,2022,IncomeStatement,EBITDA,6880781.18
SME1050,2022,IncomeStatement,Depreciation,3961159.93
SME1050,2022,IncomeStatement,EBIT,2919621.25
SME1050,2022,IncomeStatement,Interest Expense,3586616.39
SME1050,2022,IncomeStatement,Profit Before Tax,-666995.14
SME1050,2022,IncomeStatement,Tax,0.0
SME1050,2022,IncomeStatement,Net Profit,-666995.14
SME1050,2022,BalanceSheet,Cash & Cash Equivalents,4099754.53
SME1050,2022,BalanceSheet,Accounts Receivable,7142261.46
SME1050,2022,BalanceSheet,Inventory,6263667.74
SME1050,2022,BalanceSheet,Other Current Assets,875284.19
SME1050,2022,BalanceSheet,Net Fixed Assets,24422743.82
SME1050,2022,BalanceSheet,Total Assets,41928427.55
SME1050,2022,BalanceSheet,Short Term Loan,8205644.45
SME1050,2022,BalanceSheet,Accounts Payable,8660844.54
SME1050,2022,BalanceSheet,Other Current Liabilities,1750568.37
SME1050,2022,BalanceSheet,Long Term Loan,6750104.83
SME1050,2022,BalanceSheet,Total Liabilities,14955749.27
SME1050,2022,BalanceSheet,Share Capital,10789071.31
SME1050,2022,BalanceSheet,Retained Earnings,16183606.97
SME1050,2022,BalanceSheet,Total Equity,26972678.28
SME1050,2021,IncomeStatement,Revenue,29258211.4
SME1050,2021,IncomeStatement,Cost of Goods Sold,19738423.53
SME1050,2021,IncomeStatement,Gross Profit,9519787.87
SME1050,2021,IncomeStatement,Operating Expenses,4615784.27
SME1050,2021,IncomeStatement,EBITDA,4904003.6
SME1050,2021,IncomeStatement,Depreciation,3185042.38
SME1050,2021,IncomeStatement,EBIT,1718961.22
SME1050,2021,IncomeStatement,Interest Expense,2556218.43
SME1050,2021,IncomeStatement,Profit Before Tax,-837257.21
SME1050,2021,IncomeStatement,Tax,0.0
SME1050,2021,IncomeStatement,Net Profit,-837257.21
SME1050,2021,BalanceSheet,Cash & Cash Equivalents,3736940.11
SME1050,2021,BalanceSheet,Accounts Receivable,6467792.22
SME1050,2021,BalanceSheet,Inventory,7670044.32
SME1050,2021,BalanceSheet,Other Current Assets,893738.83
SME1050,2021,BalanceSheet,Net Fixed Assets,24053650.91
SME1050,2021,BalanceSheet,Total Assets,41928427.55
SME1050,2021,BalanceSheet,Short Term Loan,8378653.7
SME1050,2021,BalanceSheet,Accounts Payable,7516176.62
SME1050,2021,BalanceSheet,Other Current Liabilities,1787477.66
SME1050,2021,BalanceSheet,Long Term Loan,6577095.58
SME1050,2021,BalanceSheet,Total Liabilities,14955749.27
SME1050,2021,BalanceSheet,Share Capital,10789071.31
SME1050,2021,BalanceSheet,Retained Earnings,16183606.97
SME1050,2021,BalanceSheet,Total Equity,26972678.28
SME1051,2023,IncomeStatement,Revenue,260672303.94
SME1051,2023,IncomeStatement,Cost of Goods Sold,179966397.58
SME1051,2023,IncomeStatement,Gross Profit,80705906.36
SME1051,2023,IncomeStatement,Operating Expenses,31089788.68
SME1051,2023,IncomeStatement,EBITDA,49616117.68
SME1051,2023,IncomeStatement,Depreciation,4992637.89
SME1051,2023,IncomeStatement,EBIT,44623479.79
SME1051,2023,IncomeStatement,Interest Expense,32455661.34
SME1051,2023,IncomeStatement,Profit Before Tax,12167818.45
SME1051,2023,IncomeStatement,Tax,3041954.61
SME1051,2023,IncomeStatement,Net Profit,9125863.84
SME1051,2023,BalanceSheet,Cash & Cash Equivalents,2143399.11
SME1051,2023,BalanceSheet,Accounts Receivable,9683907.08
SME1051,2023,BalanceSheet,Inventory,8326272.78
SME1051,2023,BalanceSheet,Other Current Assets,1007678.95
SME1051,2023,BalanceSheet,Net Fixed Assets,38939116.79
SME1051,2023,BalanceSheet,Total Assets,59092695.76
SME1051,2023,BalanceSheet,Short Term Loan,19377799.32
SME1051,2023,BalanceSheet,Accounts Payable,7467140.07
SME1051,2023,BalanceSheet,Other Current Liabilities,2015357.9
SME1051,2023,BalanceSheet,Long Term Loan,21824437.88
SME1051,2023,BalanceSheet,Total Liabilities,41202237.2
SME1051,2023,BalanceSheet,Share Capital,7156183.42
SME1051,2023,BalanceSheet,Retained Earnings,10734275.14
SME1051,2023,BalanceSheet,Total Equity,17890458.56
SME1051,2022,IncomeStatement,Revenue,333098136.82
SME1051,2022,IncomeStatement,Cost of Goods Sold,213576963.93
SME1051,2022,IncomeStatement,Gross Profit,119521172.89
SME1051,2022,IncomeStatement,Operating Expenses,59283153.84
SME1051,2022,IncomeStatement,EBITDA,60238019.05
SME1051,2022,IncomeStatement,Depreciation,5755346.04
SME1051,2022,IncomeStatement,EBIT,54482673.01
SME1051,2022,IncomeStatement,Interest Expense,39403823.55
SME1051,2022,IncomeStatement,Profit Before Tax,15078849.46
SME1051,2022,IncomeStatement,Tax,3769712.37
SME1051,2022,IncomeStatement,Net Profit,11309137.1
SME1051,2022,BalanceSheet,Cash & Cash Equivalents,3478994.71
SME1051,2022,BalanceSheet,Accounts Receivable,7193499.01
SME1051,2022,BalanceSheet,Inventory,7111333.81
SME1051,2022,BalanceSheet,Other Current Assets,889191.38
SME1051,2022,BalanceSheet,Net Fixed Assets,41308868.23
SME1051,2022,BalanceSheet,Total Assets,59092695.76
SME1051,2022,BalanceSheet,Short Term Loan,17099267.66
SME1051,2022,BalanceSheet,Accounts Payable,8184458.79
SME1051,2022,BalanceSheet,Other Current Liabilities,1778382.75
SME1051,2022,BalanceSheet,Long Term Loan,24102969.55
SME1051,2022,BalanceSheet,Total Liabilities,41202237.2
SME1051,2022,BalanceSheet,Share Capital,7156183.42
SME1051,2022,BalanceSheet,Retained Earnings,10734275.14
SME1051,2022,BalanceSheet,Total Equity,17890458.56
SME1051,2021,IncomeStatement,Revenue,273677200.83
SME1051,2021,IncomeStatement,Cost of Goods Sold,203319830.74
SME1051,2021,IncomeStatement,Gross Profit,70357370.09
SME1051,2021,IncomeStatement,Operating Expenses,23116328.61
SME1051,2021,IncomeStatement,EBITDA,47241041.48
SME1051,2021,IncomeStatement,Depreciation,4749790.82
SME1051,2021,IncomeStatement,EBIT,42491250.66
SME1051,2021,IncomeStatement,Interest Expense,30902039.81
SME1051,2021,IncomeStatement,Profit Before Tax,11589210.85
SME1051,2021,IncomeStatement,Tax,2897302.71
SME1051,2021,IncomeStatement,Net Profit,8691908.14
SME1051,2021,BalanceSheet,Cash & Cash Equivalents,2508105.98
SME1051,2021,BalanceSheet,Accounts Receivable,8583279.64
SME1051,2021,BalanceSheet,Inventory,12745429.39
SME1051,2021,BalanceSheet,Other Current Assets,1191840.75
SME1051,2021,BalanceSheet,Net Fixed Assets,35255880.76
SME1051,2021,BalanceSheet,Total Assets,59092695.76
SME1051,2021,BalanceSheet,Short Term Loan,22919255.1
SME1051,2021,BalanceSheet,Accounts Payable,10862509.89
SME1051,2021,BalanceSheet,Other Current Liabilities,2383681.5
SME1051,2021,BalanceSheet,Long Term Loan,18282982.1
SME1051,2021,BalanceSheet,Total Liabilities,41202237.2
SME1051,2021,BalanceSheet,Share Capital,7156183.42
SME1051,2021,BalanceSheet,Retained Earnings,10734275.14
SME1051,2021,BalanceSheet,Total Equity,17890458.56
SME1052,2023,IncomeStatement,Revenue,508975095.94
SME1052,2023,IncomeStatement,Cost of Goods Sold,333786889.32
SME1052,2023,IncomeStatement,Gross Profit,175188206.63
SME1052,2023,IncomeStatement,Operating Expenses,79293142.01
SME1052,2023,IncomeStatement,EBITDA,95895064.62
SME1052,2023,IncomeStatement,Depreciation,17492919.26
SME1052,2023,IncomeStatement,EBIT,78402145.35
SME1052,2023,IncomeStatement,Interest Expense,57112281.36
SME1052,2023,IncomeStatement,Profit Before Tax,21289863.99
SME1052,2023,IncomeStatement,Tax,5322466.0
SME1052,2023,IncomeStatement,Net Profit,15967397.99
SME1052,2023,BalanceSheet,Cash & Cash Equivalents,16376390.33
SME1052,2023,BalanceSheet,Accounts Receivable,45880534.34
SME1052,2023,BalanceSheet,Inventory,40284507.16
SME1052,2023,BalanceSheet,Other Current Assets,5127071.59
SME1052,2023,BalanceSheet,Net Fixed Assets,119743048.92
SME1052,2023,BalanceSheet,Total Assets,222284480.76
SME1052,2023,BalanceSheet,Short Term Loan,75229017.98
SME1052,2023,BalanceSheet,Accounts Payable,35881536.81
SME1052,2023,BalanceSheet,Other Current Liabilities,10254143.18
SME1052,2023,BalanceSheet,Long Term Loan,73476677.12
SME1052,2023,BalanceSheet,Total Liabilities,148705695.1
SME1052,2023,BalanceSheet,Share Capital,29431514.26
SME1052,2023,BalanceSheet,Retained Earnings,44147271.4
SME1052,2023,BalanceSheet,Total Equity,73578785.66
SME1052,2022,IncomeStatement,Revenue,325236721.02
SME1052,2022,IncomeStatement,Cost of Goods Sold,231032304.46
SME1052,2022,IncomeStatement,Gross Profit,94204416.55
SME1052,2022,IncomeStatement,Operating Expenses,37663753.99
SME1052,2022,IncomeStatement,EBITDA,56540662.56
SME1052,2022,IncomeStatement,Depreciation,15415288.48
SME1052,2022,IncomeStatement,EBIT,41125374.08
SME1052,2022,IncomeStatement,Interest Expense,33673956.44
SME1052,2022,IncomeStatement,Profit Before Tax,7451417.64
SME1052,2022,IncomeStatement,Tax,1862854.41
SME1052,2022,IncomeStatement,Net Profit,5588563.23
SME1052,2022,BalanceSheet,Cash & Cash Equivalents,14462450.63
SME1052,2022,BalanceSheet,Accounts Receivable,40401114.8
SME1052,2022,BalanceSheet,Inventory,48983737.93
SME1052,2022,BalanceSheet,Other Current Assets,5192365.17
SME1052,2022,BalanceSheet,Net Fixed Assets,118437177.4
SME1052,2022,BalanceSheet,Total Assets,222284480.76
SME1052,2022,BalanceSheet,Short Term Loan,76187064.21
SME1052,2022,BalanceSheet,Accounts Payable,40423042.87
SME1052,2022,BalanceSheet,Other Current Liabilities,10384730.34
SME1052,2022,BalanceSheet,Long Term Loan,72518630.89
SME1052,2022,BalanceSheet,Total Liabilities,148705695.1
SME1052,2022,BalanceSheet,Share Capital,29431514.26
SME1052,2022,BalanceSheet,Retained Earnings,44147271.4
SME1052,2022,BalanceSheet,Total Equity,73578785.66
SME1052,2021,IncomeStatement,Revenue,395070072.47
SME1052,2021,IncomeStatement,Cost of Goods Sold,253965475.15
SME1052,2021,IncomeStatement,Gross Profit,141104597.32
SME1052,2021,IncomeStatement,Operating Expenses,68195256.69
SME1052,2021,IncomeStatement,EBITDA,72909340.63
SME1052,2021,IncomeStatement,Depreciation,16573533.06
SME1052,2021,IncomeStatement,EBIT,56335807.57
SME1052,2021,IncomeStatement,Interest Expense,43422659.89
SME1052,2021,IncomeStatement,Profit Before Tax,12913147.68
SME1052,2021,IncomeStatement,Tax,3228286.92
SME1052,2021,IncomeStatement,Net Profit,9684860.76
SME1052,2021,BalanceSheet,Cash & Cash Equivalents,19612698.35
SME1052,2021,BalanceSheet,Accounts Receivable,35951953.18
SME1052,2021,BalanceSheet,Inventory,30484659.68
SME1052,2021,BalanceSheet,Other Current Assets,4302465.56
SME1052,2021,BalanceSheet,Net Fixed Assets,136235169.56
SME1052,2021,BalanceSheet,Total Assets,222284480.76
SME1052,2021,BalanceSheet,Short Term Loan,63129654.65
SME1052,2021,BalanceSheet,Accounts Payable,41280935.68
SME1052,2021,BalanceSheet,Other Current Liabilities,8604931.12
SME1052,2021,BalanceSheet,Long Term Loan,85576040.45
SME1052,2021,BalanceSheet,Total Liabilities,148705695.1
SME1052,2021,BalanceSheet,Share Capital,29431514.26
SME1052,2021,BalanceSheet,Retained Earnings,44147271.4
SME1052,2021,BalanceSheet,Total Equity,73578785.66
SME1053,2023,IncomeStatement,Revenue,159130988.23
SME1053,2023,IncomeStatement,Cost of Goods Sold,97028665.89
SME1053,2023,IncomeStatement,Gross Profit,62102322.33
SME1053,2023,IncomeStatement,Operating Expenses,25364716.83
SME1053,2023,IncomeStatement,EBITDA,36737605.51
SME1053,2023,IncomeStatement,Depreciation,1692852.19
SME1053,2023,IncomeStatement,EBIT,35044753.32
SME1053,2023,IncomeStatement,Interest Expense,29257367.89
SME1053,2023,IncomeStatement,Profit Before Tax,5787385.43
SME1053,2023,IncomeStatement,Tax,1446846.36
SME1053,2023,IncomeStatement,Net Profit,4340539.07
SME1053,2023,BalanceSheet,Cash & Cash Equivalents,2288981.39
SME1053,2023,BalanceSheet,Accounts Receivable,5414375.17
SME1053,2023,BalanceSheet,Inventory,3366751.62
SME1053,2023,BalanceSheet,Other Current Assets,553505.41
SME1053,2023,BalanceSheet,Net Fixed Assets,6831058.52
SME1053,2023,BalanceSheet,Total Assets,17901166.7
SME1053,2023,BalanceSheet,Short Term Loan,7780724.39
SME1053,2023,BalanceSheet,Accounts Payable,4732914.1
SME1053,2023,BalanceSheet,Other Current Liabilities,1107010.82
SME1053,2023,BalanceSheet,Long Term Loan,5863148.7
SME1053,2023,BalanceSheet,Total Liabilities,13643873.1
SME1053,2023,BalanceSheet,Share Capital,1702917.44
SME1053,2023,BalanceSheet,Retained Earnings,2554376.16
SME1053,2023,BalanceSheet,Total Equity,4257293.6
SME1053,2022,IncomeStatement,Revenue,184616719.17
SME1053,2022,IncomeStatement,Cost of Goods Sold,124858753.98
SME1053,2022,IncomeStatement,Gross Profit,59757965.19
SME1053,2022,IncomeStatement,Operating Expenses,19377864.23
SME1053,2022,IncomeStatement,EBITDA,40380100.96
SME1053,2022,IncomeStatement,Depreciation,1074947.49
SME1053,2022,IncomeStatement,EBIT,39305153.47
SME1053,2022,IncomeStatement,Interest Expense,32158205.55
SME1053,2022,IncomeStatement,Profit Before Tax,7146947.92
SME1053,2022,IncomeStatement,Tax,1786736.98
SME1053,2022,IncomeStatement,Net Profit,5360210.94
SME1053,2022,BalanceSheet,Cash & Cash Equivalents,1814880.09
SME1053,2022,BalanceSheet,Accounts Receivable,2939125.47
SME1053,2022,BalanceSheet,Inventory,3549955.12
SME1053,2022,BalanceSheet,Other Current Assets,415198.03
SME1053,2022,BalanceSheet,Net Fixed Assets,9597206.02
SME1053,2022,BalanceSheet,Total Assets,17901166.7
SME1053,2022,BalanceSheet,Short Term Loan,5836512.92
SME1053,2022,BalanceSheet,Accounts Payable,3411302.65
SME1053,2022,BalanceSheet,Other Current Liabilities,830396.07
SME1053,2022,BalanceSheet,Long Term Loan,7807360.17
SME1053,2022,BalanceSheet,Total Liabilities,13643873.1
SME1053,2022,BalanceSheet,Share Capital,1702917.44
SME1053,2022,BalanceSheet,Retained Earnings,2554376.16
SME1053,2022,BalanceSheet,Total Equity,4257293.6
SME1053,2021,IncomeStatement,Revenue,153751638.33
SME1053,2021,IncomeStatement,Cost of Goods Sold,110785629.06
SME1053,2021,IncomeStatement,Gross Profit,42966009.27
SME1053,2021,IncomeStatement,Operating Expenses,17630216.24
SME1053,2021,IncomeStatement,EBITDA,25335793.03
SME1053,2021,IncomeStatement,Depreciation,1442787.82
SME1053,2021,IncomeStatement,EBIT,23893005.22
SME1053,2021,IncomeStatement,Interest Expense,20177107.55
SME1053,2021,IncomeStatement,Profit Before Tax,3715897.66
SME1053,2021,IncomeStatement,Tax,928974.42
SME1053,2021,IncomeStatement,Net Profit,2786923.25
SME1053,2021,BalanceSheet,Cash & Cash Equivalents,1185716.26
SME1053,2021,BalanceSheet,Accounts Receivable,4049262.24
SME1053,2021,BalanceSheet,Inventory,2864529.96
SME1053,2021,BalanceSheet,Other Current Assets,404975.42
SME1053,2021,BalanceSheet,Net Fixed Assets,9801658.23
SME1053,2021,BalanceSheet,Total Assets,17901166.7
SME1053,2021,BalanceSheet,Short Term Loan,5692811.86
SME1053,2021,BalanceSheet,Accounts Payable,3594350.72
SME1053,2021,BalanceSheet,Other Current Liabilities,809950.85
SME1053,2021,BalanceSheet,Long Term Loan,7951061.24
SME1053,2021,BalanceSheet,Total Liabilities,13643873.1
SME1053,2021,BalanceSheet,Share Capital,1702917.44
SME1053,2021,BalanceSheet,Retained Earnings,2554376.16
SME1053,2021,BalanceSheet,Total Equity,4257293.6
SME1054,2023,IncomeStatement,Revenue,575124163.68
SME1054,2023,IncomeStatement,Cost of Goods Sold,383893179.03
SME1054,2023,IncomeStatement,Gross Profit,191230984.65
SME1054,2023,IncomeStatement,Operating Expenses,83380877.78
SME1054,2023,IncomeStatement,EBITDA,107850106.86
SME1054,2023,IncomeStatement,Depreciation,26629731.85
SME1054,2023,IncomeStatement,EBIT,81220375.01
SME1054,2023,IncomeStatement,Interest Expense,54680194.26
SME1054,2023,IncomeStatement,Profit Before Tax,26540180.75
SME1054,2023,IncomeStatement,Tax,6635045.19
SME1054,2023,IncomeStatement,Net Profit,19905135.57
SME1054,2023,BalanceSheet,Cash & Cash Equivalents,36835185.38
SME1054,2023,BalanceSheet,Accounts Receivable,75688336.35
SME1054,2023,BalanceSheet,Inventory,57193030.7
SME1054,2023,BalanceSheet,Other Current Assets,8485827.62
SME1054,2023,BalanceSheet,Net Fixed Assets,226407495.23
SME1054,2023,BalanceSheet,Total Assets,396124047.67
SME1054,2023,BalanceSheet,Short Term Loan,162524762.19
SME1054,2023,BalanceSheet,Accounts Payable,57091396.97
SME1054,2023,BalanceSheet,Other Current Liabilities,16971655.24
SME1054,2023,BalanceSheet,Long Term Loan,119836274.14
SME1054,2023,BalanceSheet,Total Liabilities,282361036.33
SME1054,2023,BalanceSheet,Share Capital,45505204.54
SME1054,2023,BalanceSheet,Retained Earnings,68257806.8
SME1054,2023,BalanceSheet,Total Equity,113763011.34
SME1054,2022,IncomeStatement,Revenue,599273131.09
SME1054,2022,IncomeStatement,Cost of Goods Sold,398452355.92
SME1054,2022,IncomeStatement,Gross Profit,200820775.17
SME1054,2022,IncomeStatement,Operating Expenses,96824221.39
SME1054,2022,IncomeStatement,EBITDA,103996553.78
SME1054,2022,IncomeStatement,Depreciation,20903720.51
SME1054,2022,IncomeStatement,EBIT,83092833.27
SME1054,2022,IncomeStatement,Interest Expense,52726436.05
SME1054,2022,IncomeStatement,Profit Before Tax,30366397.22
SME1054,2022,IncomeStatement,Tax,7591599.31
SME1054,2022,IncomeStatement,Net Profit,22774797.92
SME1054,2022,BalanceSheet,Cash & Cash Equivalents,15401520.85
SME1054,2022,BalanceSheet,Accounts Receivable,46936306.0
SME1054,2022,BalanceSheet,Inventory,62926347.5
SME1054,2022,BalanceSheet,Other Current Assets,6263208.72
SME1054,2022,BalanceSheet,Net Fixed Assets,270859873.32
SME1054,2022,BalanceSheet,Total Assets,396124047.67
SME1054,2022,BalanceSheet,Short Term Loan,119956067.07
SME1054,2022,BalanceSheet,Accounts Payable,45662818.82
SME1054,2022,BalanceSheet,Other Current Liabilities,12526417.44
SME1054,2022,BalanceSheet,Long Term Loan,162404969.26
SME1054,2022,BalanceSheet,Total Liabilities,282361036.33
SME1054,2022,BalanceSheet,Share Capital,45505204.54
SME1054,2022,BalanceSheet,Retained Earnings,68257806.8
SME1054,2022,BalanceSheet,Total Equity,113763011.34
SME1054,2021,IncomeStatement,Revenue,500621708.09
SME1054,2021,IncomeStatement,Cost of Goods Sold,326357024.83
SME1054,2021,IncomeStatement,Gross Profit,174264683.26
SME1054,2021,IncomeStatement,Operating Expenses,85072674.4
SME1054,2021,IncomeStatement,EBITDA,89192008.86
SME1054,2021,IncomeStatement,Depreciation,37531286.21
SME1054,2021,IncomeStatement,EBIT,51660722.65
SME1054,2021,IncomeStatement,Interest Expense,45220505.68
SME1054,2021,IncomeStatement,Profit Before Tax,6440216.97
SME1054,2021,IncomeStatement,Tax,1610054.24
SME1054,2021,IncomeStatement,Net Profit,4830162.72
SME1054,2021,BalanceSheet,Cash & Cash Equivalents,23091576.73
SME1054,2021,BalanceSheet,Accounts Receivable,74726817.21
SME1054,2021,BalanceSheet,Inventory,70009522.92
SME1054,2021,BalanceSheet,Other Current Assets,8391395.84
SME1054,2021,BalanceSheet,Net Fixed Assets,228296130.81
SME1054,2021,BalanceSheet,Total Assets,396124047.67
SME1054,2021,BalanceSheet,Short Term Loan,160716158.12
SME1054,2021,BalanceSheet,Accounts Payable,68837688.52
SME1054,2021,BalanceSheet,Other Current Liabilities,16782791.69
SME1054,2021,BalanceSheet,Long Term Loan,121644878.21
SME1054,2021,BalanceSheet,Total Liabilities,282361036.33
SME1054,2021,BalanceSheet,Share Capital,45505204.54
SME1054,2021,BalanceSheet,Retained Earnings,68257806.8
SME1054,2021,BalanceSheet,Total Equity,113763011.34
SME1055,2023,IncomeStatement,Revenue,47049825.18
SME1055,2023,IncomeStatement,Cost of Goods Sold,29318117.11
SME1055,2023,IncomeStatement,Gross Profit,17731708.08
SME1055,2023,IncomeStatement,Operating Expenses,7655604.23
SME1055,2023,IncomeStatement,EBITDA,10076103.85
SME1055,2023,IncomeStatement,Depreciation,3205041.12
SME1055,2023,IncomeStatement,EBIT,6871062.74
SME1055,2023,IncomeStatement,Interest Expense,8049470.15
SME1055,2023,IncomeStatement,Profit Before Tax,-1178407.41
SME1055,2023,IncomeStatement,Tax,0.0
SME1055,2023,IncomeStatement,Net Profit,-1178407.41
SME1055,2023,BalanceSheet,Cash & Cash Equivalents,4008733.61
SME1055,2023,BalanceSheet,Accounts Receivable,7694892.61
SME1055,2023,BalanceSheet,Inventory,6004397.68
SME1055,2023,BalanceSheet,Other Current Assets,885401.19
SME1055,2023,BalanceSheet,Net Fixed Assets,19546190.65
SME1055,2023,BalanceSheet,Total Assets,37254214.55
SME1055,2023,BalanceSheet,Short Term Loan,11789170.47
SME1055,2023,BalanceSheet,Accounts Payable,8235067.88
SME1055,2023,BalanceSheet,Other Current Liabilities,1770802.39
SME1055,2023,BalanceSheet,Long Term Loan,10837589.34
SME1055,2023,BalanceSheet,Total Liabilities,22626759.81
SME1055,2023,BalanceSheet,Share Capital,5850981.89
SME1055,2023,BalanceSheet,Retained Earnings,8776472.84
SME1055,2023,BalanceSheet,Total Equity,14627454.74
SME1055,2022,IncomeStatement,Revenue,29132884.76
SME1055,2022,IncomeStatement,Cost of Goods Sold,17678395.88
SME1055,2022,IncomeStatement,Gross Profit,11454488.88
SME1055,2022,IncomeStatement,Operating Expenses,4905851.6
SME1055,2022,IncomeStatement,EBITDA,6548637.29
SME1055,2022,IncomeStatement,Depreciation,2937068.69
SME1055,2022,IncomeStatement,EBIT,3611568.6
SME1055,2022,IncomeStatement,Interest Expense,5231492.36
SME1055,2022,IncomeStatement,Profit Before Tax,-1619923.76
SME1055,2022,IncomeStatement,Tax,0.0
SME1055,2022,IncomeStatement,Net Profit,-1619923.76
SME1055,2022,BalanceSheet,Cash & Cash Equivalents,3875228.02
SME1055,2022,BalanceSheet,Accounts Receivable,7433298.48
SME1055,2022,BalanceSheet,Inventory,6712114.49
SME1055,2022,BalanceSheet,Other Current Assets,901032.05
SME1055,2022,BalanceSheet,Net Fixed Assets,19233573.55
SME1055,2022,BalanceSheet,Total Assets,37254214.55
SME1055,2022,BalanceSheet,Short Term Loan,11997296.25
SME1055,2022,BalanceSheet,Accounts Payable,7709198.47
SME1055,2022,BalanceSheet,Other Current Liabilities,1802064.1
SME1055,2022,BalanceSheet,Long Term Loan,10629463.57
SME1055,2022,BalanceSheet,Total Liabilities,22626759.81
SME1055,2022,BalanceSheet,Share Capital,5850981.89
SME1055,2022,BalanceSheet,Retained Earnings,8776472.84
SME1055,2022,BalanceSheet,Total Equity,14627454.74
SME1055,2021,IncomeStatement,Revenue,33480372.95
SME1055,2021,IncomeStatement,Cost of Goods Sold,23237876.51
SME1055,2021,IncomeStatement,Gross Profit,10242496.43
SME1055,2021,IncomeStatement,Operating Expenses,3666141.11
SME1055,2021,IncomeStatement,EBITDA,6576355.32
SME1055,2021,IncomeStatement,Depreciation,3644673.26
SME1055,2021,IncomeStatement,EBIT,2931682.06
SME1055,2021,IncomeStatement,Interest Expense,5253635.39
SME1055,2021,IncomeStatement,Profit Before Tax,-2321953.33
SME1055,2021,IncomeStatement,Tax,0.0
SME1055,2021,IncomeStatement,Net Profit,-2321953.33
SME1055,2021,BalanceSheet,Cash & Cash Equivalents,3724902.91
SME1055,2021,BalanceSheet,Accounts Receivable,7641232.66
SME1055,2021,BalanceSheet,Inventory,5511293.13
SME1055,2021,BalanceSheet,Other Current Assets,843871.44
SME1055,2021,BalanceSheet,Net Fixed Assets,20376785.85
SME1055,2021,BalanceSheet,Total Assets,37254214.55
SME1055,2021,BalanceSheet,Short Term Loan,11236199.21
SME1055,2021,BalanceSheet,Accounts Payable,6067212.4
SME1055,2021,BalanceSheet,Other Current Liabilities,1687742.87
SME1055,2021,BalanceSheet,Long Term Loan,11390560.61
SME1055,2021,BalanceSheet,Total Liabilities,22626759.81
SME1055,2021,BalanceSheet,Share Capital,5850981.89
SME1055,2021,BalanceSheet,Retained Earnings,8776472.84
SME1055,2021,BalanceSheet,Total Equity,14627454.74
SME1056,2023,IncomeStatement,Revenue,101859414.22
SME1056,2023,IncomeStatement,Cost of Goods Sold,65891569.07
SME1056,2023,IncomeStatement,Gross Profit,35967845.15
SME1056,2023,IncomeStatement,Operating Expenses,15957946.55
SME1056,2023,IncomeStatement,EBITDA,20009898.6
SME1056,2023,IncomeStatement,Depreciation,4003965.39
SME1056,2023,IncomeStatement,EBIT,16005933.21
SME1056,2023,IncomeStatement,Interest Expense,15108363.13
SME1056,2023,IncomeStatement,Profit Before Tax,897570.08
SME1056,2023,IncomeStatement,Tax,224392.52
SME1056,2023,IncomeStatement,Net Profit,673177.56
SME1056,2023,BalanceSheet,Cash & Cash Equivalents,5484159.6
SME1056,2023,BalanceSheet,Accounts Receivable,8229707.13
SME1056,2023,BalanceSheet,Inventory,8551757.91
SME1056,2023,BalanceSheet,Other Current Assets,1113281.23
SME1056,2023,BalanceSheet,Net Fixed Assets,23910894.25
SME1056,2023,BalanceSheet,Total Assets,46176518.89
SME1056,2023,BalanceSheet,Short Term Loan,16048443.23
SME1056,2023,BalanceSheet,Accounts Payable,8329749.19
SME1056,2023,BalanceSheet,Other Current Liabilities,2226562.46
SME1056,2023,BalanceSheet,Long Term Loan,12000651.78
SME1056,2023,BalanceSheet,Total Liabilities,28049095.01
SME1056,2023,BalanceSheet,Share Capital,7250969.55
SME1056,2023,BalanceSheet,Retained Earnings,10876454.33
SME1056,2023,BalanceSheet,Total Equity,18127423.88
SME1056,2022,IncomeStatement,Revenue,93486299.57
SME1056,2022,IncomeStatement,Cost of Goods Sold,60566724.25
SME1056,2022,IncomeStatement,Gross Profit,32919575.32
SME1056,2022,IncomeStatement,Operating Expenses,12947088.36
SME1056,2022,IncomeStatement,EBITDA,19972486.97
SME1056,2022,IncomeStatement,Depreciation,2926371.49
SME1056,2022,IncomeStatement,EBIT,17046115.48
SME1056,2022,IncomeStatement,Interest Expense,15080115.69
SME1056,2022,IncomeStatement,Profit Before Tax,1965999.79
SME1056,2022,IncomeStatement,Tax,491499.95
SME1056,2022,IncomeStatement,Net Profit,1474499.85
SME1056,2022,BalanceSheet,Cash & Cash Equivalents,2003638.77
SME1056,2022,BalanceSheet,Accounts Receivable,6885116.46
SME1056,2022,BalanceSheet,Inventory,8606950.2
SME1056,2022,BalanceSheet,Other Current Assets,874785.27
SME1056,2022,BalanceSheet,Net Fixed Assets,28680813.47
SME1056,2022,BalanceSheet,Total Assets,46176518.89
SME1056,2022,BalanceSheet,Short Term Loan,12610418.06
SME1056,2022,BalanceSheet,Accounts Payable,6592906.09
SME1056,2022,BalanceSheet,Other Current Liabilities,1749570.54
SME1056,2022,BalanceSheet,Long Term Loan,15438676.95
SME1056,2022,BalanceSheet,Total Liabilities,28049095.01
SME1056,2022,BalanceSheet,Share Capital,7250969.55
SME1056,2022,BalanceSheet,Retained Earnings,10876454.33
SME1056,2022,BalanceSheet,Total Equity,18127423.88
SME1056,2021,IncomeStatement,Revenue,88891278.7
SME1056,2021,IncomeStatement,Cost of Goods Sold,56645126.62
SME1056,2021,IncomeStatement,Gross Profit,32246152.08
SME1056,2021,IncomeStatement,Operating Expenses,15254413.08
SME1056,2021,IncomeStatement,EBITDA,16991738.99
SME1056,2021,IncomeStatement,Depreciation,2677544.67
SME1056,2021,IncomeStatement,EBIT,14314194.33
SME1056,2021,IncomeStatement,Interest Expense,12829518.44
SME1056,2021,IncomeStatement,Profit Before Tax,1484675.89
SME1056,2021,IncomeStatement,Tax,371168.97
SME1056,2021,IncomeStatement,Net Profit,1113506.92
SME1056,2021,BalanceSheet,Cash & Cash Equivalents,3381143.79
SME1056,2021,BalanceSheet,Accounts Receivable,7189812.35
SME1056,2021,BalanceSheet,Inventory,7543635.02
SME1056,2021,BalanceSheet,Other Current Assets,905729.56
SME1056,2021,BalanceSheet,Net Fixed Assets,28061927.74
SME1056,2021,BalanceSheet,Total Assets,46176518.89
SME1056,2021,BalanceSheet,Short Term Loan,13056493.69
SME1056,2021,BalanceSheet,Accounts Payable,8199103.69
SME1056,2021,BalanceSheet,Other Current Liabilities,1811459.12
SME1056,2021,BalanceSheet,Long Term Loan,14992601.32
SME1056,2021,BalanceSheet,Total Liabilities,28049095.01
SME1056,2021,BalanceSheet,Share Capital,7250969.55
SME1056,2021,BalanceSheet,Retained Earnings,10876454.33
SME1056,2021,BalanceSheet,Total Equity,18127423.88
SME1057,2023,IncomeStatement,Revenue,648399601.06
SME1057,2023,IncomeStatement,Cost of Goods Sold,438199258.86
SME1057,2023,IncomeStatement,Gross Profit,210200342.2
SME1057,2023,IncomeStatement,Operating Expenses,103699674.77
SME1057,2023,IncomeStatement,EBITDA,106500667.43
SME1057,2023,IncomeStatement,Depreciation,17110823.95
SME1057,2023,IncomeStatement,EBIT,89389843.48
SME1057,2023,IncomeStatement,Interest Expense,104088286.27
SME1057,2023,IncomeStatement,Profit Before Tax,-14698442.79
SME1057,2023,IncomeStatement,Tax,0.0
SME1057,2023,IncomeStatement,Net Profit,-14698442.79
SME1057,2023,BalanceSheet,Cash & Cash Equivalents,11065849.68
SME1057,2023,BalanceSheet,Accounts Receivable,43636966.27
SME1057,2023,BalanceSheet,Inventory,48157758.28
SME1057,2023,BalanceSheet,Other Current Assets,5143028.71
SME1057,2023,BalanceSheet,Net Fixed Assets,178765603.43
SME1057,2023,BalanceSheet,Total Assets,281626177.65
SME1057,2023,BalanceSheet,Short Term Loan,86793069.02
SME1057,2023,BalanceSheet,Accounts Payable,49009761.31
SME1057,2023,BalanceSheet,Other Current Liabilities,10286057.42
SME1057,2023,BalanceSheet,Long Term Loan,97645815.29
SME1057,2023,BalanceSheet,Total Liabilities,184438884.31
SME1057,2023,BalanceSheet,Share Capital,38874917.34
SME1057,2023,BalanceSheet,Retained Earnings,58312376.01
SME1057,2023,BalanceSheet,Total Equity,97187293.35
SME1057,2022,IncomeStatement,Revenue,512567156.43
SME1057,2022,IncomeStatement,Cost of Goods Sold,343721398.65
SME1057,2022,IncomeStatement,Gross Profit,168845757.78
SME1057,2022,IncomeStatement,Operating Expenses,68777318.58
SME1057,2022,IncomeStatement,EBITDA,100068439.19
SME1057,2022,IncomeStatement,Depreciation,26010604.64
SME1057,2022,IncomeStatement,EBIT,74057834.56
SME1057,2022,IncomeStatement,Interest Expense,97801756.52
SME1057,2022,IncomeStatement,Profit Before Tax,-23743921.96
SME1057,2022,IncomeStatement,Tax,0.0
SME1057,2022,IncomeStatement,Net Profit,-23743921.96
SME1057,2022,BalanceSheet,Cash & Cash Equivalents,24694226.55
SME1057,2022,BalanceSheet,Accounts Receivable,48792213.58
SME1057,2022,BalanceSheet,Inventory,32785457.6
SME1057,2022,BalanceSheet,Other Current Assets,5313594.89
SME1057,2022,BalanceSheet,Net Fixed Assets,175354279.92
SME1057,2022,BalanceSheet,Total Assets,281626177.65
SME1057,2022,BalanceSheet,Short Term Loan,89671521.12
SME1057,2022,BalanceSheet,Accounts Payable,48116870.91
SME1057,2022,BalanceSheet,Other Current Liabilities,10627189.77
SME1057,2022,BalanceSheet,Long Term Loan,94767363.19
SME1057,2022,BalanceSheet,Total Liabilities,184438884.31
SME1057,2022,BalanceSheet,Share Capital,38874917.34
SME1057,2022,BalanceSheet,Retained Earnings,58312376.01
SME1057,2022,BalanceSheet,Total Equity,97187293.35
SME1057,2021,IncomeStatement,Revenue,448924720.57
SME1057,2021,IncomeStatement,Cost of Goods Sold,296329481.18
SME1057,2021,IncomeStatement,Gross Profit,152595239.38
SME1057,2021,IncomeStatement,Operating Expenses,63183024.61
SME1057,2021,IncomeStatement,EBITDA,89412214.78
SME1057,2021,IncomeStatement,Depreciation,16822310.31
SME1057,2021,IncomeStatement,EBIT,72589904.46
SME1057,2021,IncomeStatement,Interest Expense,87386909.7
SME1057,2021,IncomeStatement,Profit Before Tax,-14797005.23
SME1057,2021,IncomeStatement,Tax,0.0
SME1057,2021,IncomeStatement,Net Profit,-14797005.23
SME1057,2021,BalanceSheet,Cash & Cash Equivalents,12392945.15
SME1057,2021,BalanceSheet,Accounts Receivable,47508995.35
SME1057,2021,BalanceSheet,Inventory,51716285.75
SME1057,2021,BalanceSheet,Other Current Assets,5580911.31
SME1057,2021,BalanceSheet,Net Fixed Assets,170007951.41
SME1057,2021,BalanceSheet,Total Assets,281626177.65
SME1057,2021,BalanceSheet,Short Term Loan,94182717.59
SME1057,2021,BalanceSheet,Accounts Payable,50549754.16
SME1057,2021,BalanceSheet,Other Current Liabilities,11161822.62
SME1057,2021,BalanceSheet,Long Term Loan,90256166.71
SME1057,2021,BalanceSheet,Total Liabilities,184438884.31
SME1057,2021,BalanceSheet,Share Capital,38874917.34
SME1057,2021,BalanceSheet,Retained Earnings,58312376.01
SME1057,2021,BalanceSheet,Total Equity,97187293.35
SME1058,2023,IncomeStatement,Revenue,114900554.12
SME1058,2023,IncomeStatement,Cost of Goods Sold,82640452.27
SME1058,2023,IncomeStatement,Gross Profit,32260101.85
SME1058,2023,IncomeStatement,Operating Expenses,11865815.82
SME1058,2023,IncomeStatement,EBITDA,20394286.03
SME1058,2023,IncomeStatement,Depreciation,9599556.27
SME1058,2023,IncomeStatement,EBIT,10794729.76
SME1058,2023,IncomeStatement,Interest Expense,11457037.63
SME1058,2023,IncomeStatement,Profit Before Tax,-662307.86
SME1058,2023,IncomeStatement,Tax,0.0
SME1058,2023,IncomeStatement,Net Profit,-662307.86
SME1058,2023,BalanceSheet,Cash & Cash Equivalents,5719091.9
SME1058,2023,BalanceSheet,Accounts Receivable,18777642.69
SME1058,2023,BalanceSheet,Inventory,19544155.12
SME1058,2023,BalanceSheet,Other Current Assets,2202044.49
SME1058,2023,BalanceSheet,Net Fixed Assets,54977273.34
SME1058,2023,BalanceSheet,Total Assets,99018163.06
SME1058,2023,BalanceSheet,Short Term Loan,41571324.01
SME1058,2023,BalanceSheet,Accounts Payable,17617042.07
SME1058,2023,BalanceSheet,Other Current Liabilities,4404088.97
SME1058,2023,BalanceSheet,Long Term Loan,33876678.8
SME1058,2023,BalanceSheet,Total Liabilities,75448002.81
SME1058,2023,BalanceSheet,Share Capital,9428064.1
SME1058,2023,BalanceSheet,Retained Earnings,14142096.15
SME1058,2023,BalanceSheet,Total Equity,23570160.24
SME1058,2022,IncomeStatement,Revenue,97061233.84
SME1058,2022,IncomeStatement,Cost of Goods Sold,60231878.23
SME1058,2022,IncomeStatement,Gross Profit,36829355.61
SME1058,2022,IncomeStatement,Operating Expenses,13501941.6
SME1058,2022,IncomeStatement,EBITDA,23327414.01
SME1058,2022,IncomeStatement,Depreciation,7296371.93
SME1058,2022,IncomeStatement,EBIT,16031042.08
SME1058,2022,IncomeStatement,Interest Expense,13104801.01
SME1058,2022,IncomeStatement,Profit Before Tax,2926241.08
SME1058,2022,IncomeStatement,Tax,731560.27
SME1058,2022,IncomeStatement,Net Profit,2194680.81
SME1058,2022,BalanceSheet,Cash & Cash Equivalents,7499597.01
SME1058,2022,BalanceSheet,Accounts Receivable,16784263.17
SME1058,2022,BalanceSheet,Inventory,14993573.62
SME1058,2022,BalanceSheet,Other Current Assets,1963871.69
SME1058,2022,BalanceSheet,Net Fixed Assets,59740729.26
SME1058,2022,BalanceSheet,Total Assets,99018163.06
SME1058,2022,BalanceSheet,Short Term Loan,37074975.95
SME1058,2022,BalanceSheet,Accounts Payable,14359561.51
SME1058,2022,BalanceSheet,Other Current Liabilities,3927743.38
SME1058,2022,BalanceSheet,Long Term Loan,38373026.87
SME1058,2022,BalanceSheet,Total Liabilities,75448002.81
SME1058,2022,BalanceSheet,Share Capital,9428064.1
SME1058,2022,BalanceSheet,Retained Earnings,14142096.15
SME1058,2022,BalanceSheet,Total Equity,23570160.24
SME1058,2021,IncomeStatement,Revenue,113187105.37
SME1058,2021,IncomeStatement,Cost of Goods Sold,70671233.65
SME1058,2021,IncomeStatement,Gross Profit,42515871.72
SME1058,2021,IncomeStatement,Operating Expenses,21178139.84
SME1058,2021,IncomeStatement,EBITDA,21337731.88
SME1058,2021,IncomeStatement,Depreciation,8611210.4
SME1058,2021,IncomeStatement,EBIT,12726521.48
SME1058,2021,IncomeStatement,Interest Expense,11987043.66
SME1058,2021,IncomeStatement,Profit Before Tax,739477.82
SME1058,2021,IncomeStatement,Tax,184869.45
SME1058,2021,IncomeStatement,Net Profit,554608.36
SME1058,2021,BalanceSheet,Cash & Cash Equivalents,5530097.29
SME1058,2021,BalanceSheet,Accounts Receivable,17431088.65
SME1058,2021,BalanceSheet,Inventory,13794388.01
SME1058,2021,BalanceSheet,Other Current Assets,1837778.7
SME1058,2021,BalanceSheet,Net Fixed Assets,62262589.11
SME1058,2021,BalanceSheet,Total Assets,99018163.06
SME1058,2021,BalanceSheet,Short Term Loan,34694527.83
SME1058,2021,BalanceSheet,Accounts Payable,14939963.38
SME1058,2021,BalanceSheet,Other Current Liabilities,3675557.39
SME1058,2021,BalanceSheet,Long Term Loan,40753474.98
SME1058,2021,BalanceSheet,Total Liabilities,75448002.81
SME1058,2021,BalanceSheet,Share Capital,9428064.1
SME1058,2021,BalanceSheet,Retained Earnings,14142096.15
SME1058,2021,BalanceSheet,Total Equity,23570160.24
SME1059,2023,IncomeStatement,Revenue,1110473153.38
SME1059,2023,IncomeStatement,Cost of Goods Sold,763511725.74
SME1059,2023,IncomeStatement,Gross Profit,346961427.64
SME1059,2023,IncomeStatement,Operating Expenses,159377065.83
SME1059,2023,IncomeStatement,EBITDA,187584361.8
SME1059,2023,IncomeStatement,Depreciation,22935610.37
SME1059,2023,IncomeStatement,EBIT,164648751.43
SME1059,2023,IncomeStatement,Interest Expense,74713683.59
SME1059,2023,IncomeStatement,Profit Before Tax,89935067.84
SME1059,2023,IncomeStatement,Tax,22483766.96
SME1059,2023,IncomeStatement,Net Profit,67451300.88
SME1059,2023,BalanceSheet,Cash & Cash Equivalents,14954734.84
SME1059,2023,BalanceSheet,Accounts Receivable,60566731.55
SME1059,2023,BalanceSheet,Inventory,68278107.75
SME1059,2023,BalanceSheet,Other Current Assets,7189978.71
SME1059,2023,BalanceSheet,Net Fixed Assets,122070576.0
SME1059,2023,BalanceSheet,Total Assets,265870150.14
SME1059,2023,BalanceSheet,Short Term Loan,72667697.41
SME1059,2023,BalanceSheet,Accounts Payable,70952743.1
SME1059,2023,BalanceSheet,Other Current Liabilities,14379957.41
SME1059,2023,BalanceSheet,Long Term Loan,62500675.65
SME1059,2023,BalanceSheet,Total Liabilities,135168373.06
SME1059,2023,BalanceSheet,Share Capital,52280710.83
SME1059,2023,BalanceSheet,Retained Earnings,78421066.25
SME1059,2023,BalanceSheet,Total Equity,130701777.08
SME1059,2022,IncomeStatement,Revenue,903532245.45
SME1059,2022,IncomeStatement,Cost of Goods Sold,647312459.89
SME1059,2022,IncomeStatement,Gross Profit,256219785.56
SME1059,2022,IncomeStatement,Operating Expenses,106466207.88
SME1059,2022,IncomeStatement,EBITDA,149753577.69
SME1059,2022,IncomeStatement,Depreciation,22883445.32
SME1059,2022,IncomeStatement,EBIT,126870132.37
SME1059,2022,IncomeStatement,Interest Expense,59645917.78
SME1059,2022,IncomeStatement,Profit Before Tax,67224214.6
SME1059,2022,IncomeStatement,Tax,16806053.65
SME1059,2022,IncomeStatement,Net Profit,50418160.95
SME1059,2022,BalanceSheet,Cash & Cash Equivalents,17355738.81
SME1059,2022,BalanceSheet,Accounts Receivable,61413315.87
SME1059,2022,BalanceSheet,Inventory,59439097.88
SME1059,2022,BalanceSheet,Other Current Assets,6910407.63
SME1059,2022,BalanceSheet,Net Fixed Assets,127661997.58
SME1059,2022,BalanceSheet,Total Assets,265870150.14
SME1059,2022,BalanceSheet,Short Term Loan,69842127.62
SME1059,2022,BalanceSheet,Accounts Payable,58592953.92
SME1059,2022,BalanceSheet,Other Current Liabilities,13820815.26
SME1059,2022,BalanceSheet,Long Term Loan,65326245.44
SME1059,2022,BalanceSheet,Total Liabilities,135168373.06
SME1059,2022,BalanceSheet,Share Capital,52280710.83
SME1059,2022,BalanceSheet,Retained Earnings,78421066.25
SME1059,2022,BalanceSheet,Total Equity,130701777.08
SME1059,2021,IncomeStatement,Revenue,825106229.56
SME1059,2021,IncomeStatement,Cost of Goods Sold,513353336.36
SME1059,2021,IncomeStatement,Gross Profit,311752893.2
SME1059,2021,IncomeStatement,Operating Expenses,135969583.76
SME1059,2021,IncomeStatement,EBITDA,175783309.44
SME1059,2021,IncomeStatement,Depreciation,13713190.36
SME1059,2021,IncomeStatement,EBIT,162070119.07
SME1059,2021,IncomeStatement,Interest Expense,70013397.9
SME1059,2021,IncomeStatement,Profit Before Tax,92056721.18
SME1059,2021,IncomeStatement,Tax,23014180.29
SME1059,2021,IncomeStatement,Net Profit,69042540.88
SME1059,2021,BalanceSheet,Cash & Cash Equivalents,18371579.05
SME1059,2021,BalanceSheet,Accounts Receivable,55649023.08
SME1059,2021,BalanceSheet,Inventory,83696571.78
SME1059,2021,BalanceSheet,Other Current Assets,7885858.7
SME1059,2021,BalanceSheet,Net Fixed Assets,108152976.22
SME1059,2021,BalanceSheet,Total Assets,265870150.14
SME1059,2021,BalanceSheet,Short Term Loan,79700819.28
SME1059,2021,BalanceSheet,Accounts Payable,57210090.57
SME1059,2021,BalanceSheet,Other Current Liabilities,15771717.39
SME1059,2021,BalanceSheet,Long Term Loan,55467553.78
SME1059,2021,BalanceSheet,Total Liabilities,135168373.06
SME1059,2021,BalanceSheet,Share Capital,52280710.83
SME1059,2021,BalanceSheet,Retained Earnings,78421066.25
SME1059,2021,BalanceSheet,Total Equity,130701777.08
SME1060,2023,IncomeStatement,Revenue,168021134.48
SME1060,2023,IncomeStatement,Cost of Goods Sold,119358112.65
SME1060,2023,IncomeStatement,Gross Profit,48663021.82
SME1060,2023,IncomeStatement,Operating Expenses,15205065.66
SME1060,2023,IncomeStatement,EBITDA,33457956.16
SME1060,2023,IncomeStatement,Depreciation,12316048.15
SME1060,2023,IncomeStatement,EBIT,21141908.01
SME1060,2023,IncomeStatement,Interest Expense,15837538.13
SME1060,2023,IncomeStatement,Profit Before Tax,5304369.88
SME1060,2023,IncomeStatement,Tax,1326092.47
SME1060,2023,IncomeStatement,Net Profit,3978277.41
SME1060,2023,BalanceSheet,Cash & Cash Equivalents,13806789.86
SME1060,2023,BalanceSheet,Accounts Receivable,41704541.3
SME1060,2023,BalanceSheet,Inventory,37302788.06
SME1060,2023,BalanceSheet,Other Current Assets,4640705.96
SME1060,2023,BalanceSheet,Net Fixed Assets,123620951.23
SME1060,2023,BalanceSheet,Total Assets,216435070.45
SME1060,2023,BalanceSheet,Short Term Loan,57293449.85
SME1060,2023,BalanceSheet,Accounts Payable,37598575.56
SME1060,2023,BalanceSheet,Other Current Liabilities,9281411.92
SME1060,2023,BalanceSheet,Long Term Loan,72485844.68
SME1060,2023,BalanceSheet,Total Liabilities,129779294.53
SME1060,2023,BalanceSheet,Share Capital,34662310.37
SME1060,2023,BalanceSheet,Retained Earnings,51993465.55
SME1060,2023,BalanceSheet,Total Equity,86655775.92
SME1060,2022,IncomeStatement,Revenue,121176070.01
SME1060,2022,IncomeStatement,Cost of Goods Sold,75853476.83
SME1060,2022,IncomeStatement,Gross Profit,45322593.18
SME1060,2022,IncomeStatement,Operating Expenses,21864744.41
SME1060,2022,IncomeStatement,EBITDA,23457848.77
SME1060,2022,IncomeStatement,Depreciation,14526332.13
SME1060,2022,IncomeStatement,EBIT,8931516.64
SME1060,2022,IncomeStatement,Interest Expense,11103923.16
SME1060,2022,IncomeStatement,Profit Before Tax,-2172406.53
SME1060,2022,IncomeStatement,Tax,0.0
SME1060,2022,IncomeStatement,Net Profit,-2172406.53
SME1060,2022,BalanceSheet,Cash & Cash Equivalents,21362507.97
SME1060,2022,BalanceSheet,Accounts Receivable,45352459.64
SME1060,2022,BalanceSheet,Inventory,32277894.6
SME1060,2022,BalanceSheet,Other Current Assets,4949643.11
SME1060,2022,BalanceSheet,Net Fixed Assets,117442208.24
SME1060,2022,BalanceSheet,Total Assets,216435070.45
SME1060,2022,BalanceSheet,Short Term Loan,61107540.9
SME1060,2022,BalanceSheet,Accounts Payable,42434460.48
SME1060,2022,BalanceSheet,Other Current Liabilities,9899286.22
SME1060,2022,BalanceSheet,Long Term Loan,68671753.63
SME1060,2022,BalanceSheet,Total Liabilities,129779294.53
SME1060,2022,BalanceSheet,Share Capital,34662310.37
SME1060,2022,BalanceSheet,Retained Earnings,51993465.55
SME1060,2022,BalanceSheet,Total Equity,86655775.92
SME1060,2021,IncomeStatement,Revenue,128619033.56
SME1060,2021,IncomeStatement,Cost of Goods Sold,88941539.15
SME1060,2021,IncomeStatement,Gross Profit,39677494.4
SME1060,2021,IncomeStatement,Operating Expenses,13428960.42
SME1060,2021,IncomeStatement,EBITDA,26248533.98
SME1060,2021,IncomeStatement,Depreciation,13489522.85
SME1060,2021,IncomeStatement,EBIT,12759011.14
SME1060,2021,IncomeStatement,Interest Expense,12424911.91
SME1060,2021,IncomeStatement,Profit Before Tax,334099.23
SME1060,2021,IncomeStatement,Tax,83524.81
SME1060,2021,IncomeStatement,Net Profit,250574.42
SME1060,2021,BalanceSheet,Cash & Cash Equivalents,14384300.78
SME1060,2021,BalanceSheet,Accounts Receivable,53344037.74
SME1060,2021,BalanceSheet,Inventory,39833874.82
SME1060,2021,BalanceSheet,Other Current Assets,5378110.67
SME1060,2021,BalanceSheet,Net Fixed Assets,108872857.11
SME1060,2021,BalanceSheet,Total Assets,216435070.45
SME1060,2021,BalanceSheet,Short Term Loan,66397336.18
SME1060,2021,BalanceSheet,Accounts Payable,38671080.27
SME1060,2021,BalanceSheet,Other Current Liabilities,10756221.33
SME1060,2021,BalanceSheet,Long Term Loan,63381958.35
SME1060,2021,BalanceSheet,Total Liabilities,129779294.53
SME1060,2021,BalanceSheet,Share Capital,34662310.37
SME1060,2021,BalanceSheet,Retained Earnings,51993465.55
SME1060,2021,BalanceSheet,Total Equity,86655775.92
SME1061,2023,IncomeStatement,Revenue,528945741.78
SME1061,2023,IncomeStatement,Cost of Goods Sold,380476386.48
SME1061,2023,IncomeStatement,Gross Profit,148469355.31
SME1061,2023,IncomeStatement,Operating Expenses,52660819.43
SME1061,2023,IncomeStatement,EBITDA,95808535.88
SME1061,2023,IncomeStatement,Depreciation,11696223.74
SME1061,2023,IncomeStatement,EBIT,84112312.14
SME1061,2023,IncomeStatement,Interest Expense,47354839.07
SME1061,2023,IncomeStatement,Profit Before Tax,36757473.07
SME1061,2023,IncomeStatement,Tax,9189368.27
SME1061,2023,IncomeStatement,Net Profit,27568104.8
SME1061,2023,BalanceSheet,Cash & Cash Equivalents,16182738.82
SME1061,2023,BalanceSheet,Accounts Receivable,51245615.48
SME1061,2023,BalanceSheet,Inventory,35676540.38
SME1061,2023,BalanceSheet,Other Current Assets,5155244.73
SME1061,2023,BalanceSheet,Net Fixed Assets,105407338.13
SME1061,2023,BalanceSheet,Total Assets,208512232.81
SME1061,2023,BalanceSheet,Short Term Loan,53920840.21
SME1061,2023,BalanceSheet,Accounts Payable,47807212.77
SME1061,2023,BalanceSheet,Other Current Liabilities,10310489.47
SME1061,2023,BalanceSheet,Long Term Loan,46804692.31
SME1061,2023,BalanceSheet,Total Liabilities,100725532.52
SME1061,2023,BalanceSheet,Share Capital,43114680.12
SME1061,2023,BalanceSheet,Retained Earnings,64672020.17
SME1061,2023,BalanceSheet,Total Equity,107786700.29
SME1061,2022,IncomeStatement,Revenue,468747914.24
SME1061,2022,IncomeStatement,Cost of Goods Sold,337823047.64
SME1061,2022,IncomeStatement,Gross Profit,130924866.61
SME1061,2022,IncomeStatement,Operating Expenses,46882954.93
SME1061,2022,IncomeStatement,EBITDA,84041911.68
SME1061,2022,IncomeStatement,Depreciation,13424333.88
SME1061,2022,IncomeStatement,EBIT,70617577.8
SME1061,2022,IncomeStatement,Interest Expense,41539004.5
SME1061,2022,IncomeStatement,Profit Before Tax,29078573.3
SME1061,2022,IncomeStatement,Tax,7269643.33
SME1061,2022,IncomeStatement,Net Profit,21808929.98
SME1061,2022,BalanceSheet,Cash & Cash Equivalents,15886868.28
SME1061,2022,BalanceSheet,Accounts Receivable,43530124.94
SME1061,2022,BalanceSheet,Inventory,45133154.65
SME1061,2022,BalanceSheet,Other Current Assets,5227507.39
SME1061,2022,BalanceSheet,Net Fixed Assets,103962084.94
SME1061,2022,BalanceSheet,Total Assets,208512232.81
SME1061,2022,BalanceSheet,Short Term Loan,54676665.3
SME1061,2022,BalanceSheet,Accounts Payable,36727295.47
SME1061,2022,BalanceSheet,Other Current Liabilities,10455014.79
SME1061,2022,BalanceSheet,Long Term Loan,46048867.22
SME1061,2022,BalanceSheet,Total Liabilities,100725532.52
SME1061,2022,BalanceSheet,Share Capital,43114680.12
SME1061,2022,BalanceSheet,Retained Earnings,64672020.17
SME1061,2022,BalanceSheet,Total Equity,107786700.29
SME1061,2021,IncomeStatement,Revenue,376602182.79
SME1061,2021,IncomeStatement,Cost of Goods Sold,237376197.56
SME1061,2021,IncomeStatement,Gross Profit,139225985.23
SME1061,2021,IncomeStatement,Operating Expenses,56764603.98
SME1061,2021,IncomeStatement,EBITDA,82461381.25
SME1061,2021,IncomeStatement,Depreciation,20152956.83
SME1061,2021,IncomeStatement,EBIT,62308424.42
SME1061,2021,IncomeStatement,Interest Expense,40757803.08
SME1061,2021,IncomeStatement,Profit Before Tax,21550621.35
SME1061,2021,IncomeStatement,Tax,5387655.34
SME1061,2021,IncomeStatement,Net Profit,16162966.01
SME1061,2021,BalanceSheet,Cash & Cash Equivalents,12524326.29
SME1061,2021,BalanceSheet,Accounts Receivable,45941718.86
SME1061,2021,BalanceSheet,Inventory,45391889.39
SME1061,2021,BalanceSheet,Other Current Assets,5192896.73
SME1061,2021,BalanceSheet,Net Fixed Assets,104654298.27
SME1061,2021,BalanceSheet,Total Assets,208512232.81
SME1061,2021,BalanceSheet,Short Term Loan,54314658.0
SME1061,2021,BalanceSheet,Accounts Payable,43346781.06
SME1061,2021,BalanceSheet,Other Current Liabilities,10385793.45
SME1061,2021,BalanceSheet,Long Term Loan,46410874.52
SME1061,2021,BalanceSheet,Total Liabilities,100725532.52
SME1061,2021,BalanceSheet,Share Capital,43114680.12
SME1061,2021,BalanceSheet,Retained Earnings,64672020.17
SME1061,2021,BalanceSheet,Total Equity,107786700.29
SME1062,2023,IncomeStatement,Revenue,52563048.13
SME1062,2023,IncomeStatement,Cost of Goods Sold,37193807.79
SME1062,2023,IncomeStatement,Gross Profit,15369240.35
SME1062,2023,IncomeStatement,Operating Expenses,4919831.87
SME1062,2023,IncomeStatement,EBITDA,10449408.48
SME1062,2023,IncomeStatement,Depreciation,6222919.65
SME1062,2023,IncomeStatement,EBIT,4226488.83
SME1062,2023,IncomeStatement,Interest Expense,9108286.23
SME1062,2023,IncomeStatement,Profit Before Tax,-4881797.41
SME1062,2023,IncomeStatement,Tax,0.0
SME1062,2023,IncomeStatement,Net Profit,-4881797.41
SME1062,2023,BalanceSheet,Cash & Cash Equivalents,5028372.39
SME1062,2023,BalanceSheet,Accounts Receivable,13479432.08
SME1062,2023,BalanceSheet,Inventory,9036939.03
SME1062,2023,BalanceSheet,Other Current Assets,1377237.17
SME1062,2023,BalanceSheet,Net Fixed Assets,42740313.35
SME1062,2023,BalanceSheet,Total Assets,70285056.84
SME1062,2023,BalanceSheet,Short Term Loan,17104757.78
SME1062,2023,BalanceSheet,Accounts Payable,10505055.32
SME1062,2023,BalanceSheet,Other Current Liabilities,2754474.35
SME1062,2023,BalanceSheet,Long Term Loan,25546638.71
SME1062,2023,BalanceSheet,Total Liabilities,42651396.5
SME1062,2023,BalanceSheet,Share Capital,11053464.14
SME1062,2023,BalanceSheet,Retained Earnings,16580196.21
SME1062,2023,BalanceSheet,Total Equity,27633660.35
SME1062,2022,IncomeStatement,Revenue,61706933.65
SME1062,2022,IncomeStatement,Cost of Goods Sold,45154662.27
SME1062,2022,IncomeStatement,Gross Profit,16552271.39
SME1062,2022,IncomeStatement,Operating Expenses,6546252.91
SME1062,2022,IncomeStatement,EBITDA,10006018.47
SME1062,2022,IncomeStatement,Depreciation,4215191.57
SME1062,2022,IncomeStatement,EBIT,5790826.91
SME1062,2022,IncomeStatement,Interest Expense,8721802.82
SME1062,2022,IncomeStatement,Profit Before Tax,-2930975.91
SME1062,2022,IncomeStatement,Tax,0.0
SME1062,2022,IncomeStatement,Net Profit,-2930975.91
SME1062,2022,BalanceSheet,Cash & Cash Equivalents,6032898.93
SME1062,2022,BalanceSheet,Accounts Receivable,18194751.68
SME1062,2022,BalanceSheet,Inventory,16486994.97
SME1062,2022,BalanceSheet,Other Current Assets,2035732.28
SME1062,2022,BalanceSheet,Net Fixed Assets,29570411.26
SME1062,2022,BalanceSheet,Total Assets,70285056.84
SME1062,2022,BalanceSheet,Short Term Loan,25283014.57
SME1062,2022,BalanceSheet,Accounts Payable,19607659.97
SME1062,2022,BalanceSheet,Other Current Liabilities,4071464.56
SME1062,2022,BalanceSheet,Long Term Loan,17368381.93
SME1062,2022,BalanceSheet,Total Liabilities,42651396.5
SME1062,2022,BalanceSheet,Share Capital,11053464.14
SME1062,2022,BalanceSheet,Retained Earnings,16580196.21
SME1062,2022,BalanceSheet,Total Equity,27633660.35
SME1062,2021,IncomeStatement,Revenue,46199268.3
SME1062,2021,IncomeStatement,Cost of Goods Sold,31698242.1
SME1062,2021,IncomeStatement,Gross Profit,14501026.2
SME1062,2021,IncomeStatement,Operating Expenses,5902359.3
SME1062,2021,IncomeStatement,EBITDA,8598666.9
SME1062,2021,IncomeStatement,Depreciation,6055471.2
SME1062,2021,IncomeStatement,EBIT,2543195.7
SME1062,2021,IncomeStatement,Interest Expense,7495076.83
SME1062,2021,IncomeStatement,Profit Before Tax,-4951881.12
SME1062,2021,IncomeStatement,Tax,0.0
SME1062,2021,IncomeStatement,Net Profit,-4951881.12
SME1062,2021,BalanceSheet,Cash & Cash Equivalents,9560045.87
SME1062,2021,BalanceSheet,Accounts Receivable,15178464.3
SME1062,2021,BalanceSheet,Inventory,15601881.43
SME1062,2021,BalanceSheet,Other Current Assets,2017019.58
SME1062,2021,BalanceSheet,Net Fixed Assets,29944665.24
SME1062,2021,BalanceSheet,Total Assets,70285056.84
SME1062,2021,BalanceSheet,Short Term Loan,25050610.02
SME1062,2021,BalanceSheet,Accounts Payable,19220139.02
SME1062,2021,BalanceSheet,Other Current Liabilities,4034039.16
SME1062,2021,BalanceSheet,Long Term Loan,17600786.48
SME1062,2021,BalanceSheet,Total Liabilities,42651396.5
SME1062,2021,BalanceSheet,Share Capital,11053464.14
SME1062,2021,BalanceSheet,Retained Earnings,16580196.21
SME1062,2021,BalanceSheet,Total Equity,27633660.35
SME1063,2023,IncomeStatement,Revenue,379859345.69
SME1063,2023,IncomeStatement,Cost of Goods Sold,282736796.89
SME1063,2023,IncomeStatement,Gross Profit,97122548.8
SME1063,2023,IncomeStatement,Operating Expenses,47124631.79
SME1063,2023,IncomeStatement,EBITDA,49997917.01
SME1063,2023,IncomeStatement,Depreciation,61010441.53
SME1063,2023,IncomeStatement,EBIT,-11012524.52
SME1063,2023,IncomeStatement,Interest Expense,22289891.4
SME1063,2023,IncomeStatement,Profit Before Tax,-33302415.92
SME1063,2023,IncomeStatement,Tax,0.0
SME1063,2023,IncomeStatement,Net Profit,-33302415.92
SME1063,2023,BalanceSheet,Cash & Cash Equivalents,53158690.31
SME1063,2023,BalanceSheet,Accounts Receivable,105084974.57
SME1063,2023,BalanceSheet,Inventory,128799165.07
SME1063,2023,BalanceSheet,Other Current Assets,14352141.5
SME1063,2023,BalanceSheet,Net Fixed Assets,363130753.4
SME1063,2023,BalanceSheet,Total Assets,650173583.35
SME1063,2023,BalanceSheet,Short Term Loan,142375791.97
SME1063,2023,BalanceSheet,Accounts Payable,142545118.49
SME1063,2023,BalanceSheet,Other Current Liabilities,28704282.99
SME1063,2023,BalanceSheet,Long Term Loan,211922019.2
SME1063,2023,BalanceSheet,Total Liabilities,354297811.17
SME1063,2023,BalanceSheet,Share Capital,118350308.87
SME1063,2023,BalanceSheet,Retained Earnings,177525463.31
SME1063,2023,BalanceSheet,Total Equity,295875772.18
SME1063,2022,IncomeStatement,Revenue,261791837.58
SME1063,2022,IncomeStatement,Cost of Goods Sold,195915827.72
SME1063,2022,IncomeStatement,Gross Profit,65876009.86
SME1063,2022,IncomeStatement,Operating Expenses,26920896.56
SME1063,2022,IncomeStatement,EBITDA,38955113.3
SME1063,2022,IncomeStatement,Depreciation,48565119.58
SME1063,2022,IncomeStatement,EBIT,-9610006.28
SME1063,2022,IncomeStatement,Interest Expense,17366828.4
SME1063,2022,IncomeStatement,Profit Before Tax,-26976834.68
SME1063,2022,IncomeStatement,Tax,0.0
SME1063,2022,IncomeStatement,Net Profit,-26976834.68
SME1063,2022,BalanceSheet,Cash & Cash Equivalents,95571499.71
SME1063,2022,BalanceSheet,Accounts Receivable,176401762.44
SME1063,2022,BalanceSheet,Inventory,147827914.93
SME1063,2022,BalanceSheet,Other Current Assets,20990058.85
SME1063,2022,BalanceSheet,Net Fixed Assets,230372406.27
SME1063,2022,BalanceSheet,Total Assets,650173583.35
SME1063,2022,BalanceSheet,Short Term Loan,208225110.75
SME1063,2022,BalanceSheet,Accounts Payable,142128843.51
SME1063,2022,BalanceSheet,Other Current Liabilities,41980117.71
SME1063,2022,BalanceSheet,Long Term Loan,146072700.42
SME1063,2022,BalanceSheet,Total Liabilities,354297811.17
SME1063,2022,BalanceSheet,Share Capital,118350308.87
SME1063,2022,BalanceSheet,Retained Earnings,177525463.31
SME1063,2022,BalanceSheet,Total Equity,295875772.18
SME1063,2021,IncomeStatement,Revenue,251116645.3
SME1063,2021,IncomeStatement,Cost of Goods Sold,156790739.29
SME1063,2021,IncomeStatement,Gross Profit,94325906.01
SME1063,2021,IncomeStatement,Operating Expenses,36955276.45
SME1063,2021,IncomeStatement,EBITDA,57370629.55
SME1063,2021,IncomeStatement,Depreciation,40872020.62
SME1063,2021,IncomeStatement,EBIT,16498608.93
SME1063,2021,IncomeStatement,Interest Expense,25576767.57
SME1063,2021,IncomeStatement,Profit Before Tax,-9078158.64
SME1063,2021,IncomeStatement,Tax,0.0
SME1063,2021,IncomeStatement,Net Profit,-9078158.64
SME1063,2021,BalanceSheet,Cash & Cash Equivalents,65740912.32
SME1063,2021,BalanceSheet,Accounts Receivable,146357521.01
SME1063,2021,BalanceSheet,Inventory,100220793.04
SME1063,2021,BalanceSheet,Other Current Assets,15615961.32
SME1063,2021,BalanceSheet,Net Fixed Assets,337854356.98
SME1063,2021,BalanceSheet,Total Assets,650173583.35
SME1063,2021,BalanceSheet,Short Term Loan,154913108.99
SME1063,2021,BalanceSheet,Accounts Payable,129161566.34
SME1063,2021,BalanceSheet,Other Current Liabilities,31231922.64
SME1063,2021,BalanceSheet,Long Term Loan,199384702.17
SME1063,2021,BalanceSheet,Total Liabilities,354297811.17
SME1063,2021,BalanceSheet,Share Capital,118350308.87
SME1063,2021,BalanceSheet,Retained Earnings,177525463.31
SME1063,2021,BalanceSheet,Total Equity,295875772.18
SME1064,2023,IncomeStatement,Revenue,456335045.08
SME1064,2023,IncomeStatement,Cost of Goods Sold,279738249.66
SME1064,2023,IncomeStatement,Gross Profit,176596795.41
SME1064,2023,IncomeStatement,Operating Expenses,76616726.43
SME1064,2023,IncomeStatement,EBITDA,99980068.98
SME1064,2023,IncomeStatement,Depreciation,4584133.31
SME1064,2023,IncomeStatement,EBIT,95395935.67
SME1064,2023,IncomeStatement,Interest Expense,49749030.1
SME1064,2023,IncomeStatement,Profit Before Tax,45646905.58
SME1064,2023,IncomeStatement,Tax,11411726.39
SME1064,2023,IncomeStatement,Net Profit,34235179.18
SME1064,2023,BalanceSheet,Cash & Cash Equivalents,5856173.81
SME1064,2023,BalanceSheet,Accounts Receivable,15265571.79
SME1064,2023,BalanceSheet,Inventory,18303082.27
SME1064,2023,BalanceSheet,Other Current Assets,1971241.39
SME1064,2023,BalanceSheet,Net Fixed Assets,37958798.86
SME1064,2023,BalanceSheet,Total Assets,77383626.74
SME1064,2023,BalanceSheet,Short Term Loan,22952982.45
SME1064,2023,BalanceSheet,Accounts Payable,13883731.29
SME1064,2023,BalanceSheet,Other Current Liabilities,3942482.79
SME1064,2023,BalanceSheet,Long Term Loan,30660151.99
SME1064,2023,BalanceSheet,Total Liabilities,53613134.44
SME1064,2023,BalanceSheet,Share Capital,9508196.92
SME1064,2023,BalanceSheet,Retained Earnings,14262295.38
SME1064,2023,BalanceSheet,Total Equity,23770492.3
SME1064,2022,IncomeStatement,Revenue,388517328.49
SME1064,2022,IncomeStatement,Cost of Goods Sold,277037525.2
SME1064,2022,IncomeStatement,Gross Profit,111479803.29
SME1064,2022,IncomeStatement,Operating Expenses,54715063.86
SME1064,2022,IncomeStatement,EBITDA,56764739.43
SME1064,2022,IncomeStatement,Depreciation,5037464.54
SME1064,2022,IncomeStatement,EBIT,51727274.89
SME1064,2022,IncomeStatement,Interest Expense,28245536.93
SME1064,2022,IncomeStatement,Profit Before Tax,23481737.96
SME1064,2022,IncomeStatement,Tax,5870434.49
SME1064,2022,IncomeStatement,Net Profit,17611303.47
SME1064,2022,BalanceSheet,Cash & Cash Equivalents,5100906.02
SME1064,2022,BalanceSheet,Accounts Receivable,22469307.64
SME1064,2022,BalanceSheet,Inventory,22578613.52
SME1064,2022,BalanceSheet,Other Current Assets,2507441.36
SME1064,2022,BalanceSheet,Net Fixed Assets,27234799.56
SME1064,2022,BalanceSheet,Total Assets,77383626.74
SME1064,2022,BalanceSheet,Short Term Loan,29196453.41
SME1064,2022,BalanceSheet,Accounts Payable,21992954.61
SME1064,2022,BalanceSheet,Other Current Liabilities,5014882.72
SME1064,2022,BalanceSheet,Long Term Loan,24416681.03
SME1064,2022,BalanceSheet,Total Liabilities,53613134.44
SME1064,2022,BalanceSheet,Share Capital,9508196.92
SME1064,2022,BalanceSheet,Retained Earnings,14262295.38
SME1064,2022,BalanceSheet,Total Equity,23770492.3
SME1064,2021,IncomeStatement,Revenue,376093730.69
SME1064,2021,IncomeStatement,Cost of Goods Sold,232325782.02
SME1064,2021,IncomeStatement,Gross Profit,143767948.67
SME1064,2021,IncomeStatement,Operating Expenses,51952168.28
SME1064,2021,IncomeStatement,EBITDA,91815780.38
SME1064,2021,IncomeStatement,Depreciation,5437811.73
SME1064,2021,IncomeStatement,EBIT,86377968.65
SME1064,2021,IncomeStatement,Interest Expense,45686566.01
SME1064,2021,IncomeStatement,Profit Before Tax,40691402.64
SME1064,2021,IncomeStatement,Tax,10172850.66
SME1064,2021,IncomeStatement,Net Profit,30518551.98
SME1064,2021,BalanceSheet,Cash & Cash Equivalents,10797470.62
SME1064,2021,BalanceSheet,Accounts Receivable,20995677.22
SME1064,2021,BalanceSheet,Inventory,14297149.97
SME1064,2021,BalanceSheet,Other Current Assets,2304514.89
SME1064,2021,BalanceSheet,Net Fixed Assets,31293328.93
SME1064,2021,BalanceSheet,Total Assets,77383626.74
SME1064,2021,BalanceSheet,Short Term Loan,26833593.29
SME1064,2021,BalanceSheet,Accounts Payable,16693702.59
SME1064,2021,BalanceSheet,Other Current Liabilities,4609029.78
SME1064,2021,BalanceSheet,Long Term Loan,26779541.15
SME1064,2021,BalanceSheet,Total Liabilities,53613134.44
SME1064,2021,BalanceSheet,Share Capital,9508196.92
SME1064,2021,BalanceSheet,Retained Earnings,14262295.38
SME1064,2021,BalanceSheet,Total Equity,23770492.3
SME1065,2023,IncomeStatement,Revenue,57491405.28
SME1065,2023,IncomeStatement,Cost of Goods Sold,35815871.18
SME1065,2023,IncomeStatement,Gross Profit,21675534.11
SME1065,2023,IncomeStatement,Operating Expenses,9744170.62
SME1065,2023,IncomeStatement,EBITDA,11931363.48
SME1065,2023,IncomeStatement,Depreciation,7422667.56
SME1065,2023,IncomeStatement,EBIT,4508695.92
SME1065,2023,IncomeStatement,Interest Expense,10151735.08
SME1065,2023,IncomeStatement,Profit Before Tax,-5643039.16
SME1065,2023,IncomeStatement,Tax,0.0
SME1065,2023,IncomeStatement,Net Profit,-5643039.16
SME1065,2023,BalanceSheet,Cash & Cash Equivalents,7361090.64
SME1065,2023,BalanceSheet,Accounts Receivable,16976450.65
SME1065,2023,BalanceSheet,Inventory,16022595.35
SME1065,2023,BalanceSheet,Other Current Assets,2018006.83
SME1065,2023,BalanceSheet,Net Fixed Assets,52091598.08
SME1065,2023,BalanceSheet,Total Assets,92451734.73
SME1065,2023,BalanceSheet,Short Term Loan,30872595.29
SME1065,2023,BalanceSheet,Accounts Payable,16446898.46
SME1065,2023,BalanceSheet,Other Current Liabilities,4036013.66
SME1065,2023,BalanceSheet,Long Term Loan,33023448.17
SME1065,2023,BalanceSheet,Total Liabilities,63896043.46
SME1065,2023,BalanceSheet,Share Capital,11422276.51
SME1065,2023,BalanceSheet,Retained Earnings,17133414.76
SME1065,2023,BalanceSheet,Total Equity,28555691.27
SME1065,2022,IncomeStatement,Revenue,72345688.83
SME1065,2022,IncomeStatement,Cost of Goods Sold,45777584.19
SME1065,2022,IncomeStatement,Gross Profit,26568104.64
SME1065,2022,IncomeStatement,Operating Expenses,9285368.88
SME1065,2022,IncomeStatement,EBITDA,17282735.76
SME1065,2022,IncomeStatement,Depreciation,8111435.77
SME1065,2022,IncomeStatement,EBIT,9171300.0
SME1065,2022,IncomeStatement,Interest Expense,14704920.79
SME1065,2022,IncomeStatement,Profit Before Tax,-5533620.79
SME1065,2022,IncomeStatement,Tax,0.0
SME1065,2022,IncomeStatement,Net Profit,-5533620.79
SME1065,2022,BalanceSheet,Cash & Cash Equivalents,5389444.55
SME1065,2022,BalanceSheet,Accounts Receivable,20016505.0
SME1065,2022,BalanceSheet,Inventory,22593857.56
SME1065,2022,BalanceSheet,Other Current Assets,2399990.36
SME1065,2022,BalanceSheet,Net Fixed Assets,44451927.61
SME1065,2022,BalanceSheet,Total Assets,92451734.73
SME1065,2022,BalanceSheet,Short Term Loan,36716392.51
SME1065,2022,BalanceSheet,Accounts Payable,21156069.79
SME1065,2022,BalanceSheet,Other Current Liabilities,4799980.71
SME1065,2022,BalanceSheet,Long Term Loan,27179650.95
SME1065,2022,BalanceSheet,Total Liabilities,63896043.46
SME1065,2022,BalanceSheet,Share Capital,11422276.51
SME1065,2022,BalanceSheet,Retained Earnings,17133414.76
SME1065,2022,BalanceSheet,Total Equity,28555691.27
SME1065,2021,IncomeStatement,Revenue,59580961.57
SME1065,2021,IncomeStatement,Cost of Goods Sold,40790634.18
SME1065,2021,IncomeStatement,Gross Profit,18790327.38
SME1065,2021,IncomeStatement,Operating Expenses,5869189.0
SME1065,2021,IncomeStatement,EBITDA,12921138.38
SME1065,2021,IncomeStatement,Depreciation,7154142.89
SME1065,2021,IncomeStatement,EBIT,5766995.49
SME1065,2021,IncomeStatement,Interest Expense,10993879.61
SME1065,2021,IncomeStatement,Profit Before Tax,-5226884.12
SME1065,2021,IncomeStatement,Tax,0.0
SME1065,2021,IncomeStatement,Net Profit,-5226884.12
SME1065,2021,BalanceSheet,Cash & Cash Equivalents,7781570.76
SME1065,2021,BalanceSheet,Accounts Receivable,15591075.49
SME1065,2021,BalanceSheet,Inventory,18485078.14
SME1065,2021,BalanceSheet,Other Current Assets,2092886.22
SME1065,2021,BalanceSheet,Net Fixed Assets,50594010.34
SME1065,2021,BalanceSheet,Total Assets,92451734.73
SME1065,2021,BalanceSheet,Short Term Loan,32018141.96
SME1065,2021,BalanceSheet,Accounts Payable,15304168.85
SME1065,2021,BalanceSheet,Other Current Liabilities,4185772.44
SME1065,2021,BalanceSheet,Long Term Loan,31877901.49
SME1065,2021,BalanceSheet,Total Liabilities,63896043.46
SME1065,2021,BalanceSheet,Share Capital,11422276.51
SME1065,2021,BalanceSheet,Retained Earnings,17133414.76
SME1065,2021,BalanceSheet,Total Equity,28555691.27
SME1066,2023,IncomeStatement,Revenue,529436011.65
SME1066,2023,IncomeStatement,Cost of Goods Sold,381884213.66
SME1066,2023,IncomeStatement,Gross Profit,147551797.98
SME1066,2023,IncomeStatement,Operating Expenses,57646489.63
SME1066,2023,IncomeStatement,EBITDA,89905308.36
SME1066,2023,IncomeStatement,Depreciation,7740868.77
SME1066,2023,IncomeStatement,EBIT,82164439.59
SME1066,2023,IncomeStatement,Interest Expense,82410740.13
SME1066,2023,IncomeStatement,Profit Before Tax,-246300.54
SME1066,2023,IncomeStatement,Tax,0.0
SME1066,2023,IncomeStatement,Net Profit,-246300.54
SME1066,2023,BalanceSheet,Cash & Cash Equivalents,4262005.32
SME1066,2023,BalanceSheet,Accounts Receivable,16448483.12
SME1066,2023,BalanceSheet,Inventory,18512639.08
SME1066,2023,BalanceSheet,Other Current Assets,1961156.38
SME1066,2023,BalanceSheet,Net Fixed Assets,63084882.47
SME1066,2023,BalanceSheet,Total Assets,102308009.98
SME1066,2023,BalanceSheet,Short Term Loan,29056566.08
SME1066,2023,BalanceSheet,Accounts Payable,18096887.01
SME1066,2023,BalanceSheet,Other Current Liabilities,3922312.75
SME1066,2023,BalanceSheet,Long Term Loan,30078455.31
SME1066,2023,BalanceSheet,Total Liabilities,59135021.39
SME1066,2023,BalanceSheet,Share Capital,17269195.44
SME1066,2023,BalanceSheet,Retained Earnings,25903793.16
SME1066,2023,BalanceSheet,Total Equity,43172988.6
SME1066,2022,IncomeStatement,Revenue,544789369.47
SME1066,2022,IncomeStatement,Cost of Goods Sold,359229918.89
SME1066,2022,IncomeStatement,Gross Profit,185559450.58
SME1066,2022,IncomeStatement,Operating Expenses,85967957.58
SME1066,2022,IncomeStatement,EBITDA,99591493.0
SME1066,2022,IncomeStatement,Depreciation,8930489.12
SME1066,2022,IncomeStatement,EBIT,90661003.88
SME1066,2022,IncomeStatement,Interest Expense,91289477.77
SME1066,2022,IncomeStatement,Profit Before Tax,-628473.89
SME1066,2022,IncomeStatement,Tax,0.0
SME1066,2022,IncomeStatement,Net Profit,-628473.89
SME1066,2022,BalanceSheet,Cash & Cash Equivalents,4395949.87
SME1066,2022,BalanceSheet,Accounts Receivable,16534364.82
SME1066,2022,BalanceSheet,Inventory,20232781.31
SME1066,2022,BalanceSheet,Other Current Assets,2058154.8
SME1066,2022,BalanceSheet,Net Fixed Assets,61144913.98
SME1066,2022,BalanceSheet,Total Assets,102308009.98
SME1066,2022,BalanceSheet,Short Term Loan,30493698.36
SME1066,2022,BalanceSheet,Accounts Payable,12873839.88
SME1066,2022,BalanceSheet,Other Current Liabilities,4116309.6
SME1066,2022,BalanceSheet,Long Term Loan,28641323.03
SME1066,2022,BalanceSheet,Total Liabilities,59135021.39
SME1066,2022,BalanceSheet,Share Capital,17269195.44
SME1066,2022,BalanceSheet,Retained Earnings,25903793.16
SME1066,2022,BalanceSheet,Total Equity,43172988.6
SME1066,2021,IncomeStatement,Revenue,522308465.36
SME1066,2021,IncomeStatement,Cost of Goods Sold,386606155.33
SME1066,2021,IncomeStatement,Gross Profit,135702310.03
SME1066,2021,IncomeStatement,Operating Expenses,42583904.52
SME1066,2021,IncomeStatement,EBITDA,93118405.51
SME1066,2021,IncomeStatement,Depreciation,9892036.48
SME1066,2021,IncomeStatement,EBIT,83226369.03
SME1066,2021,IncomeStatement,Interest Expense,85355991.29
SME1066,2021,IncomeStatement,Profit Before Tax,-2129622.27
SME1066,2021,IncomeStatement,Tax,0.0
SME1066,2021,IncomeStatement,Net Profit,-2129622.27
SME1066,2021,BalanceSheet,Cash & Cash Equivalents,5233050.95
SME1066,2021,BalanceSheet,Accounts Receivable,15094388.64
SME1066,2021,BalanceSheet,Inventory,12109488.68
SME1066,2021,BalanceSheet,Other Current Assets,1621846.41
SME1066,2021,BalanceSheet,Net Fixed Assets,69871081.72
SME1066,2021,BalanceSheet,Total Assets,102308009.98
SME1066,2021,BalanceSheet,Short Term Loan,24029337.01
SME1066,2021,BalanceSheet,Accounts Payable,14699298.0
SME1066,2021,BalanceSheet,Other Current Liabilities,3243692.83
SME1066,2021,BalanceSheet,Long Term Loan,35105684.38
SME1066,2021,BalanceSheet,Total Liabilities,59135021.39
SME1066,2021,BalanceSheet,Share Capital,17269195.44
SME1066,2021,BalanceSheet,Retained Earnings,25903793.16
SME1066,2021,BalanceSheet,Total Equity,43172988.6
SME1067,2023,IncomeStatement,Revenue,696030842.67
SME1067,2023,IncomeStatement,Cost of Goods Sold,512289207.99
SME1067,2023,IncomeStatement,Gross Profit,183741634.68
SME1067,2023,IncomeStatement,Operating Expenses,68926835.29
SME1067,2023,IncomeStatement,EBITDA,114814799.39
SME1067,2023,IncomeStatement,Depreciation,17196479.51
SME1067,2023,IncomeStatement,EBIT,97618319.87
SME1067,2023,IncomeStatement,Interest Expense,75499912.57
SME1067,2023,IncomeStatement,Profit Before Tax,22118407.31
SME1067,2023,IncomeStatement,Tax,5529601.83
SME1067,2023,IncomeStatement,Net Profit,16588805.48
SME1067,2023,BalanceSheet,Cash & Cash Equivalents,21271991.45
SME1067,2023,BalanceSheet,Accounts Receivable,52685207.91
SME1067,2023,BalanceSheet,Inventory,43635806.5
SME1067,2023,BalanceSheet,Other Current Assets,5879650.29
SME1067,2023,BalanceSheet,Net Fixed Assets,86794815.02
SME1067,2023,BalanceSheet,Total Assets,204387820.89
SME1067,2023,BalanceSheet,Short Term Loan,65537519.17
SME1067,2023,BalanceSheet,Accounts Payable,43456963.03
SME1067,2023,BalanceSheet,Other Current Liabilities,11759300.59
SME1067,2023,BalanceSheet,Long Term Loan,57570345.61
SME1067,2023,BalanceSheet,Total Liabilities,123107864.78
SME1067,2023,BalanceSheet,Share Capital,32511982.44
SME1067,2023,BalanceSheet,Retained Earnings,48767973.66
SME1067,2023,BalanceSheet,Total Equity,81279956.1
SME1067,2022,IncomeStatement,Revenue,476323982.67
SME1067,2022,IncomeStatement,Cost of Goods Sold,324180754.9
SME1067,2022,IncomeStatement,Gross Profit,152143227.77
SME1067,2022,IncomeStatement,Operating Expenses,61734930.52
SME1067,2022,IncomeStatement,EBITDA,90408297.25
SME1067,2022,IncomeStatement,Depreciation,17657658.01
SME1067,2022,IncomeStatement,EBIT,72750639.24
SME1067,2022,IncomeStatement,Interest Expense,59450685.58
SME1067,2022,IncomeStatement,Profit Before Tax,13299953.66
SME1067,2022,IncomeStatement,Tax,3324988.42
SME1067,2022,IncomeStatement,Net Profit,9974965.25
SME1067,2022,BalanceSheet,Cash & Cash Equivalents,9870587.48
SME1067,2022,BalanceSheet,Accounts Receivable,34702872.76
SME1067,2022,BalanceSheet,Inventory,53620827.96
SME1067,2022,BalanceSheet,Other Current Assets,4909714.41
SME1067,2022,BalanceSheet,Net Fixed Assets,106193532.69
SME1067,2022,BalanceSheet,Total Assets,204387820.89
SME1067,2022,BalanceSheet,Short Term Loan,54726129.31
SME1067,2022,BalanceSheet,Accounts Payable,35317794.72
SME1067,2022,BalanceSheet,Other Current Liabilities,9819428.82
SME1067,2022,BalanceSheet,Long Term Loan,68381735.47
SME1067,2022,BalanceSheet,Total Liabilities,123107864.78
SME1067,2022,BalanceSheet,Share Capital,32511982.44
SME1067,2022,BalanceSheet,Retained Earnings,48767973.66
SME1067,2022,BalanceSheet,Total Equity,81279956.1
SME1067,2021,IncomeStatement,Revenue,531774137.43
SME1067,2021,IncomeStatement,Cost of Goods Sold,362492775.04
SME1067,2021,IncomeStatement,Gross Profit,169281362.39
SME1067,2021,IncomeStatement,Operating Expenses,68793697.91
SME1067,2021,IncomeStatement,EBITDA,100487664.48
SME1067,2021,IncomeStatement,Depreciation,18633633.32
SME1067,2021,IncomeStatement,EBIT,81854031.16
SME1067,2021,IncomeStatement,Interest Expense,66078675.6
SME1067,2021,IncomeStatement,Profit Before Tax,15775355.56
SME1067,2021,IncomeStatement,Tax,3943838.89
SME1067,2021,IncomeStatement,Net Profit,11831516.67
SME1067,2021,BalanceSheet,Cash & Cash Equivalents,15084662.16
SME1067,2021,BalanceSheet,Accounts Receivable,38857229.61
SME1067,2021,BalanceSheet,Inventory,45348978.03
SME1067,2021,BalanceSheet,Other Current Assets,4964543.49
SME1067,2021,BalanceSheet,Net Fixed Assets,105096951.09
SME1067,2021,BalanceSheet,Total Assets,204387820.89
SME1067,2021,BalanceSheet,Short Term Loan,55337281.63
SME1067,2021,BalanceSheet,Accounts Payable,48402518.96
SME1067,2021,BalanceSheet,Other Current Liabilities,9929086.98
SME1067,2021,BalanceSheet,Long Term Loan,67770583.16
SME1067,2021,BalanceSheet,Total Liabilities,123107864.78
SME1067,2021,BalanceSheet,Share Capital,32511982.44
SME1067,2021,BalanceSheet,Retained Earnings,48767973.66
SME1067,2021,BalanceSheet,Total Equity,81279956.1
SME1068,2023,IncomeStatement,Revenue,161470962.04
SME1068,2023,IncomeStatement,Cost of Goods Sold,97261528.49
SME1068,2023,IncomeStatement,Gross Profit,64209433.55
SME1068,2023,IncomeStatement,Operating Expenses,21909306.9
SME1068,2023,IncomeStatement,EBITDA,42300126.64
SME1068,2023,IncomeStatement,Depreciation,1109484.67
SME1068,2023,IncomeStatement,EBIT,41190641.97
SME1068,2023,IncomeStatement,Interest Expense,23638643.75
SME1068,2023,IncomeStatement,Profit Before Tax,17551998.22
SME1068,2023,IncomeStatement,Tax,4387999.55
SME1068,2023,IncomeStatement,Net Profit,13163998.66
SME1068,2023,BalanceSheet,Cash & Cash Equivalents,1470956.2
SME1068,2023,BalanceSheet,Accounts Receivable,3532546.89
SME1068,2023,BalanceSheet,Inventory,2751934.1
SME1068,2023,BalanceSheet,Other Current Assets,387771.86
SME1068,2023,BalanceSheet,Net Fixed Assets,12400580.3
SME1068,2023,BalanceSheet,Total Assets,20156017.49
SME1068,2023,BalanceSheet,Short Term Loan,5403008.1
SME1068,2023,BalanceSheet,Accounts Payable,2402132.39
SME1068,2023,BalanceSheet,Other Current Liabilities,775543.72
SME1068,2023,BalanceSheet,Long Term Loan,7881490.16
SME1068,2023,BalanceSheet,Total Liabilities,13284498.26
SME1068,2023,BalanceSheet,Share Capital,2748607.69
SME1068,2023,BalanceSheet,Retained Earnings,4122911.54
SME1068,2023,BalanceSheet,Total Equity,6871519.23
SME1068,2022,IncomeStatement,Revenue,136113274.75
SME1068,2022,IncomeStatement,Cost of Goods Sold,89881012.98
SME1068,2022,IncomeStatement,Gross Profit,46232261.77
SME1068,2022,IncomeStatement,Operating Expenses,16036485.5
SME1068,2022,IncomeStatement,EBITDA,30195776.26
SME1068,2022,IncomeStatement,Depreciation,1226764.97
SME1068,2022,IncomeStatement,EBIT,28969011.29
SME1068,2022,IncomeStatement,Interest Expense,16874351.32
SME1068,2022,IncomeStatement,Profit Before Tax,12094659.97
SME1068,2022,IncomeStatement,Tax,3023664.99
SME1068,2022,IncomeStatement,Net Profit,9070994.97
SME1068,2022,BalanceSheet,Cash & Cash Equivalents,1184606.12
SME1068,2022,BalanceSheet,Accounts Receivable,4647973.05
SME1068,2022,BalanceSheet,Inventory,5088811.03
SME1068,2022,BalanceSheet,Other Current Assets,546069.51
SME1068,2022,BalanceSheet,Net Fixed Assets,9234627.29
SME1068,2022,BalanceSheet,Total Assets,20156017.49
SME1068,2022,BalanceSheet,Short Term Loan,7608643.88
SME1068,2022,BalanceSheet,Accounts Payable,3908248.87
SME1068,2022,BalanceSheet,Other Current Liabilities,1092139.02
SME1068,2022,BalanceSheet,Long Term Loan,5675854.37
SME1068,2022,BalanceSheet,Total Liabilities,13284498.26
SME1068,2022,BalanceSheet,Share Capital,2748607.69
SME1068,2022,BalanceSheet,Retained Earnings,4122911.54
SME1068,2022,BalanceSheet,Total Equity,6871519.23
SME1068,2021,IncomeStatement,Revenue,125651223.25
SME1068,2021,IncomeStatement,Cost of Goods Sold,89178143.94
SME1068,2021,IncomeStatement,Gross Profit,36473079.31
SME1068,2021,IncomeStatement,Operating Expenses,13268203.76
SME1068,2021,IncomeStatement,EBITDA,23204875.56
SME1068,2021,IncomeStatement,Depreciation,1610382.83
SME1068,2021,IncomeStatement,EBIT,21594492.73
SME1068,2021,IncomeStatement,Interest Expense,12967615.71
SME1068,2021,IncomeStatement,Profit Before Tax,8626877.02
SME1068,2021,IncomeStatement,Tax,2156719.26
SME1068,2021,IncomeStatement,Net Profit,6470157.77
SME1068,2021,BalanceSheet,Cash & Cash Equivalents,1509465.16
SME1068,2021,BalanceSheet,Accounts Receivable,4028623.75
SME1068,2021,BalanceSheet,Inventory,4654129.38
SME1068,2021,BalanceSheet,Other Current Assets,509610.91
SME1068,2021,BalanceSheet,Net Fixed Assets,9963799.21
SME1068,2021,BalanceSheet,Total Assets,20156017.49
SME1068,2021,BalanceSheet,Short Term Loan,7100649.08
SME1068,2021,BalanceSheet,Accounts Payable,3349693.81
SME1068,2021,BalanceSheet,Other Current Liabilities,1019221.83
SME1068,2021,BalanceSheet,Long Term Loan,6183849.18
SME1068,2021,BalanceSheet,Total Liabilities,13284498.26
SME1068,2021,BalanceSheet,Share Capital,2748607.69
SME1068,2021,BalanceSheet,Retained Earnings,4122911.54
SME1068,2021,BalanceSheet,Total Equity,6871519.23
SME1069,2023,IncomeStatement,Revenue,792716756.5
SME1069,2023,IncomeStatement,Cost of Goods Sold,584023487.46
SME1069,2023,IncomeStatement,Gross Profit,208693269.04
SME1069,2023,IncomeStatement,Operating Expenses,88736091.57
SME1069,2023,IncomeStatement,EBITDA,119957177.47
SME1069,2023,IncomeStatement,Depreciation,10666128.83
SME1069,2023,IncomeStatement,EBIT,109291048.64
SME1069,2023,IncomeStatement,Interest Expense,61563218.12
SME1069,2023,IncomeStatement,Profit Before Tax,47727830.52
SME1069,2023,IncomeStatement,Tax,11931957.63
SME1069,2023,IncomeStatement,Net Profit,35795872.89
SME1069,2023,BalanceSheet,Cash & Cash Equivalents,11529402.92
SME1069,2023,BalanceSheet,Accounts Receivable,23037743.83
SME1069,2023,BalanceSheet,Inventory,12330173.16
SME1069,2023,BalanceSheet,Other Current Assets,2344866.0
SME1069,2023,BalanceSheet,Net Fixed Assets,102571913.29
SME1069,2023,BalanceSheet,Total Assets,149469233.2
SME1069,2023,BalanceSheet,Short Term Loan,45242591.04
SME1069,2023,BalanceSheet,Accounts Payable,20366029.0
SME1069,2023,BalanceSheet,Other Current Liabilities,4689731.99
SME1069,2023,BalanceSheet,Long Term Loan,45401370.71
SME1069,2023,BalanceSheet,Total Liabilities,90643961.76
SME1069,2023,BalanceSheet,Share Capital,23530108.58
SME1069,2023,BalanceSheet,Retained Earnings,35295162.87
SME1069,2023,BalanceSheet,Total Equity,58825271.44
SME1069,2022,IncomeStatement,Revenue,680754584.08
SME1069,2022,IncomeStatement,Cost of Goods Sold,440999741.89
SME1069,2022,IncomeStatement,Gross Profit,239754842.19
SME1069,2022,IncomeStatement,Operating Expenses,91889622.02
SME1069,2022,IncomeStatement,EBITDA,147865220.18
SME1069,2022,IncomeStatement,Depreciation,8588633.73
SME1069,2022,IncomeStatement,EBIT,139276586.45
SME1069,2022,IncomeStatement,Interest Expense,75885903.57
SME1069,2022,IncomeStatement,Profit Before Tax,63390682.88
SME1069,2022,IncomeStatement,Tax,15847670.72
SME1069,2022,IncomeStatement,Net Profit,47543012.16
SME1069,2022,BalanceSheet,Cash & Cash Equivalents,9519422.54
SME1069,2022,BalanceSheet,Accounts Receivable,18802290.99
SME1069,2022,BalanceSheet,Inventory,16336358.84
SME1069,2022,BalanceSheet,Other Current Assets,2232903.62
SME1069,2022,BalanceSheet,Net Fixed Assets,104811160.84
SME1069,2022,BalanceSheet,Total Assets,149469233.2
SME1069,2022,BalanceSheet,Short Term Loan,43082353.29
SME1069,2022,BalanceSheet,Accounts Payable,20983407.47
SME1069,2022,BalanceSheet,Other Current Liabilities,4465807.24
SME1069,2022,BalanceSheet,Long Term Loan,47561608.47
SME1069,2022,BalanceSheet,Total Liabilities,90643961.76
SME1069,2022,BalanceSheet,Share Capital,23530108.58
SME1069,2022,BalanceSheet,Retained Earnings,35295162.87
SME1069,2022,BalanceSheet,Total Equity,58825271.44
SME1069,2021,IncomeStatement,Revenue,560988269.06
SME1069,2021,IncomeStatement,Cost of Goods Sold,396134303.87
SME1069,2021,IncomeStatement,Gross Profit,164853965.2
SME1069,2021,IncomeStatement,Operating Expenses,76023268.56
SME1069,2021,IncomeStatement,EBITDA,88830696.63
SME1069,2021,IncomeStatement,Depreciation,14309744.75
SME1069,2021,IncomeStatement,EBIT,74520951.88
SME1069,2021,IncomeStatement,Interest Expense,45588798.17
SME1069,2021,IncomeStatement,Profit Before Tax,28932153.71
SME1069,2021,IncomeStatement,Tax,7233038.43
SME1069,2021,IncomeStatement,Net Profit,21699115.29
SME1069,2021,BalanceSheet,Cash & Cash Equivalents,11805316.4
SME1069,2021,BalanceSheet,Accounts Receivable,20878353.68
SME1069,2021,BalanceSheet,Inventory,15468290.44
SME1069,2021,BalanceSheet,Other Current Assets,2407598.03
SME1069,2021,BalanceSheet,Net Fixed Assets,101317272.69
SME1069,2021,BalanceSheet,Total Assets,149469233.2
SME1069,2021,BalanceSheet,Short Term Loan,46452962.8
SME1069,2021,BalanceSheet,Accounts Payable,15736953.92
SME1069,2021,BalanceSheet,Other Current Liabilities,4815196.05
SME1069,2021,BalanceSheet,Long Term Loan,44190998.95
SME1069,2021,BalanceSheet,Total Liabilities,90643961.76
SME1069,2021,BalanceSheet,Share Capital,23530108.58
SME1069,2021,BalanceSheet,Retained Earnings,35295162.87
SME1069,2021,BalanceSheet,Total Equity,58825271.44
SME1070,2023,IncomeStatement,Revenue,289399446.54
SME1070,2023,IncomeStatement,Cost of Goods Sold,205093830.13
SME1070,2023,IncomeStatement,Gross Profit,84305616.41
SME1070,2023,IncomeStatement,Operating Expenses,28503418.97
SME1070,2023,IncomeStatement,EBITDA,55802197.44
SME1070,2023,IncomeStatement,Depreciation,13069516.25
SME1070,2023,IncomeStatement,EBIT,42732681.19
SME1070,2023,IncomeStatement,Interest Expense,20140107.5
SME1070,2023,IncomeStatement,Profit Before Tax,22592573.69
SME1070,2023,IncomeStatement,Tax,5648143.42
SME1070,2023,IncomeStatement,Net Profit,16944430.27
SME1070,2023,BalanceSheet,Cash & Cash Equivalents,26542915.26
SME1070,2023,BalanceSheet,Accounts Receivable,67046833.33
SME1070,2023,BalanceSheet,Inventory,45788277.37
SME1070,2023,BalanceSheet,Other Current Assets,6968901.3
SME1070,2023,BalanceSheet,Net Fixed Assets,66690748.53
SME1070,2023,BalanceSheet,Total Assets,206068774.5
SME1070,2023,BalanceSheet,Short Term Loan,51642646.68
SME1070,2023,BalanceSheet,Accounts Payable,47058573.48
SME1070,2023,BalanceSheet,Other Current Liabilities,13937802.6
SME1070,2023,BalanceSheet,Long Term Loan,44933612.89
SME1070,2023,BalanceSheet,Total Liabilities,96576259.57
SME1070,2023,BalanceSheet,Share Capital,43797005.97
SME1070,2023,BalanceSheet,Retained Earnings,65695508.96
SME1070,2023,BalanceSheet,Total Equity,109492514.93
SME1070,2022,IncomeStatement,Revenue,387114177.25
SME1070,2022,IncomeStatement,Cost of Goods Sold,274326830.4
SME1070,2022,IncomeStatement,Gross Profit,112787346.85
SME1070,2022,IncomeStatement,Operating Expenses,46442456.56
SME1070,2022,IncomeStatement,EBITDA,66344890.29
SME1070,2022,IncomeStatement,Depreciation,15242847.56
SME1070,2022,IncomeStatement,EBIT,51102042.74
SME1070,2022,IncomeStatement,Interest Expense,23945172.12
SME1070,2022,IncomeStatement,Profit Before Tax,27156870.61
SME1070,2022,IncomeStatement,Tax,6789217.65
SME1070,2022,IncomeStatement,Net Profit,20367652.96
SME1070,2022,BalanceSheet,Cash & Cash Equivalents,22429491.65
SME1070,2022,BalanceSheet,Accounts Receivable,73828191.52
SME1070,2022,BalanceSheet,Inventory,53327461.47
SME1070,2022,BalanceSheet,Other Current Assets,7479257.23
SME1070,2022,BalanceSheet,Net Fixed Assets,56483629.85
SME1070,2022,BalanceSheet,Total Assets,206068774.5
SME1070,2022,BalanceSheet,Short Term Loan,55424610.3
SME1070,2022,BalanceSheet,Accounts Payable,45334282.33
SME1070,2022,BalanceSheet,Other Current Liabilities,14958514.46
SME1070,2022,BalanceSheet,Long Term Loan,41151649.27
SME1070,2022,BalanceSheet,Total Liabilities,96576259.57
SME1070,2022,BalanceSheet,Share Capital,43797005.97
SME1070,2022,BalanceSheet,Retained Earnings,65695508.96
SME1070,2022,BalanceSheet,Total Equity,109492514.93
SME1070,2021,IncomeStatement,Revenue,362354727.82
SME1070,2021,IncomeStatement,Cost of Goods Sold,269704839.34
SME1070,2021,IncomeStatement,Gross Profit,92649888.48
SME1070,2021,IncomeStatement,Operating Expenses,29968833.1
SME1070,2021,IncomeStatement,EBITDA,62681055.38
SME1070,2021,IncomeStatement,Depreciation,20602467.65
SME1070,2021,IncomeStatement,EBIT,42078587.73
SME1070,2021,IncomeStatement,Interest Expense,22622822.24
SME1070,2021,IncomeStatement,Profit Before Tax,19455765.48
SME1070,2021,IncomeStatement,Tax,4863941.37
SME1070,2021,IncomeStatement,Net Profit,14591824.11
SME1070,2021,BalanceSheet,Cash & Cash Equivalents,17624959.67
SME1070,2021,BalanceSheet,Accounts Receivable,56944622.21
SME1070,2021,BalanceSheet,Inventory,54656107.93
SME1070,2021,BalanceSheet,Other Current Assets,6461284.49
SME1070,2021,BalanceSheet,Net Fixed Assets,76843084.69
SME1070,2021,BalanceSheet,Total Assets,206068774.5
SME1070,2021,BalanceSheet,Short Term Loan,47880981.2
SME1070,2021,BalanceSheet,Accounts Payable,44053377.34
SME1070,2021,BalanceSheet,Other Current Liabilities,12922568.98
SME1070,2021,BalanceSheet,Long Term Loan,48695278.37
SME1070,2021,BalanceSheet,Total Liabilities,96576259.57
SME1070,2021,BalanceSheet,Share Capital,43797005.97
SME1070,2021,BalanceSheet,Retained Earnings,65695508.96
SME1070,2021,BalanceSheet,Total Equity,109492514.93
SME1071,2023,IncomeStatement,Revenue,788395780.27
SME1071,2023,IncomeStatement,Cost of Goods Sold,503969580.66
SME1071,2023,IncomeStatement,Gross Profit,284426199.61
SME1071,2023,IncomeStatement,Operating Expenses,114499551.8
SME1071,2023,IncomeStatement,EBITDA,169926647.81
SME1071,2023,IncomeStatement,Depreciation,22342048.48
SME1071,2023,IncomeStatement,EBIT,147584599.33
SME1071,2023,IncomeStatement,Interest Expense,110798835.26
SME1071,2023,IncomeStatement,Profit Before Tax,36785764.07
SME1071,2023,IncomeStatement,Tax,9196441.02
SME1071,2023,IncomeStatement,Net Profit,27589323.06
SME1071,2023,BalanceSheet,Cash & Cash Equivalents,26835553.22
SME1071,2023,BalanceSheet,Accounts Receivable,45640779.75
SME1071,2023,BalanceSheet,Inventory,36082710.18
SME1071,2023,BalanceSheet,Other Current Assets,5427952.16
SME1071,2023,BalanceSheet,Net Fixed Assets,189876638.5
SME1071,2023,BalanceSheet,Total Assets,298435681.65
SME1071,2023,BalanceSheet,Short Term Loan,88374555.64
SME1071,2023,BalanceSheet,Accounts Payable,50799795.66
SME1071,2023,BalanceSheet,Other Current Liabilities,10855904.32
SME1071,2023,BalanceSheet,Long Term Loan,122180597.8
SME1071,2023,BalanceSheet,Total Liabilities,210555153.45
SME1071,2023,BalanceSheet,Share Capital,35152211.28
SME1071,2023,BalanceSheet,Retained Earnings,52728316.92
SME1071,2023,BalanceSheet,Total Equity,87880528.2
SME1071,2022,IncomeStatement,Revenue,948282134.73
SME1071,2022,IncomeStatement,Cost of Goods Sold,621699208.97
SME1071,2022,IncomeStatement,Gross Profit,326582925.75
SME1071,2022,IncomeStatement,Operating Expenses,125011382.96
SME1071,2022,IncomeStatement,EBITDA,201571542.79
SME1071,2022,IncomeStatement,Depreciation,23315656.61
SME1071,2022,IncomeStatement,EBIT,178255886.19
SME1071,2022,IncomeStatement,Interest Expense,131432547.22
SME1071,2022,IncomeStatement,Profit Before Tax,46823338.97
SME1071,2022,IncomeStatement,Tax,11705834.74
SME1071,2022,IncomeStatement,Net Profit,35117504.22
SME1071,2022,BalanceSheet,Cash & Cash Equivalents,14005518.39
SME1071,2022,BalanceSheet,Accounts Receivable,44711167.06
SME1071,2022,BalanceSheet,Inventory,56187748.38
SME1071,2022,BalanceSheet,Other Current Assets,5745221.69
SME1071,2022,BalanceSheet,Net Fixed Assets,183531247.81
SME1071,2022,BalanceSheet,Total Assets,298435681.65
SME1071,2022,BalanceSheet,Short Term Loan,93540141.72
SME1071,2022,BalanceSheet,Accounts Payable,55952903.65
SME1071,2022,BalanceSheet,Other Current Liabilities,11490443.38
SME1071,2022,BalanceSheet,Long Term Loan,117015011.72
SME1071,2022,BalanceSheet,Total Liabilities,210555153.45
SME1071,2022,BalanceSheet,Share Capital,35152211.28
SME1071,2022,BalanceSheet,Retained Earnings,52728316.92
SME1071,2022,BalanceSheet,Total Equity,87880528.2
SME1071,2021,IncomeStatement,Revenue,787531203.41
SME1071,2021,IncomeStatement,Cost of Goods Sold,521847086.46
SME1071,2021,IncomeStatement,Gross Profit,265684116.95
SME1071,2021,IncomeStatement,Operating Expenses,87803893.27
SME1071,2021,IncomeStatement,EBITDA,177880223.68
SME1071,2021,IncomeStatement,Depreciation,19843962.66
SME1071,2021,IncomeStatement,EBIT,158036261.02
SME1071,2021,IncomeStatement,Interest Expense,115984878.49
SME1071,2021,IncomeStatement,Profit Before Tax,42051382.53
SME1071,2021,IncomeStatement,Tax,10512845.63
SME1071,2021,IncomeStatement,Net Profit,31538536.9
SME1071,2021,BalanceSheet,Cash & Cash Equivalents,27699592.4
SME1071,2021,BalanceSheet,Accounts Receivable,52307528.61
SME1071,2021,BalanceSheet,Inventory,43099767.13
SME1071,2021,BalanceSheet,Other Current Assets,6155344.41
SME1071,2021,BalanceSheet,Net Fixed Assets,175328793.51
SME1071,2021,BalanceSheet,Total Assets,298435681.65
SME1071,2021,BalanceSheet,Short Term Loan,100217505.79
SME1071,2021,BalanceSheet,Accounts Payable,53049416.37
SME1071,2021,BalanceSheet,Other Current Liabilities,12310688.81
SME1071,2021,BalanceSheet,Long Term Loan,110337647.66
SME1071,2021,BalanceSheet,Total Liabilities,210555153.45
SME1071,2021,BalanceSheet,Share Capital,35152211.28
SME1071,2021,BalanceSheet,Retained Earnings,52728316.92
SME1071,2021,BalanceSheet,Total Equity,87880528.2
SME1072,2023,IncomeStatement,Revenue,164965995.67
SME1072,2023,IncomeStatement,Cost of Goods Sold,103142522.04
SME1072,2023,IncomeStatement,Gross Profit,61823473.63
SME1072,2023,IncomeStatement,Operating Expenses,28376671.64
SME1072,2023,IncomeStatement,EBITDA,33446801.99
SME1072,2023,IncomeStatement,Depreciation,2907911.92
SME1072,2023,IncomeStatement,EBIT,30538890.07
SME1072,2023,IncomeStatement,Interest Expense,16157615.08
SME1072,2023,IncomeStatement,Profit Before Tax,14381274.99
SME1072,2023,IncomeStatement,Tax,3595318.75
SME1072,2023,IncomeStatement,Net Profit,10785956.24
SME1072,2023,BalanceSheet,Cash & Cash Equivalents,6202013.7
SME1072,2023,BalanceSheet,Accounts Receivable,17453060.43
SME1072,2023,BalanceSheet,Inventory,12143512.03
SME1072,2023,BalanceSheet,Other Current Assets,1789929.31
SME1072,2023,BalanceSheet,Net Fixed Assets,13940526.12
SME1072,2023,BalanceSheet,Total Assets,49739112.28
SME1072,2023,BalanceSheet,Short Term Loan,16523632.38
SME1072,2023,BalanceSheet,Accounts Payable,14621122.44
SME1072,2023,BalanceSheet,Other Current Liabilities,3579858.62
SME1072,2023,BalanceSheet,Long Term Loan,13847191.05
SME1072,2023,BalanceSheet,Total Liabilities,30370823.43
SME1072,2023,BalanceSheet,Share Capital,7747315.54
SME1072,2023,BalanceSheet,Retained Earnings,11620973.31
SME1072,2023,BalanceSheet,Total Equity,19368288.85
SME1072,2022,IncomeStatement,Revenue,166606358.01
SME1072,2022,IncomeStatement,Cost of Goods Sold,101431584.79
SME1072,2022,IncomeStatement,Gross Profit,65174773.22
SME1072,2022,IncomeStatement,Operating Expenses,19993323.11
SME1072,2022,IncomeStatement,EBITDA,45181450.11
SME1072,2022,IncomeStatement,Depreciation,4592654.42
SME1072,2022,IncomeStatement,EBIT,40588795.69
SME1072,2022,IncomeStatement,Interest Expense,21826435.9
SME1072,2022,IncomeStatement,Profit Before Tax,18762359.79
SME1072,2022,IncomeStatement,Tax,4690589.95
SME1072,2022,IncomeStatement,Net Profit,14071769.84
SME1072,2022,BalanceSheet,Cash & Cash Equivalents,7760579.57
SME1072,2022,BalanceSheet,Accounts Receivable,18008878.41
SME1072,2022,BalanceSheet,Inventory,12988416.5
SME1072,2022,BalanceSheet,Other Current Assets,1937893.72
SME1072,2022,BalanceSheet,Net Fixed Assets,10981237.8
SME1072,2022,BalanceSheet,Total Assets,49739112.28
SME1072,2022,BalanceSheet,Short Term Loan,17889557.62
SME1072,2022,BalanceSheet,Accounts Payable,14824051.54
SME1072,2022,BalanceSheet,Other Current Liabilities,3875787.45
SME1072,2022,BalanceSheet,Long Term Loan,12481265.81
SME1072,2022,BalanceSheet,Total Liabilities,30370823.43
SME1072,2022,BalanceSheet,Share Capital,7747315.54
SME1072,2022,BalanceSheet,Retained Earnings,11620973.31
SME1072,2022,BalanceSheet,Total Equity,19368288.85
SME1072,2021,IncomeStatement,Revenue,160251449.8
SME1072,2021,IncomeStatement,Cost of Goods Sold,101714000.37
SME1072,2021,IncomeStatement,Gross Profit,58537449.43
SME1072,2021,IncomeStatement,Operating Expenses,25840415.34
SME1072,2021,IncomeStatement,EBITDA,32697034.09
SME1072,2021,IncomeStatement,Depreciation,2509690.02
SME1072,2021,IncomeStatement,EBIT,30187344.06
SME1072,2021,IncomeStatement,Interest Expense,15795414.19
SME1072,2021,IncomeStatement,Profit Before Tax,14391929.87
SME1072,2021,IncomeStatement,Tax,3597982.47
SME1072,2021,IncomeStatement,Net Profit,10793947.4
SME1072,2021,BalanceSheet,Cash & Cash Equivalents,5143407.07
SME1072,2021,BalanceSheet,Accounts Receivable,14597112.93
SME1072,2021,BalanceSheet,Inventory,13234243.7
SME1072,2021,BalanceSheet,Other Current Assets,1648738.18
SME1072,2021,BalanceSheet,Net Fixed Assets,16764348.59
SME1072,2021,BalanceSheet,Total Assets,49739112.28
SME1072,2021,BalanceSheet,Short Term Loan,15220234.41
SME1072,2021,BalanceSheet,Accounts Payable,14289645.03
SME1072,2021,BalanceSheet,Other Current Liabilities,3297476.37
SME1072,2021,BalanceSheet,Long Term Loan,15150589.02
SME1072,2021,BalanceSheet,Total Liabilities,30370823.43
SME1072,2021,BalanceSheet,Share Capital,7747315.54
SME1072,2021,BalanceSheet,Retained Earnings,11620973.31
SME1072,2021,BalanceSheet,Total Equity,19368288.85
SME1073,2023,IncomeStatement,Revenue,84851989.86
SME1073,2023,IncomeStatement,Cost of Goods Sold,57649515.03
SME1073,2023,IncomeStatement,Gross Profit,27202474.82
SME1073,2023,IncomeStatement,Operating Expenses,9655468.04
SME1073,2023,IncomeStatement,EBITDA,17547006.78
SME1073,2023,IncomeStatement,Depreciation,5288607.73
SME1073,2023,IncomeStatement,EBIT,12258399.05
SME1073,2023,IncomeStatement,Interest Expense,10991065.04
SME1073,2023,IncomeStatement,Profit Before Tax,1267334.01
SME1073,2023,IncomeStatement,Tax,316833.5
SME1073,2023,IncomeStatement,Net Profit,950500.5
SME1073,2023,BalanceSheet,Cash & Cash Equivalents,3162040.7
SME1073,2023,BalanceSheet,Accounts Receivable,6426044.79
SME1073,2023,BalanceSheet,Inventory,4657036.17
SME1073,2023,BalanceSheet,Other Current Assets,712256.08
SME1073,2023,BalanceSheet,Net Fixed Assets,39243252.16
SME1073,2023,BalanceSheet,Total Assets,53488373.83
SME1073,2023,BalanceSheet,Short Term Loan,12888131.75
SME1073,2023,BalanceSheet,Accounts Payable,6570327.89
SME1073,2023,BalanceSheet,Other Current Liabilities,1424512.17
SME1073,2023,BalanceSheet,Long Term Loan,19058374.57
SME1073,2023,BalanceSheet,Total Liabilities,31946506.32
SME1073,2023,BalanceSheet,Share Capital,8616747.0
SME1073,2023,BalanceSheet,Retained Earnings,12925120.51
SME1073,2023,BalanceSheet,Total Equity,21541867.51
SME1073,2022,IncomeStatement,Revenue,125864345.12
SME1073,2022,IncomeStatement,Cost of Goods Sold,77539039.98
SME1073,2022,IncomeStatement,Gross Profit,48325305.14
SME1073,2022,IncomeStatement,Operating Expenses,15428471.17
SME1073,2022,IncomeStatement,EBITDA,32896833.97
SME1073,2022,IncomeStatement,Depreciation,3072632.91
SME1073,2022,IncomeStatement,EBIT,29824201.06
SME1073,2022,IncomeStatement,Interest Expense,20605864.37
SME1073,2022,IncomeStatement,Profit Before Tax,9218336.69
SME1073,2022,IncomeStatement,Tax,2304584.17
SME1073,2022,IncomeStatement,Net Profit,6913752.51
SME1073,2022,BalanceSheet,Cash & Cash Equivalents,2770339.54
SME1073,2022,BalanceSheet,Accounts Receivable,7310686.99
SME1073,2022,BalanceSheet,Inventory,5398463.55
SME1073,2022,BalanceSheet,Other Current Assets,773974.5
SME1073,2022,BalanceSheet,Net Fixed Assets,38008883.75
SME1073,2022,BalanceSheet,Total Assets,53488373.83
SME1073,2022,BalanceSheet,Short Term Loan,14004914.26
SME1073,2022,BalanceSheet,Accounts Payable,5471457.15
SME1073,2022,BalanceSheet,Other Current Liabilities,1547949.01
SME1073,2022,BalanceSheet,Long Term Loan,17941592.05
SME1073,2022,BalanceSheet,Total Liabilities,31946506.32
SME1073,2022,BalanceSheet,Share Capital,8616747.0
SME1073,2022,BalanceSheet,Retained Earnings,12925120.51
SME1073,2022,BalanceSheet,Total Equity,21541867.51
SME1073,2021,IncomeStatement,Revenue,101116044.2
SME1073,2021,IncomeStatement,Cost of Goods Sold,66327851.58
SME1073,2021,IncomeStatement,Gross Profit,34788192.62
SME1073,2021,IncomeStatement,Operating Expenses,13261449.74
SME1073,2021,IncomeStatement,EBITDA,21526742.89
SME1073,2021,IncomeStatement,Depreciation,4185471.09
SME1073,2021,IncomeStatement,EBIT,17341271.8
SME1073,2021,IncomeStatement,Interest Expense,13483885.55
SME1073,2021,IncomeStatement,Profit Before Tax,3857386.24
SME1073,2021,IncomeStatement,Tax,964346.56
SME1073,2021,IncomeStatement,Net Profit,2893039.68
SME1073,2021,BalanceSheet,Cash & Cash Equivalents,2827129.61
SME1073,2021,BalanceSheet,Accounts Receivable,9557738.35
SME1073,2021,BalanceSheet,Inventory,8732247.6
SME1073,2021,BalanceSheet,Other Current Assets,1055855.78
SME1073,2021,BalanceSheet,Net Fixed Assets,32371258.26
SME1073,2021,BalanceSheet,Total Assets,53488373.83
SME1073,2021,BalanceSheet,Short Term Loan,19105499.69
SME1073,2021,BalanceSheet,Accounts Payable,9916036.18
SME1073,2021,BalanceSheet,Other Current Liabilities,2111711.56
SME1073,2021,BalanceSheet,Long Term Loan,12841006.63
SME1073,2021,BalanceSheet,Total Liabilities,31946506.32
SME1073,2021,BalanceSheet,Share Capital,8616747.0
SME1073,2021,BalanceSheet,Retained Earnings,12925120.51
SME1073,2021,BalanceSheet,Total Equity,21541867.51
SME1074,2023,IncomeStatement,Revenue,656883694.03
SME1074,2023,IncomeStatement,Cost of Goods Sold,399659364.69
SME1074,2023,IncomeStatement,Gross Profit,257224329.34
SME1074,2023,IncomeStatement,Operating Expenses,77653461.67
SME1074,2023,IncomeStatement,EBITDA,179570867.67
SME1074,2023,IncomeStatement,Depreciation,25547795.04
SME1074,2023,IncomeStatement,EBIT,154023072.63
SME1074,2023,IncomeStatement,Interest Expense,130193251.45
SME1074,2023,IncomeStatement,Profit Before Tax,23829821.17
SME1074,2023,IncomeStatement,Tax,5957455.29
SME1074,2023,IncomeStatement,Net Profit,17872365.88
SME1074,2023,BalanceSheet,Cash & Cash Equivalents,26731005.39
SME1074,2023,BalanceSheet,Accounts Receivable,75723520.38
SME1074,2023,BalanceSheet,Inventory,59466732.73
SME1074,2023,BalanceSheet,Other Current Assets,8096062.92
SME1074,2023,BalanceSheet,Net Fixed Assets,274277363.07
SME1074,2023,BalanceSheet,Total Assets,436198621.56
SME1074,2023,BalanceSheet,Short Term Loan,153319962.12
SME1074,2023,BalanceSheet,Accounts Payable,66901221.01
SME1074,2023,BalanceSheet,Other Current Liabilities,16192125.85
SME1074,2023,BalanceSheet,Long Term Loan,153337332.04
SME1074,2023,BalanceSheet,Total Liabilities,306657294.16
SME1074,2023,BalanceSheet,Share Capital,51816530.96
SME1074,2023,BalanceSheet,Retained Earnings,77724796.44
SME1074,2023,BalanceSheet,Total Equity,129541327.4
SME1074,2022,IncomeStatement,Revenue,692750459.08
SME1074,2022,IncomeStatement,Cost of Goods Sold,425559568.74
SME1074,2022,IncomeStatement,Gross Profit,267190890.34
SME1074,2022,IncomeStatement,Operating Expenses,108381131.71
SME1074,2022,IncomeStatement,EBITDA,158809758.62
SME1074,2022,IncomeStatement,Depreciation,22737981.98
SME1074,2022,IncomeStatement,EBIT,136071776.65
SME1074,2022,IncomeStatement,Interest Expense,115140941.88
SME1074,2022,IncomeStatement,Profit Before Tax,20930834.76
SME1074,2022,IncomeStatement,Tax,5232708.69
SME1074,2022,IncomeStatement,Net Profit,15698126.07
SME1074,2022,BalanceSheet,Cash & Cash Equivalents,32975965.03
SME1074,2022,BalanceSheet,Accounts Receivable,69203164.0
SME1074,2022,BalanceSheet,Inventory,41059157.48
SME1074,2022,BalanceSheet,Other Current Assets,7161914.33
SME1074,2022,BalanceSheet,Net Fixed Assets,292960335.05
SME1074,2022,BalanceSheet,Total Assets,436198621.56
SME1074,2022,BalanceSheet,Short Term Loan,135629434.12
SME1074,2022,BalanceSheet,Accounts Payable,56593455.24
SME1074,2022,BalanceSheet,Other Current Liabilities,14323828.65
SME1074,2022,BalanceSheet,Long Term Loan,171027860.03
SME1074,2022,BalanceSheet,Total Liabilities,306657294.16
SME1074,2022,BalanceSheet,Share Capital,51816530.96
SME1074,2022,BalanceSheet,Retained Earnings,77724796.44
SME1074,2022,BalanceSheet,Total Equity,129541327.4
SME1074,2021,IncomeStatement,Revenue,528283471.89
SME1074,2021,IncomeStatement,Cost of Goods Sold,322861610.82
SME1074,2021,IncomeStatement,Gross Profit,205421861.07
SME1074,2021,IncomeStatement,Operating Expenses,99653629.17
SME1074,2021,IncomeStatement,EBITDA,105768231.9
SME1074,2021,IncomeStatement,Depreciation,41423856.2
SME1074,2021,IncomeStatement,EBIT,64344375.7
SME1074,2021,IncomeStatement,Interest Expense,76684543.49
SME1074,2021,IncomeStatement,Profit Before Tax,-12340167.79
SME1074,2021,IncomeStatement,Tax,0.0
SME1074,2021,IncomeStatement,Net Profit,-12340167.79
SME1074,2021,BalanceSheet,Cash & Cash Equivalents,17423882.24
SME1074,2021,BalanceSheet,Accounts Receivable,81247862.42
SME1074,2021,BalanceSheet,Inventory,67372357.87
SME1074,2021,BalanceSheet,Other Current Assets,8302205.13
SME1074,2021,BalanceSheet,Net Fixed Assets,270154519.03
SME1074,2021,BalanceSheet,Total Assets,436198621.56
SME1074,2021,BalanceSheet,Short Term Loan,157223799.69
SME1074,2021,BalanceSheet,Accounts Payable,60256896.49
SME1074,2021,BalanceSheet,Other Current Liabilities,16604410.25
SME1074,2021,BalanceSheet,Long Term Loan,149433494.47
SME1074,2021,BalanceSheet,Total Liabilities,306657294.16
SME1074,2021,BalanceSheet,Share Capital,51816530.96
SME1074,2021,BalanceSheet,Retained Earnings,77724796.44
SME1074,2021,BalanceSheet,Total Equity,129541327.4
SME1075,2023,IncomeStatement,Revenue,260554508.21
SME1075,2023,IncomeStatement,Cost of Goods Sold,162681776.71
SME1075,2023,IncomeStatement,Gross Profit,97872731.51
SME1075,2023,IncomeStatement,Operating Expenses,34068953.55
SME1075,2023,IncomeStatement,EBITDA,63803777.95
SME1075,2023,IncomeStatement,Depreciation,5763852.81
SME1075,2023,IncomeStatement,EBIT,58039925.15
SME1075,2023,IncomeStatement,Interest Expense,48386164.53
SME1075,2023,IncomeStatement,Profit Before Tax,9653760.61
SME1075,2023,IncomeStatement,Tax,2413440.15
SME1075,2023,IncomeStatement,Net Profit,7240320.46
SME1075,2023,BalanceSheet,Cash & Cash Equivalents,7368900.34
SME1075,2023,BalanceSheet,Accounts Receivable,12563126.9
SME1075,2023,BalanceSheet,Inventory,11494687.21
SME1075,2023,BalanceSheet,Other Current Assets,1571335.72
SME1075,2023,BalanceSheet,Net Fixed Assets,31406534.92
SME1075,2023,BalanceSheet,Total Assets,62833249.37
SME1075,2023,BalanceSheet,Short Term Loan,23169965.26
SME1075,2023,BalanceSheet,Accounts Payable,14177277.65
SME1075,2023,BalanceSheet,Other Current Liabilities,3142671.44
SME1075,2023,BalanceSheet,Long Term Loan,25319876.7
SME1075,2023,BalanceSheet,Total Liabilities,48489841.96
SME1075,2023,BalanceSheet,Share Capital,5737362.96
SME1075,2023,BalanceSheet,Retained Earnings,8606044.45
SME1075,2023,BalanceSheet,Total Equity,14343407.41
SME1075,2022,IncomeStatement,Revenue,276988994.92
SME1075,2022,IncomeStatement,Cost of Goods Sold,207263024.36
SME1075,2022,IncomeStatement,Gross Profit,69725970.56
SME1075,2022,IncomeStatement,Operating Expenses,31016392.72
SME1075,2022,IncomeStatement,EBITDA,38709577.84
SME1075,2022,IncomeStatement,Depreciation,4714984.57
SME1075,2022,IncomeStatement,EBIT,33994593.26
SME1075,2022,IncomeStatement,Interest Expense,29355753.88
SME1075,2022,IncomeStatement,Profit Before Tax,4638839.38
SME1075,2022,IncomeStatement,Tax,1159709.85
SME1075,2022,IncomeStatement,Net Profit,3479129.54
SME1075,2022,BalanceSheet,Cash & Cash Equivalents,4227515.95
SME1075,2022,BalanceSheet,Accounts Receivable,16258469.47
SME1075,2022,BalanceSheet,Inventory,18637950.45
SME1075,2022,BalanceSheet,Other Current Assets,1956196.79
SME1075,2022,BalanceSheet,Net Fixed Assets,23709313.5
SME1075,2022,BalanceSheet,Total Assets,62833249.37
SME1075,2022,BalanceSheet,Short Term Loan,28844893.62
SME1075,2022,BalanceSheet,Accounts Payable,18299631.47
SME1075,2022,BalanceSheet,Other Current Liabilities,3912393.59
SME1075,2022,BalanceSheet,Long Term Loan,19644948.34
SME1075,2022,BalanceSheet,Total Liabilities,48489841.96
SME1075,2022,BalanceSheet,Share Capital,5737362.96
SME1075,2022,BalanceSheet,Retained Earnings,8606044.45
SME1075,2022,BalanceSheet,Total Equity,14343407.41
SME1075,2021,IncomeStatement,Revenue,294843753.01
SME1075,2021,IncomeStatement,Cost of Goods Sold,210916728.75
SME1075,2021,IncomeStatement,Gross Profit,83927024.27
SME1075,2021,IncomeStatement,Operating Expenses,41205792.05
SME1075,2021,IncomeStatement,EBITDA,42721232.22
SME1075,2021,IncomeStatement,Depreciation,4387969.55
SME1075,2021,IncomeStatement,EBIT,38333262.67
SME1075,2021,IncomeStatement,Interest Expense,32398027.79
SME1075,2021,IncomeStatement,Profit Before Tax,5935234.88
SME1075,2021,IncomeStatement,Tax,1483808.72
SME1075,2021,IncomeStatement,Net Profit,4451426.16
SME1075,2021,BalanceSheet,Cash & Cash Equivalents,3810430.09
SME1075,2021,BalanceSheet,Accounts Receivable,14264837.79
SME1075,2021,BalanceSheet,Inventory,18407781.45
SME1075,2021,BalanceSheet,Other Current Assets,1824152.47
SME1075,2021,BalanceSheet,Net Fixed Assets,26350200.04
SME1075,2021,BalanceSheet,Total Assets,62833249.37
SME1075,2021,BalanceSheet,Short Term Loan,26897847.91
SME1075,2021,BalanceSheet,Accounts Payable,18187426.71
SME1075,2021,BalanceSheet,Other Current Liabilities,3648304.93
SME1075,2021,BalanceSheet,Long Term Loan,21591994.05
SME1075,2021,BalanceSheet,Total Liabilities,48489841.96
SME1075,2021,BalanceSheet,Share Capital,5737362.96
SME1075,2021,BalanceSheet,Retained Earnings,8606044.45
SME1075,2021,BalanceSheet,Total Equity,14343407.41
SME1076,2023,IncomeStatement,Revenue,137248187.44
SME1076,2023,IncomeStatement,Cost of Goods Sold,84113116.81
SME1076,2023,IncomeStatement,Gross Profit,53135070.63
SME1076,2023,IncomeStatement,Operating Expenses,22514560.99
SME1076,2023,IncomeStatement,EBITDA,30620509.64
SME1076,2023,IncomeStatement,Depreciation,5666976.49
SME1076,2023,IncomeStatement,EBIT,24953533.14
SME1076,2023,IncomeStatement,Interest Expense,14473444.89
SME1076,2023,IncomeStatement,Profit Before Tax,10480088.26
SME1076,2023,IncomeStatement,Tax,2620022.06
SME1076,2023,IncomeStatement,Net Profit,7860066.19
SME1076,2023,BalanceSheet,Cash & Cash Equivalents,3966793.88
SME1076,2023,BalanceSheet,Accounts Receivable,13179582.65
SME1076,2023,BalanceSheet,Inventory,18175017.03
SME1076,2023,BalanceSheet,Other Current Assets,1766069.68
SME1076,2023,BalanceSheet,Net Fixed Assets,27713118.12
SME1076,2023,BalanceSheet,Total Assets,63034511.69
SME1076,2023,BalanceSheet,Short Term Loan,21645027.44
SME1076,2023,BalanceSheet,Accounts Payable,15623903.85
SME1076,2023,BalanceSheet,Other Current Liabilities,3532139.36
SME1076,2023,BalanceSheet,Long Term Loan,18244691.64
SME1076,2023,BalanceSheet,Total Liabilities,39889719.07
SME1076,2023,BalanceSheet,Share Capital,9257917.05
SME1076,2023,BalanceSheet,Retained Earnings,13886875.57
SME1076,2023,BalanceSheet,Total Equity,23144792.62
SME1076,2022,IncomeStatement,Revenue,125579032.82
SME1076,2022,IncomeStatement,Cost of Goods Sold,89280199.06
SME1076,2022,IncomeStatement,Gross Profit,36298833.76
SME1076,2022,IncomeStatement,Operating Expenses,13188660.2
SME1076,2022,IncomeStatement,EBITDA,23110173.55
SME1076,2022,IncomeStatement,Depreciation,3487544.84
SME1076,2022,IncomeStatement,EBIT,19622628.72
SME1076,2022,IncomeStatement,Interest Expense,10923522.41
SME1076,2022,IncomeStatement,Profit Before Tax,8699106.3
SME1076,2022,IncomeStatement,Tax,2174776.58
SME1076,2022,IncomeStatement,Net Profit,6524329.73
SME1076,2022,BalanceSheet,Cash & Cash Equivalents,3817630.16
SME1076,2022,BalanceSheet,Accounts Receivable,10546185.0
SME1076,2022,BalanceSheet,Inventory,11741402.81
SME1076,2022,BalanceSheet,Other Current Assets,1305260.9
SME1076,2022,BalanceSheet,Net Fixed Assets,36929293.72
SME1076,2022,BalanceSheet,Total Assets,63034511.69
SME1076,2022,BalanceSheet,Short Term Loan,15997334.82
SME1076,2022,BalanceSheet,Accounts Payable,9240027.75
SME1076,2022,BalanceSheet,Other Current Liabilities,2610521.8
SME1076,2022,BalanceSheet,Long Term Loan,23892384.25
SME1076,2022,BalanceSheet,Total Liabilities,39889719.07
SME1076,2022,BalanceSheet,Share Capital,9257917.05
SME1076,2022,BalanceSheet,Retained Earnings,13886875.57
SME1076,2022,BalanceSheet,Total Equity,23144792.62
SME1076,2021,IncomeStatement,Revenue,105763521.21
SME1076,2021,IncomeStatement,Cost of Goods Sold,66430994.96
SME1076,2021,IncomeStatement,Gross Profit,39332526.25
SME1076,2021,IncomeStatement,Operating Expenses,15330589.02
SME1076,2021,IncomeStatement,EBITDA,24001937.24
SME1076,2021,IncomeStatement,Depreciation,4900113.84
SME1076,2021,IncomeStatement,EBIT,19101823.4
SME1076,2021,IncomeStatement,Interest Expense,11345033.77
SME1076,2021,IncomeStatement,Profit Before Tax,7756789.63
SME1076,2021,IncomeStatement,Tax,1939197.41
SME1076,2021,IncomeStatement,Net Profit,5817592.22
SME1076,2021,BalanceSheet,Cash & Cash Equivalents,3258478.35
SME1076,2021,BalanceSheet,Accounts Receivable,12636711.15
SME1076,2021,BalanceSheet,Inventory,15454634.89
SME1076,2021,BalanceSheet,Other Current Assets,1567491.22
SME1076,2021,BalanceSheet,Net Fixed Assets,31684687.31
SME1076,2021,BalanceSheet,Total Assets,63034511.69
SME1076,2021,BalanceSheet,Short Term Loan,19211241.13
SME1076,2021,BalanceSheet,Accounts Payable,9988456.96
SME1076,2021,BalanceSheet,Other Current Liabilities,3134982.44
SME1076,2021,BalanceSheet,Long Term Loan,20678477.94
SME1076,2021,BalanceSheet,Total Liabilities,39889719.07
SME1076,2021,BalanceSheet,Share Capital,9257917.05
SME1076,2021,BalanceSheet,Retained Earnings,13886875.57
SME1076,2021,BalanceSheet,Total Equity,23144792.62
SME1077,2023,IncomeStatement,Revenue,577008315.19
SME1077,2023,IncomeStatement,Cost of Goods Sold,424199437.76
SME1077,2023,IncomeStatement,Gross Profit,152808877.43
SME1077,2023,IncomeStatement,Operating Expenses,73507413.88
SME1077,2023,IncomeStatement,EBITDA,79301463.54
SME1077,2023,IncomeStatement,Depreciation,27807851.83
SME1077,2023,IncomeStatement,EBIT,51493611.71
SME1077,2023,IncomeStatement,Interest Expense,38094580.74
SME1077,2023,IncomeStatement,Profit Before Tax,13399030.98
SME1077,2023,IncomeStatement,Tax,3349757.74
SME1077,2023,IncomeStatement,Net Profit,10049273.23
SME1077,2023,BalanceSheet,Cash & Cash Equivalents,13389622.29
SME1077,2023,BalanceSheet,Accounts Receivable,43456296.33
SME1077,2023,BalanceSheet,Inventory,49897510.2
SME1077,2023,BalanceSheet,Other Current Assets,5337171.44
SME1077,2023,BalanceSheet,Net Fixed Assets,174403376.14
SME1077,2023,BalanceSheet,Total Assets,281146804.95
SME1077,2023,BalanceSheet,Short Term Loan,56796499.1
SME1077,2023,BalanceSheet,Accounts Payable,34987081.44
SME1077,2023,BalanceSheet,Other Current Liabilities,10674342.88
SME1077,2023,BalanceSheet,Long Term Loan,53618300.48
SME1077,2023,BalanceSheet,Total Liabilities,110414799.58
SME1077,2023,BalanceSheet,Share Capital,68292802.15
SME1077,2023,BalanceSheet,Retained Earnings,102439203.23
SME1077,2023,BalanceSheet,Total Equity,170732005.38
SME1077,2022,IncomeStatement,Revenue,651359758.32
SME1077,2022,IncomeStatement,Cost of Goods Sold,438996018.77
SME1077,2022,IncomeStatement,Gross Profit,212363739.56
SME1077,2022,IncomeStatement,Operating Expenses,66396251.59
SME1077,2022,IncomeStatement,EBITDA,145967487.96
SME1077,2022,IncomeStatement,Depreciation,20167732.46
SME1077,2022,IncomeStatement,EBIT,125799755.5
SME1077,2022,IncomeStatement,Interest Expense,70119390.07
SME1077,2022,IncomeStatement,Profit Before Tax,55680365.43
SME1077,2022,IncomeStatement,Tax,13920091.36
SME1077,2022,IncomeStatement,Net Profit,41760274.07
SME1077,2022,BalanceSheet,Cash & Cash Equivalents,17346749.26
SME1077,2022,BalanceSheet,Accounts Receivable,36328227.64
SME1077,2022,BalanceSheet,Inventory,46807426.4
SME1077,2022,BalanceSheet,Other Current Assets,5024120.16
SME1077,2022,BalanceSheet,Net Fixed Assets,180664401.66
SME1077,2022,BalanceSheet,Total Assets,281146804.95
SME1077,2022,BalanceSheet,Short Term Loan,53465105.92
SME1077,2022,BalanceSheet,Accounts Payable,35202999.9
SME1077,2022,BalanceSheet,Other Current Liabilities,10048240.33
SME1077,2022,BalanceSheet,Long Term Loan,56949693.66
SME1077,2022,BalanceSheet,Total Liabilities,110414799.58
SME1077,2022,BalanceSheet,Share Capital,68292802.15
SME1077,2022,BalanceSheet,Retained Earnings,102439203.23
SME1077,2022,BalanceSheet,Total Equity,170732005.38
SME1077,2021,IncomeStatement,Revenue,637804147.46
SME1077,2021,IncomeStatement,Cost of Goods Sold,442479850.23
SME1077,2021,IncomeStatement,Gross Profit,195324297.23
SME1077,2021,IncomeStatement,Operating Expenses,81794252.65
SME1077,2021,IncomeStatement,EBITDA,113530044.58
SME1077,2021,IncomeStatement,Depreciation,16806228.18
SME1077,2021,IncomeStatement,EBIT,96723816.4
SME1077,2021,IncomeStatement,Interest Expense,54537195.86
SME1077,2021,IncomeStatement,Profit Before Tax,42186620.54
SME1077,2021,IncomeStatement,Tax,10546655.13
SME1077,2021,IncomeStatement,Net Profit,31639965.4
SME1077,2021,BalanceSheet,Cash & Cash Equivalents,12740644.01
SME1077,2021,BalanceSheet,Accounts Receivable,43051301.95
SME1077,2021,BalanceSheet,Inventory,31653199.87
SME1077,2021,BalanceSheet,Other Current Assets,4372257.29
SME1077,2021,BalanceSheet,Net Fixed Assets,193701659.12
SME1077,2021,BalanceSheet,Total Assets,281146804.95
SME1077,2021,BalanceSheet,Short Term Loan,46528186.34
SME1077,2021,BalanceSheet,Accounts Payable,32043700.32
SME1077,2021,BalanceSheet,Other Current Liabilities,8744514.58
SME1077,2021,BalanceSheet,Long Term Loan,63886613.24
SME1077,2021,BalanceSheet,Total Liabilities,110414799.58
SME1077,2021,BalanceSheet,Share Capital,68292802.15
SME1077,2021,BalanceSheet,Retained Earnings,102439203.23
SME1077,2021,BalanceSheet,Total Equity,170732005.38
SME1078,2023,IncomeStatement,Revenue,278821145.69
SME1078,2023,IncomeStatement,Cost of Goods Sold,208037882.76
SME1078,2023,IncomeStatement,Gross Profit,70783262.93
SME1078,2023,IncomeStatement,Operating Expenses,23162045.73
SME1078,2023,IncomeStatement,EBITDA,47621217.2
SME1078,2023,IncomeStatement,Depreciation,5438953.52
SME1078,2023,IncomeStatement,EBIT,42182263.68
SME1078,2023,IncomeStatement,Interest Expense,28819766.86
SME1078,2023,IncomeStatement,Profit Before Tax,13362496.82
SME1078,2023,IncomeStatement,Tax,3340624.2
SME1078,2023,IncomeStatement,Net Profit,10021872.61
SME1078,2023,BalanceSheet,Cash & Cash Equivalents,5156421.75
SME1078,2023,BalanceSheet,Accounts Receivable,15736514.75
SME1078,2023,BalanceSheet,Inventory,18732914.3
SME1078,2023,BalanceSheet,Other Current Assets,1981292.54
SME1078,2023,BalanceSheet,Net Fixed Assets,42741030.78
SME1078,2023,BalanceSheet,Total Assets,82366881.58
SME1078,2023,BalanceSheet,Short Term Loan,33944606.16
SME1078,2023,BalanceSheet,Accounts Payable,19532173.26
SME1078,2023,BalanceSheet,Other Current Liabilities,3962585.08
SME1078,2023,BalanceSheet,Long Term Loan,23641742.23
SME1078,2023,BalanceSheet,Total Liabilities,57586348.38
SME1078,2023,BalanceSheet,Share Capital,9912213.28
SME1078,2023,BalanceSheet,Retained Earnings,14868319.92
SME1078,2023,BalanceSheet,Total Equity,24780533.19
SME1078,2022,IncomeStatement,Revenue,258297229.2
SME1078,2022,IncomeStatement,Cost of Goods Sold,166270375.02
SME1078,2022,IncomeStatement,Gross Profit,92026854.18
SME1078,2022,IncomeStatement,Operating Expenses,40399011.68
SME1078,2022,IncomeStatement,EBITDA,51627842.5
SME1078,2022,IncomeStatement,Depreciation,6140481.14
SME1078,2022,IncomeStatement,EBIT,45487361.36
SME1078,2022,IncomeStatement,Interest Expense,31244526.53
SME1078,2022,IncomeStatement,Profit Before Tax,14242834.83
SME1078,2022,IncomeStatement,Tax,3560708.71
SME1078,2022,IncomeStatement,Net Profit,10682126.12
SME1078,2022,BalanceSheet,Cash & Cash Equivalents,4722603.32
SME1078,2022,BalanceSheet,Accounts Receivable,14074903.69
SME1078,2022,BalanceSheet,Inventory,15834915.24
SME1078,2022,BalanceSheet,Other Current Assets,1731621.11
SME1078,2022,BalanceSheet,Net Fixed Assets,47734459.34
SME1078,2022,BalanceSheet,Total Assets,82366881.58
SME1078,2022,BalanceSheet,Short Term Loan,29667096.34
SME1078,2022,BalanceSheet,Accounts Payable,16045163.24
SME1078,2022,BalanceSheet,Other Current Liabilities,3463242.22
SME1078,2022,BalanceSheet,Long Term Loan,27919252.04
SME1078,2022,BalanceSheet,Total Liabilities,57586348.38
SME1078,2022,BalanceSheet,Share Capital,9912213.28
SME1078,2022,BalanceSheet,Retained Earnings,14868319.92
SME1078,2022,BalanceSheet,Total Equity,24780533.19
SME1078,2021,IncomeStatement,Revenue,203096453.05
SME1078,2021,IncomeStatement,Cost of Goods Sold,125327403.78
SME1078,2021,IncomeStatement,Gross Profit,77769049.27
SME1078,2021,IncomeStatement,Operating Expenses,32100738.38
SME1078,2021,IncomeStatement,EBITDA,45668310.89
SME1078,2021,IncomeStatement,Depreciation,6557338.78
SME1078,2021,IncomeStatement,EBIT,39110972.11
SME1078,2021,IncomeStatement,Interest Expense,27637892.31
SME1078,2021,IncomeStatement,Profit Before Tax,11473079.8
SME1078,2021,IncomeStatement,Tax,2868269.95
SME1078,2021,IncomeStatement,Net Profit,8604809.85
SME1078,2021,BalanceSheet,Cash & Cash Equivalents,6922386.15
SME1078,2021,BalanceSheet,Accounts Receivable,14803129.32
SME1078,2021,BalanceSheet,Inventory,12500196.11
SME1078,2021,BalanceSheet,Other Current Assets,1711285.58
SME1078,2021,BalanceSheet,Net Fixed Assets,48141170.0
SME1078,2021,BalanceSheet,Total Assets,82366881.58
SME1078,2021,BalanceSheet,Short Term Loan,29318696.67
SME1078,2021,BalanceSheet,Accounts Payable,16791165.67
SME1078,2021,BalanceSheet,Other Current Liabilities,3422571.16
SME1078,2021,BalanceSheet,Long Term Loan,28267651.71
SME1078,2021,BalanceSheet,Total Liabilities,57586348.38
SME1078,2021,BalanceSheet,Share Capital,9912213.28
SME1078,2021,BalanceSheet,Retained Earnings,14868319.92
SME1078,2021,BalanceSheet,Total Equity,24780533.19
SME1079,2023,IncomeStatement,Revenue,213663240.0
SME1079,2023,IncomeStatement,Cost of Goods Sold,153698336.63
SME1079,2023,IncomeStatement,Gross Profit,59964903.37
SME1079,2023,IncomeStatement,Operating Expenses,22896298.2
SME1079,2023,IncomeStatement,EBITDA,37068605.18
SME1079,2023,IncomeStatement,Depreciation,5528908.1
SME1079,2023,IncomeStatement,EBIT,31539697.08
SME1079,2023,IncomeStatement,Interest Expense,23849554.8
SME1079,2023,IncomeStatement,Profit Before Tax,7690142.28
SME1079,2023,IncomeStatement,Tax,1922535.57
SME1079,2023,IncomeStatement,Net Profit,5767606.71
SME1079,2023,BalanceSheet,Cash & Cash Equivalents,4378964.42
SME1079,2023,BalanceSheet,Accounts Receivable,14418422.76
SME1079,2023,BalanceSheet,Inventory,13329262.95
SME1079,2023,BalanceSheet,Other Current Assets,1606332.51
SME1079,2023,BalanceSheet,Net Fixed Assets,41626384.48
SME1079,2023,BalanceSheet,Total Assets,73753034.61
SME1079,2023,BalanceSheet,Short Term Loan,28041908.58
SME1079,2023,BalanceSheet,Accounts Payable,14233624.9
SME1079,2023,BalanceSheet,Other Current Liabilities,3212665.01
SME1079,2023,BalanceSheet,Long Term Loan,25202166.92
SME1079,2023,BalanceSheet,Total Liabilities,53244075.5
SME1079,2023,BalanceSheet,Share Capital,8203583.65
SME1079,2023,BalanceSheet,Retained Earnings,12305375.47
SME1079,2023,BalanceSheet,Total Equity,20508959.11
SME1079,2022,IncomeStatement,Revenue,189780236.56
SME1079,2022,IncomeStatement,Cost of Goods Sold,115973710.07
SME1079,2022,IncomeStatement,Gross Profit,73806526.48
SME1079,2022,IncomeStatement,Operating Expenses,36765992.17
SME1079,2022,IncomeStatement,EBITDA,37040534.31
SME1079,2022,IncomeStatement,Depreciation,5454902.4
SME1079,2022,IncomeStatement,EBIT,31585631.91
SME1079,2022,IncomeStatement,Interest Expense,23831494.3
SME1079,2022,IncomeStatement,Profit Before Tax,7754137.61
SME1079,2022,IncomeStatement,Tax,1938534.4
SME1079,2022,IncomeStatement,Net Profit,5815603.21
SME1079,2022,BalanceSheet,Cash & Cash Equivalents,5154763.4
SME1079,2022,BalanceSheet,Accounts Receivable,14295134.23
SME1079,2022,BalanceSheet,Inventory,9839879.38
SME1079,2022,BalanceSheet,Other Current Assets,1464488.85
SME1079,2022,BalanceSheet,Net Fixed Assets,44463257.6
SME1079,2022,BalanceSheet,Total Assets,73753034.61
SME1079,2022,BalanceSheet,Short Term Loan,25565729.57
SME1079,2022,BalanceSheet,Accounts Payable,12838932.79
SME1079,2022,BalanceSheet,Other Current Liabilities,2928977.7
SME1079,2022,BalanceSheet,Long Term Loan,27678345.93
SME1079,2022,BalanceSheet,Total Liabilities,53244075.5
SME1079,2022,BalanceSheet,Share Capital,8203583.65
SME1079,2022,BalanceSheet,Retained Earnings,12305375.47
SME1079,2022,BalanceSheet,Total Equity,20508959.11
SME1079,2021,IncomeStatement,Revenue,163719741.57
SME1079,2021,IncomeStatement,Cost of Goods Sold,117650338.57
SME1079,2021,IncomeStatement,Gross Profit,46069403.0
SME1079,2021,IncomeStatement,Operating Expenses,17133482.72
SME1079,2021,IncomeStatement,EBITDA,28935920.28
SME1079,2021,IncomeStatement,Depreciation,6989949.44
SME1079,2021,IncomeStatement,EBIT,21945970.83
SME1079,2021,IncomeStatement,Interest Expense,18617069.98
SME1079,2021,IncomeStatement,Profit Before Tax,3328900.86
SME1079,2021,IncomeStatement,Tax,832225.21
SME1079,2021,IncomeStatement,Net Profit,2496675.64
SME1079,2021,BalanceSheet,Cash & Cash Equivalents,6057792.54
SME1079,2021,BalanceSheet,Accounts Receivable,11227103.1
SME1079,2021,BalanceSheet,Inventory,13665309.66
SME1079,2021,BalanceSheet,Other Current Assets,1547510.26
SME1079,2021,BalanceSheet,Net Fixed Assets,42802829.32
SME1079,2021,BalanceSheet,Total Assets,73753034.61
SME1079,2021,BalanceSheet,Short Term Loan,27015042.77
SME1079,2021,BalanceSheet,Accounts Payable,14044918.72
SME1079,2021,BalanceSheet,Other Current Liabilities,3095020.53
SME1079,2021,BalanceSheet,Long Term Loan,26229032.73
SME1079,2021,BalanceSheet,Total Liabilities,53244075.5
SME1079,2021,BalanceSheet,Share Capital,8203583.65
SME1079,2021,BalanceSheet,Retained Earnings,12305375.47
SME1079,2021,BalanceSheet,Total Equity,20508959.11
SME1080,2023,IncomeStatement,Revenue,442445047.6
SME1080,2023,IncomeStatement,Cost of Goods Sold,291988362.47
SME1080,2023,IncomeStatement,Gross Profit,150456685.13
SME1080,2023,IncomeStatement,Operating Expenses,67786236.68
SME1080,2023,IncomeStatement,EBITDA,82670448.45
SME1080,2023,IncomeStatement,Depreciation,12369506.87
SME1080,2023,IncomeStatement,EBIT,70300941.58
SME1080,2023,IncomeStatement,Interest Expense,37888002.74
SME1080,2023,IncomeStatement,Profit Before Tax,32412938.85
SME1080,2023,IncomeStatement,Tax,8103234.71
SME1080,2023,IncomeStatement,Net Profit,24309704.13
SME1080,2023,BalanceSheet,Cash & Cash Equivalents,4215684.61
SME1080,2023,BalanceSheet,Accounts Receivable,16135740.99
SME1080,2023,BalanceSheet,Inventory,21148817.79
SME1080,2023,BalanceSheet,Other Current Assets,2075012.17
SME1080,2023,BalanceSheet,Net Fixed Assets,84352137.87
SME1080,2023,BalanceSheet,Total Assets,125852381.25
SME1080,2023,BalanceSheet,Short Term Loan,40079917.14
SME1080,2023,BalanceSheet,Accounts Payable,16688710.67
SME1080,2023,BalanceSheet,Other Current Liabilities,4150024.34
SME1080,2023,BalanceSheet,Long Term Loan,42373590.89
SME1080,2023,BalanceSheet,Total Liabilities,82453508.03
SME1080,2023,BalanceSheet,Share Capital,17359549.29
SME1080,2023,BalanceSheet,Retained Earnings,26039323.94
SME1080,2023,BalanceSheet,Total Equity,43398873.23
SME1080,2022,IncomeStatement,Revenue,384113570.96
SME1080,2022,IncomeStatement,Cost of Goods Sold,263915885.9
SME1080,2022,IncomeStatement,Gross Profit,120197685.06
SME1080,2022,IncomeStatement,Operating Expenses,49887698.17
SME1080,2022,IncomeStatement,EBITDA,70309986.89
SME1080,2022,IncomeStatement,Depreciation,9097733.67
SME1080,2022,IncomeStatement,EBIT,61212253.22
SME1080,2022,IncomeStatement,Interest Expense,32223182.84
SME1080,2022,IncomeStatement,Profit Before Tax,28989070.38
SME1080,2022,IncomeStatement,Tax,7247267.6
SME1080,2022,IncomeStatement,Net Profit,21741802.79
SME1080,2022,BalanceSheet,Cash & Cash Equivalents,8812956.9
SME1080,2022,BalanceSheet,Accounts Receivable,17894805.26
SME1080,2022,BalanceSheet,Inventory,14121065.26
SME1080,2022,BalanceSheet,Other Current Assets,2041441.37
SME1080,2022,BalanceSheet,Net Fixed Assets,85023553.83
SME1080,2022,BalanceSheet,Total Assets,125852381.25
SME1080,2022,BalanceSheet,Short Term Loan,39431480.07
SME1080,2022,BalanceSheet,Accounts Payable,16335334.43
SME1080,2022,BalanceSheet,Other Current Liabilities,4082882.74
SME1080,2022,BalanceSheet,Long Term Loan,43022027.95
SME1080,2022,BalanceSheet,Total Liabilities,82453508.03
SME1080,2022,BalanceSheet,Share Capital,17359549.29
SME1080,2022,BalanceSheet,Retained Earnings,26039323.94
SME1080,2022,BalanceSheet,Total Equity,43398873.23
SME1080,2021,IncomeStatement,Revenue,352490977.86
SME1080,2021,IncomeStatement,Cost of Goods Sold,212793303.75
SME1080,2021,IncomeStatement,Gross Profit,139697674.11
SME1080,2021,IncomeStatement,Operating Expenses,44830362.66
SME1080,2021,IncomeStatement,EBITDA,94867311.45
SME1080,2021,IncomeStatement,Depreciation,8910193.97
SME1080,2021,IncomeStatement,EBIT,85957117.47
SME1080,2021,IncomeStatement,Interest Expense,43477845.14
SME1080,2021,IncomeStatement,Profit Before Tax,42479272.33
SME1080,2021,IncomeStatement,Tax,10619818.08
SME1080,2021,IncomeStatement,Net Profit,31859454.25
SME1080,2021,BalanceSheet,Cash & Cash Equivalents,5937651.22
SME1080,2021,BalanceSheet,Accounts Receivable,24835865.92
SME1080,2021,BalanceSheet,Inventory,19798248.12
SME1080,2021,BalanceSheet,Other Current Assets,2528588.26
SME1080,2021,BalanceSheet,Net Fixed Assets,75280615.98
SME1080,2021,BalanceSheet,Total Assets,125852381.25
SME1080,2021,BalanceSheet,Short Term Loan,48840970.47
SME1080,2021,BalanceSheet,Accounts Payable,16604482.34
SME1080,2021,BalanceSheet,Other Current Liabilities,5057176.53
SME1080,2021,BalanceSheet,Long Term Loan,33612537.56
SME1080,2021,BalanceSheet,Total Liabilities,82453508.03
SME1080,2021,BalanceSheet,Share Capital,17359549.29
SME1080,2021,BalanceSheet,Retained Earnings,26039323.94
SME1080,2021,BalanceSheet,Total Equity,43398873.23
SME1081,2023,IncomeStatement,Revenue,127596037.25
SME1081,2023,IncomeStatement,Cost of Goods Sold,89893257.09
SME1081,2023,IncomeStatement,Gross Profit,37702780.16
SME1081,2023,IncomeStatement,Operating Expenses,13715588.81
SME1081,2023,IncomeStatement,EBITDA,23987191.35
SME1081,2023,IncomeStatement,Depreciation,3314369.06
SME1081,2023,IncomeStatement,EBIT,20672822.29
SME1081,2023,IncomeStatement,Interest Expense,17370316.32
SME1081,2023,IncomeStatement,Profit Before Tax,3302505.97
SME1081,2023,IncomeStatement,Tax,825626.49
SME1081,2023,IncomeStatement,Net Profit,2476879.48
SME1081,2023,BalanceSheet,Cash & Cash Equivalents,2788694.57
SME1081,2023,BalanceSheet,Accounts Receivable,11352779.94
SME1081,2023,BalanceSheet,Inventory,9640106.74
SME1081,2023,BalanceSheet,Other Current Assets,1189079.06
SME1081,2023,BalanceSheet,Net Fixed Assets,27198355.93
SME1081,2023,BalanceSheet,Total Assets,50979937.17
SME1081,2023,BalanceSheet,Short Term Loan,19156093.46
SME1081,2023,BalanceSheet,Accounts Payable,10216424.22
SME1081,2023,BalanceSheet,Other Current Liabilities,2378158.12
SME1081,2023,BalanceSheet,Long Term Loan,14927226.81
SME1081,2023,BalanceSheet,Total Liabilities,34083320.26
SME1081,2023,BalanceSheet,Share Capital,6758646.76
SME1081,2023,BalanceSheet,Retained Earnings,10137970.14
SME1081,2023,BalanceSheet,Total Equity,16896616.91
SME1081,2022,IncomeStatement,Revenue,134557391.61
SME1081,2022,IncomeStatement,Cost of Goods Sold,84051693.67
SME1081,2022,IncomeStatement,Gross Profit,50505697.94
SME1081,2022,IncomeStatement,Operating Expenses,25090225.38
SME1081,2022,IncomeStatement,EBITDA,25415472.56
SME1081,2022,IncomeStatement,Depreciation,3170730.19
SME1081,2022,IncomeStatement,EBIT,22244742.37
SME1081,2022,IncomeStatement,Interest Expense,18404605.67
SME1081,2022,IncomeStatement,Profit Before Tax,3840136.7
SME1081,2022,IncomeStatement,Tax,960034.18
SME1081,2022,IncomeStatement,Net Profit,2880102.53
SME1081,2022,BalanceSheet,Cash & Cash Equivalents,2282173.82
SME1081,2022,BalanceSheet,Accounts Receivable,7985880.36
SME1081,2022,BalanceSheet,Inventory,8133552.47
SME1081,2022,BalanceSheet,Other Current Assets,920080.33
SME1081,2022,BalanceSheet,Net Fixed Assets,32578330.53
SME1081,2022,BalanceSheet,Total Assets,50979937.17
SME1081,2022,BalanceSheet,Short Term Loan,14822517.19
SME1081,2022,BalanceSheet,Accounts Payable,9047932.42
SME1081,2022,BalanceSheet,Other Current Liabilities,1840160.66
SME1081,2022,BalanceSheet,Long Term Loan,19260803.08
SME1081,2022,BalanceSheet,Total Liabilities,34083320.26
SME1081,2022,BalanceSheet,Share Capital,6758646.76
SME1081,2022,BalanceSheet,Retained Earnings,10137970.14
SME1081,2022,BalanceSheet,Total Equity,16896616.91
SME1081,2021,IncomeStatement,Revenue,113795935.84
SME1081,2021,IncomeStatement,Cost of Goods Sold,75191474.32
SME1081,2021,IncomeStatement,Gross Profit,38604461.53
SME1081,2021,IncomeStatement,Operating Expenses,13005470.75
SME1081,2021,IncomeStatement,EBITDA,25598990.78
SME1081,2021,IncomeStatement,Depreciation,4181575.5
SME1081,2021,IncomeStatement,EBIT,21417415.27
SME1081,2021,IncomeStatement,Interest Expense,18537500.32
SME1081,2021,IncomeStatement,Profit Before Tax,2879914.96
SME1081,2021,IncomeStatement,Tax,719978.74
SME1081,2021,IncomeStatement,Net Profit,2159936.22
SME1081,2021,BalanceSheet,Cash & Cash Equivalents,2148353.39
SME1081,2021,BalanceSheet,Accounts Receivable,9099751.3
SME1081,2021,BalanceSheet,Inventory,9334164.36
SME1081,2021,BalanceSheet,Other Current Assets,1029113.45
SME1081,2021,BalanceSheet,Net Fixed Assets,30397668.11
SME1081,2021,BalanceSheet,Total Assets,50979937.17
SME1081,2021,BalanceSheet,Short Term Loan,16579043.49
SME1081,2021,BalanceSheet,Accounts Payable,6986957.64
SME1081,2021,BalanceSheet,Other Current Liabilities,2058226.91
SME1081,2021,BalanceSheet,Long Term Loan,17504276.77
SME1081,2021,BalanceSheet,Total Liabilities,34083320.26
SME1081,2021,BalanceSheet,Share Capital,6758646.76
SME1081,2021,BalanceSheet,Retained Earnings,10137970.14
SME1081,2021,BalanceSheet,Total Equity,16896616.91
SME1082,2023,IncomeStatement,Revenue,130466759.16
SME1082,2023,IncomeStatement,Cost of Goods Sold,79504428.98
SME1082,2023,IncomeStatement,Gross Profit,50962330.18
SME1082,2023,IncomeStatement,Operating Expenses,16325803.35
SME1082,2023,IncomeStatement,EBITDA,34636526.82
SME1082,2023,IncomeStatement,Depreciation,4211506.11
SME1082,2023,IncomeStatement,EBIT,30425020.71
SME1082,2023,IncomeStatement,Interest Expense,19490554.45
SME1082,2023,IncomeStatement,Profit Before Tax,10934466.26
SME1082,2023,IncomeStatement,Tax,2733616.57
SME1082,2023,IncomeStatement,Net Profit,8200849.7
SME1082,2023,BalanceSheet,Cash & Cash Equivalents,2375982.48
SME1082,2023,BalanceSheet,Accounts Receivable,6680179.67
SME1082,2023,BalanceSheet,Inventory,6900980.84
SME1082,2023,BalanceSheet,Other Current Assets,797857.15
SME1082,2023,BalanceSheet,Net Fixed Assets,29038077.24
SME1082,2023,BalanceSheet,Total Assets,44995220.23
SME1082,2023,BalanceSheet,Short Term Loan,12618057.04
SME1082,2023,BalanceSheet,Accounts Payable,5624425.03
SME1082,2023,BalanceSheet,Other Current Liabilities,1595714.3
SME1082,2023,BalanceSheet,Long Term Loan,16230339.8
SME1082,2023,BalanceSheet,Total Liabilities,28848396.85
SME1082,2023,BalanceSheet,Share Capital,6458729.35
SME1082,2023,BalanceSheet,Retained Earnings,9688094.03
SME1082,2023,BalanceSheet,Total Equity,16146823.39
SME1082,2022,IncomeStatement,Revenue,119640171.94
SME1082,2022,IncomeStatement,Cost of Goods Sold,81254490.52
SME1082,2022,IncomeStatement,Gross Profit,38385681.42
SME1082,2022,IncomeStatement,Operating Expenses,16422228.14
SME1082,2022,IncomeStatement,EBITDA,21963453.28
SME1082,2022,IncomeStatement,Depreciation,3592802.71
SME1082,2022,IncomeStatement,EBIT,18370650.57
SME1082,2022,IncomeStatement,Interest Expense,12359203.46
SME1082,2022,IncomeStatement,Profit Before Tax,6011447.12
SME1082,2022,IncomeStatement,Tax,1502861.78
SME1082,2022,IncomeStatement,Net Profit,4508585.34
SME1082,2022,BalanceSheet,Cash & Cash Equivalents,3583005.46
SME1082,2022,BalanceSheet,Accounts Receivable,7663062.34
SME1082,2022,BalanceSheet,Inventory,7807332.81
SME1082,2022,BalanceSheet,Other Current Assets,952670.03
SME1082,2022,BalanceSheet,Net Fixed Assets,25941819.62
SME1082,2022,BalanceSheet,Total Assets,44995220.23
SME1082,2022,BalanceSheet,Short Term Loan,15066412.32
SME1082,2022,BalanceSheet,Accounts Payable,8938018.07
SME1082,2022,BalanceSheet,Other Current Liabilities,1905340.06
SME1082,2022,BalanceSheet,Long Term Loan,13781984.52
SME1082,2022,BalanceSheet,Total Liabilities,28848396.85
SME1082,2022,BalanceSheet,Share Capital,6458729.35
SME1082,2022,BalanceSheet,Retained Earnings,9688094.03
SME1082,2022,BalanceSheet,Total Equity,16146823.39
SME1082,2021,IncomeStatement,Revenue,101923454.57
SME1082,2021,IncomeStatement,Cost of Goods Sold,73594924.84
SME1082,2021,IncomeStatement,Gross Profit,28328529.73
SME1082,2021,IncomeStatement,Operating Expenses,12498481.37
SME1082,2021,IncomeStatement,EBITDA,15830048.36
SME1082,2021,IncomeStatement,Depreciation,2918940.8
SME1082,2021,IncomeStatement,EBIT,12911107.55
SME1082,2021,IncomeStatement,Interest Expense,8907833.66
SME1082,2021,IncomeStatement,Profit Before Tax,4003273.89
SME1082,2021,IncomeStatement,Tax,1000818.47
SME1082,2021,IncomeStatement,Net Profit,3002455.42
SME1082,2021,BalanceSheet,Cash & Cash Equivalents,2150174.09
SME1082,2021,BalanceSheet,Accounts Receivable,7060090.94
SME1082,2021,BalanceSheet,Inventory,9866309.94
SME1082,2021,BalanceSheet,Other Current Assets,953828.75
SME1082,2021,BalanceSheet,Net Fixed Assets,25918645.26
SME1082,2021,BalanceSheet,Total Assets,44995220.23
SME1082,2021,BalanceSheet,Short Term Loan,15084737.37
SME1082,2021,BalanceSheet,Accounts Payable,6172651.82
SME1082,2021,BalanceSheet,Other Current Liabilities,1907657.5
SME1082,2021,BalanceSheet,Long Term Loan,13763659.47
SME1082,2021,BalanceSheet,Total Liabilities,28848396.85
SME1082,2021,BalanceSheet,Share Capital,6458729.35
SME1082,2021,BalanceSheet,Retained Earnings,9688094.03
SME1082,2021,BalanceSheet,Total Equity,16146823.39
SME1083,2023,IncomeStatement,Revenue,280147301.2
SME1083,2023,IncomeStatement,Cost of Goods Sold,184212677.3
SME1083,2023,IncomeStatement,Gross Profit,95934623.9
SME1083,2023,IncomeStatement,Operating Expenses,32344429.43
SME1083,2023,IncomeStatement,EBITDA,63590194.48
SME1083,2023,IncomeStatement,Depreciation,10824570.34
SME1083,2023,IncomeStatement,EBIT,52765624.14
SME1083,2023,IncomeStatement,Interest Expense,44837428.47
SME1083,2023,IncomeStatement,Profit Before Tax,7928195.67
SME1083,2023,IncomeStatement,Tax,1982048.92
SME1083,2023,IncomeStatement,Net Profit,5946146.75
SME1083,2023,BalanceSheet,Cash & Cash Equivalents,12688951.88
SME1083,2023,BalanceSheet,Accounts Receivable,32239018.91
SME1083,2023,BalanceSheet,Inventory,19552010.09
SME1083,2023,BalanceSheet,Other Current Assets,3223999.04
SME1083,2023,BalanceSheet,Net Fixed Assets,67890052.37
SME1083,2023,BalanceSheet,Total Assets,132370033.25
SME1083,2023,BalanceSheet,Short Term Loan,49353411.03
SME1083,2023,BalanceSheet,Accounts Payable,26500144.72
SME1083,2023,BalanceSheet,Other Current Liabilities,6447998.09
SME1083,2023,BalanceSheet,Long Term Loan,42264632.52
SME1083,2023,BalanceSheet,Total Liabilities,91618043.55
SME1083,2023,BalanceSheet,Share Capital,16300795.88
SME1083,2023,BalanceSheet,Retained Earnings,24451193.82
SME1083,2023,BalanceSheet,Total Equity,40751989.7
SME1083,2022,IncomeStatement,Revenue,329307378.1
SME1083,2022,IncomeStatement,Cost of Goods Sold,204514529.48
SME1083,2022,IncomeStatement,Gross Profit,124792848.62
SME1083,2022,IncomeStatement,Operating Expenses,45289321.82
SME1083,2022,IncomeStatement,EBITDA,79503526.8
SME1083,2022,IncomeStatement,Depreciation,9603452.34
SME1083,2022,IncomeStatement,EBIT,69900074.47
SME1083,2022,IncomeStatement,Interest Expense,56057914.67
SME1083,2022,IncomeStatement,Profit Before Tax,13842159.79
SME1083,2022,IncomeStatement,Tax,3460539.95
SME1083,2022,IncomeStatement,Net Profit,10381619.84
SME1083,2022,BalanceSheet,Cash & Cash Equivalents,7563991.97
SME1083,2022,BalanceSheet,Accounts Receivable,17277666.75
SME1083,2022,BalanceSheet,Inventory,24321182.37
SME1083,2022,BalanceSheet,Other Current Assets,2458142.05
SME1083,2022,BalanceSheet,Net Fixed Assets,83207192.16
SME1083,2022,BalanceSheet,Total Assets,132370033.25
SME1083,2022,BalanceSheet,Short Term Loan,37629569.22
SME1083,2022,BalanceSheet,Accounts Payable,16091339.22
SME1083,2022,BalanceSheet,Other Current Liabilities,4916284.11
SME1083,2022,BalanceSheet,Long Term Loan,53988474.33
SME1083,2022,BalanceSheet,Total Liabilities,91618043.55
SME1083,2022,BalanceSheet,Share Capital,16300795.88
SME1083,2022,BalanceSheet,Retained Earnings,24451193.82
SME1083,2022,BalanceSheet,Total Equity,40751989.7
SME1083,2021,IncomeStatement,Revenue,333772269.81
SME1083,2021,IncomeStatement,Cost of Goods Sold,248518275.32
SME1083,2021,IncomeStatement,Gross Profit,85253994.49
SME1083,2021,IncomeStatement,Operating Expenses,34194320.38
SME1083,2021,IncomeStatement,EBITDA,51059674.11
SME1083,2021,IncomeStatement,Depreciation,9894460.42
SME1083,2021,IncomeStatement,EBIT,41165213.69
SME1083,2021,IncomeStatement,Interest Expense,36002162.04
SME1083,2021,IncomeStatement,Profit Before Tax,5163051.65
SME1083,2021,IncomeStatement,Tax,1290762.91
SME1083,2021,IncomeStatement,Net Profit,3872288.74
SME1083,2021,BalanceSheet,Cash & Cash Equivalents,10434021.18
SME1083,2021,BalanceSheet,Accounts Receivable,30591875.56
SME1083,2021,BalanceSheet,Inventory,23244940.78
SME1083,2021,BalanceSheet,Other Current Assets,3213541.88
SME1083,2021,BalanceSheet,Net Fixed Assets,68099195.73
SME1083,2021,BalanceSheet,Total Assets,132370033.25
SME1083,2021,BalanceSheet,Short Term Loan,49193331.3
SME1083,2021,BalanceSheet,Accounts Payable,25563076.64
SME1083,2021,BalanceSheet,Other Current Liabilities,6427083.75
SME1083,2021,BalanceSheet,Long Term Loan,42424712.25
SME1083,2021,BalanceSheet,Total Liabilities,91618043.55
SME1083,2021,BalanceSheet,Share Capital,16300795.88
SME1083,2021,BalanceSheet,Retained Earnings,24451193.82
SME1083,2021,BalanceSheet,Total Equity,40751989.7
SME1084,2023,IncomeStatement,Revenue,41252781.99
SME1084,2023,IncomeStatement,Cost of Goods Sold,25792532.43
SME1084,2023,IncomeStatement,Gross Profit,15460249.55
SME1084,2023,IncomeStatement,Operating Expenses,6052135.42
SME1084,2023,IncomeStatement,EBITDA,9408114.13
SME1084,2023,IncomeStatement,Depreciation,1669872.25
SME1084,2023,IncomeStatement,EBIT,7738241.88
SME1084,2023,IncomeStatement,Interest Expense,5772474.21
SME1084,2023,IncomeStatement,Profit Before Tax,1965767.67
SME1084,2023,IncomeStatement,Tax,491441.92
SME1084,2023,IncomeStatement,Net Profit,1474325.75
SME1084,2023,BalanceSheet,Cash & Cash Equivalents,1726947.49
SME1084,2023,BalanceSheet,Accounts Receivable,3473428.49
SME1084,2023,BalanceSheet,Inventory,4264480.09
SME1084,2023,BalanceSheet,Other Current Assets,473242.8
SME1084,2023,BalanceSheet,Net Fixed Assets,9701339.18
SME1084,2023,BalanceSheet,Total Assets,19166195.26
SME1084,2023,BalanceSheet,Short Term Loan,6343355.06
SME1084,2023,BalanceSheet,Accounts Payable,3055646.73
SME1084,2023,BalanceSheet,Other Current Liabilities,946485.61
SME1084,2023,BalanceSheet,Long Term Loan,5123636.18
SME1084,2023,BalanceSheet,Total Liabilities,11466991.24
SME1084,2023,BalanceSheet,Share Capital,3079681.61
SME1084,2023,BalanceSheet,Retained Earnings,4619522.41
SME1084,2023,BalanceSheet,Total Equity,7699204.02
SME1084,2022,IncomeStatement,Revenue,42591964.75
SME1084,2022,IncomeStatement,Cost of Goods Sold,30814963.7
SME1084,2022,IncomeStatement,Gross Profit,11777001.05
SME1084,2022,IncomeStatement,Operating Expenses,4397206.61
SME1084,2022,IncomeStatement,EBITDA,7379794.44
SME1084,2022,IncomeStatement,Depreciation,1746625.85
SME1084,2022,IncomeStatement,EBIT,5633168.59
SME1084,2022,IncomeStatement,Interest Expense,4527971.54
SME1084,2022,IncomeStatement,Profit Before Tax,1105197.05
SME1084,2022,IncomeStatement,Tax,276299.26
SME1084,2022,IncomeStatement,Net Profit,828897.79
SME1084,2022,BalanceSheet,Cash & Cash Equivalents,1452082.2
SME1084,2022,BalanceSheet,Accounts Receivable,3017754.12
SME1084,2022,BalanceSheet,Inventory,2516465.85
SME1084,2022,BalanceSheet,Other Current Assets,349315.11
SME1084,2022,BalanceSheet,Net Fixed Assets,12179893.1
SME1084,2022,BalanceSheet,Total Assets,19166195.26
SME1084,2022,BalanceSheet,Short Term Loan,4682226.0
SME1084,2022,BalanceSheet,Accounts Payable,3478865.11
SME1084,2022,BalanceSheet,Other Current Liabilities,698630.22
SME1084,2022,BalanceSheet,Long Term Loan,6784765.25
SME1084,2022,BalanceSheet,Total Liabilities,11466991.24
SME1084,2022,BalanceSheet,Share Capital,3079681.61
SME1084,2022,BalanceSheet,Retained Earnings,4619522.41
SME1084,2022,BalanceSheet,Total Equity,7699204.02
SME1084,2021,IncomeStatement,Revenue,33851148.68
SME1084,2021,IncomeStatement,Cost of Goods Sold,24525516.3
SME1084,2021,IncomeStatement,Gross Profit,9325632.39
SME1084,2021,IncomeStatement,Operating Expenses,4199044.09
SME1084,2021,IncomeStatement,EBITDA,5126588.3
SME1084,2021,IncomeStatement,Depreciation,1243607.14
SME1084,2021,IncomeStatement,EBIT,3882981.15
SME1084,2021,IncomeStatement,Interest Expense,3145486.79
SME1084,2021,IncomeStatement,Profit Before Tax,737494.36
SME1084,2021,IncomeStatement,Tax,184373.59
SME1084,2021,IncomeStatement,Net Profit,553120.77
SME1084,2021,BalanceSheet,Cash & Cash Equivalents,1718727.06
SME1084,2021,BalanceSheet,Accounts Receivable,4128874.86
SME1084,2021,BalanceSheet,Inventory,4415915.22
SME1084,2021,BalanceSheet,Other Current Assets,513175.86
SME1084,2021,BalanceSheet,Net Fixed Assets,8902678.12
SME1084,2021,BalanceSheet,Total Assets,19166195.26
SME1084,2021,BalanceSheet,Short Term Loan,6878618.42
SME1084,2021,BalanceSheet,Accounts Payable,4755556.71
SME1084,2021,BalanceSheet,Other Current Liabilities,1026351.71
SME1084,2021,BalanceSheet,Long Term Loan,4588372.82
SME1084,2021,BalanceSheet,Total Liabilities,11466991.24
SME1084,2021,BalanceSheet,Share Capital,3079681.61
SME1084,2021,BalanceSheet,Retained Earnings,4619522.41
SME1084,2021,BalanceSheet,Total Equity,7699204.02
SME1085,2023,IncomeStatement,Revenue,90374620.89
SME1085,2023,IncomeStatement,Cost of Goods Sold,58977991.93
SME1085,2023,IncomeStatement,Gross Profit,31396628.96
SME1085,2023,IncomeStatement,Operating Expenses,13882044.36
SME1085,2023,IncomeStatement,EBITDA,17514584.6
SME1085,2023,IncomeStatement,Depreciation,8119457.43
SME1085,2023,IncomeStatement,EBIT,9395127.17
SME1085,2023,IncomeStatement,Interest Expense,9572733.94
SME1085,2023,IncomeStatement,Profit Before Tax,-177606.77
SME1085,2023,IncomeStatement,Tax,0.0
SME1085,2023,IncomeStatement,Net Profit,-177606.77
SME1085,2023,BalanceSheet,Cash & Cash Equivalents,4389009.32
SME1085,2023,BalanceSheet,Accounts Receivable,13832801.54
SME1085,2023,BalanceSheet,Inventory,18085426.83
SME1085,2023,BalanceSheet,Other Current Assets,1815361.88
SME1085,2023,BalanceSheet,Net Fixed Assets,63148953.9
SME1085,2023,BalanceSheet,Total Assets,99456191.59
SME1085,2023,BalanceSheet,Short Term Loan,28154817.56
SME1085,2023,BalanceSheet,Accounts Payable,12394875.02
SME1085,2023,BalanceSheet,Other Current Liabilities,3630723.77
SME1085,2023,BalanceSheet,Long Term Loan,36838387.67
SME1085,2023,BalanceSheet,Total Liabilities,64993205.23
SME1085,2023,BalanceSheet,Share Capital,13785194.54
SME1085,2023,BalanceSheet,Retained Earnings,20677791.81
SME1085,2023,BalanceSheet,Total Equity,34462986.35
SME1085,2022,IncomeStatement,Revenue,68718479.63
SME1085,2022,IncomeStatement,Cost of Goods Sold,44847213.73
SME1085,2022,IncomeStatement,Gross Profit,23871265.9
SME1085,2022,IncomeStatement,Operating Expenses,8503350.81
SME1085,2022,IncomeStatement,EBITDA,15367915.09
SME1085,2022,IncomeStatement,Depreciation,7652002.97
SME1085,2022,IncomeStatement,EBIT,7715912.12
SME1085,2022,IncomeStatement,Interest Expense,8399454.83
SME1085,2022,IncomeStatement,Profit Before Tax,-683542.71
SME1085,2022,IncomeStatement,Tax,0.0
SME1085,2022,IncomeStatement,Net Profit,-683542.71
SME1085,2022,BalanceSheet,Cash & Cash Equivalents,8008477.78
SME1085,2022,BalanceSheet,Accounts Receivable,15323013.05
SME1085,2022,BalanceSheet,Inventory,15618721.61
SME1085,2022,BalanceSheet,Other Current Assets,1947510.62
SME1085,2022,BalanceSheet,Net Fixed Assets,60505979.16
SME1085,2022,BalanceSheet,Total Assets,99456191.59
SME1085,2022,BalanceSheet,Short Term Loan,30204339.27
SME1085,2022,BalanceSheet,Accounts Payable,13767677.57
SME1085,2022,BalanceSheet,Other Current Liabilities,3895021.24
SME1085,2022,BalanceSheet,Long Term Loan,34788865.96
SME1085,2022,BalanceSheet,Total Liabilities,64993205.23
SME1085,2022,BalanceSheet,Share Capital,13785194.54
SME1085,2022,BalanceSheet,Retained Earnings,20677791.81
SME1085,2022,BalanceSheet,Total Equity,34462986.35
SME1085,2021,IncomeStatement,Revenue,83306458.72
SME1085,2021,IncomeStatement,Cost of Goods Sold,62298506.32
SME1085,2021,IncomeStatement,Gross Profit,21007952.4
SME1085,2021,IncomeStatement,Operating Expenses,9156523.26
SME1085,2021,IncomeStatement,EBITDA,11851429.14
SME1085,2021,IncomeStatement,Depreciation,5446346.19
SME1085,2021,IncomeStatement,EBIT,6405082.96
SME1085,2021,IncomeStatement,Interest Expense,6477491.79
SME1085,2021,IncomeStatement,Profit Before Tax,-72408.83
SME1085,2021,IncomeStatement,Tax,0.0
SME1085,2021,IncomeStatement,Net Profit,-72408.83
SME1085,2021,BalanceSheet,Cash & Cash Equivalents,10819358.91
SME1085,2021,BalanceSheet,Accounts Receivable,24226579.22
SME1085,2021,BalanceSheet,Inventory,14617487.52
SME1085,2021,BalanceSheet,Other Current Assets,2483171.28
SME1085,2021,BalanceSheet,Net Fixed Assets,49792765.94
SME1085,2021,BalanceSheet,Total Assets,99456191.59
SME1085,2021,BalanceSheet,Short Term Loan,38512009.67
SME1085,2021,BalanceSheet,Accounts Payable,24757080.87
SME1085,2021,BalanceSheet,Other Current Liabilities,4966342.57
SME1085,2021,BalanceSheet,Long Term Loan,26481195.57
SME1085,2021,BalanceSheet,Total Liabilities,64993205.23
SME1085,2021,BalanceSheet,Share Capital,13785194.54
SME1085,2021,BalanceSheet,Retained Earnings,20677791.81
SME1085,2021,BalanceSheet,Total Equity,34462986.35
SME1086,2023,IncomeStatement,Revenue,611307727.4
SME1086,2023,IncomeStatement,Cost of Goods Sold,436608839.67
SME1086,2023,IncomeStatement,Gross Profit,174698887.72
SME1086,2023,IncomeStatement,Operating Expenses,76037151.19
SME1086,2023,IncomeStatement,EBITDA,98661736.53
SME1086,2023,IncomeStatement,Depreciation,4785616.4
SME1086,2023,IncomeStatement,EBIT,93876120.13
SME1086,2023,IncomeStatement,Interest Expense,52408997.15
SME1086,2023,IncomeStatement,Profit Before Tax,41467122.98
SME1086,2023,IncomeStatement,Tax,10366780.74
SME1086,2023,IncomeStatement,Net Profit,31100342.23
SME1086,2023,BalanceSheet,Cash & Cash Equivalents,3872032.26
SME1086,2023,BalanceSheet,Accounts Receivable,11373550.24
SME1086,2023,BalanceSheet,Inventory,12351162.17
SME1086,2023,BalanceSheet,Other Current Assets,1379837.23
SME1086,2023,BalanceSheet,Net Fixed Assets,36663060.85
SME1086,2023,BalanceSheet,Total Assets,64259805.53
SME1086,2023,BalanceSheet,Short Term Loan,23002236.67
SME1086,2023,BalanceSheet,Accounts Payable,10773723.43
SME1086,2023,BalanceSheet,Other Current Liabilities,2759674.47
SME1086,2023,BalanceSheet,Long Term Loan,21620268.24
SME1086,2023,BalanceSheet,Total Liabilities,44622504.91
SME1086,2023,BalanceSheet,Share Capital,7854920.25
SME1086,2023,BalanceSheet,Retained Earnings,11782380.37
SME1086,2023,BalanceSheet,Total Equity,19637300.62
SME1086,2022,IncomeStatement,Revenue,510307411.65
SME1086,2022,IncomeStatement,Cost of Goods Sold,373554599.82
SME1086,2022,IncomeStatement,Gross Profit,136752811.84
SME1086,2022,IncomeStatement,Operating Expenses,43572038.25
SME1086,2022,IncomeStatement,EBITDA,93180773.59
SME1086,2022,IncomeStatement,Depreciation,4869651.35
SME1086,2022,IncomeStatement,EBIT,88311122.24
SME1086,2022,IncomeStatement,Interest Expense,49497516.15
SME1086,2022,IncomeStatement,Profit Before Tax,38813606.09
SME1086,2022,IncomeStatement,Tax,9703401.52
SME1086,2022,IncomeStatement,Net Profit,29110204.57
SME1086,2022,BalanceSheet,Cash & Cash Equivalents,5865351.03
SME1086,2022,BalanceSheet,Accounts Receivable,9888037.16
SME1086,2022,BalanceSheet,Inventory,8639794.82
SME1086,2022,BalanceSheet,Other Current Assets,1219659.15
SME1086,2022,BalanceSheet,Net Fixed Assets,39866622.52
SME1086,2022,BalanceSheet,Total Assets,64259805.53
SME1086,2022,BalanceSheet,Short Term Loan,20332027.39
SME1086,2022,BalanceSheet,Accounts Payable,11953899.23
SME1086,2022,BalanceSheet,Other Current Liabilities,2439318.3
SME1086,2022,BalanceSheet,Long Term Loan,24290477.52
SME1086,2022,BalanceSheet,Total Liabilities,44622504.91
SME1086,2022,BalanceSheet,Share Capital,7854920.25
SME1086,2022,BalanceSheet,Retained Earnings,11782380.37
SME1086,2022,BalanceSheet,Total Equity,19637300.62
SME1086,2021,IncomeStatement,Revenue,446975522.07
SME1086,2021,IncomeStatement,Cost of Goods Sold,268351124.52
SME1086,2021,IncomeStatement,Gross Profit,178624397.55
SME1086,2021,IncomeStatement,Operating Expenses,81243209.24
SME1086,2021,IncomeStatement,EBITDA,97381188.31
SME1086,2021,IncomeStatement,Depreciation,5567225.45
SME1086,2021,IncomeStatement,EBIT,91813962.86
SME1086,2021,IncomeStatement,Interest Expense,51728771.46
SME1086,2021,IncomeStatement,Profit Before Tax,40085191.4
SME1086,2021,IncomeStatement,Tax,10021297.85
SME1086,2021,IncomeStatement,Net Profit,30063893.55
SME1086,2021,BalanceSheet,Cash & Cash Equivalents,4934817.96
SME1086,2021,BalanceSheet,Accounts Receivable,13147093.36
SME1086,2021,BalanceSheet,Inventory,11158441.34
SME1086,2021,BalanceSheet,Other Current Assets,1462017.63
SME1086,2021,BalanceSheet,Net Fixed Assets,35019452.88
SME1086,2021,BalanceSheet,Total Assets,64259805.53
SME1086,2021,BalanceSheet,Short Term Loan,24372204.76
SME1086,2021,BalanceSheet,Accounts Payable,10867017.58
SME1086,2021,BalanceSheet,Other Current Liabilities,2924035.26
SME1086,2021,BalanceSheet,Long Term Loan,20250300.15
SME1086,2021,BalanceSheet,Total Liabilities,44622504.91
SME1086,2021,BalanceSheet,Share Capital,7854920.25
SME1086,2021,BalanceSheet,Retained Earnings,11782380.37
SME1086,2021,BalanceSheet,Total Equity,19637300.62
SME1087,2023,IncomeStatement,Revenue,47625072.82
SME1087,2023,IncomeStatement,Cost of Goods Sold,34492532.45
SME1087,2023,IncomeStatement,Gross Profit,13132540.36
SME1087,2023,IncomeStatement,Operating Expenses,4826878.75
SME1087,2023,IncomeStatement,EBITDA,8305661.61
SME1087,2023,IncomeStatement,Depreciation,4583755.35
SME1087,2023,IncomeStatement,EBIT,3721906.26
SME1087,2023,IncomeStatement,Interest Expense,7102005.41
SME1087,2023,IncomeStatement,Profit Before Tax,-3380099.14
SME1087,2023,IncomeStatement,Tax,0.0
SME1087,2023,IncomeStatement,Net Profit,-3380099.14
SME1087,2023,BalanceSheet,Cash & Cash Equivalents,4203467.53
SME1087,2023,BalanceSheet,Accounts Receivable,9768181.06
SME1087,2023,BalanceSheet,Inventory,10353877.16
SME1087,2023,BalanceSheet,Other Current Assets,1216276.29
SME1087,2023,BalanceSheet,Net Fixed Assets,33772676.05
SME1087,2023,BalanceSheet,Total Assets,58098201.79
SME1087,2023,BalanceSheet,Short Term Loan,20023949.8
SME1087,2023,BalanceSheet,Accounts Payable,10618344.61
SME1087,2023,BalanceSheet,Other Current Liabilities,2432552.57
SME1087,2023,BalanceSheet,Long Term Loan,18991718.34
SME1087,2023,BalanceSheet,Total Liabilities,39015668.14
SME1087,2023,BalanceSheet,Share Capital,7633013.46
SME1087,2023,BalanceSheet,Retained Earnings,11449520.19
SME1087,2023,BalanceSheet,Total Equity,19082533.65
SME1087,2022,IncomeStatement,Revenue,43377935.74
SME1087,2022,IncomeStatement,Cost of Goods Sold,26674663.46
SME1087,2022,IncomeStatement,Gross Profit,16703272.28
SME1087,2022,IncomeStatement,Operating Expenses,7629686.51
SME1087,2022,IncomeStatement,EBITDA,9073585.77
SME1087,2022,IncomeStatement,Depreciation,4239953.79
SME1087,2022,IncomeStatement,EBIT,4833631.98
SME1087,2022,IncomeStatement,Interest Expense,7758642.02
SME1087,2022,IncomeStatement,Profit Before Tax,-2925010.04
SME1087,2022,IncomeStatement,Tax,0.0
SME1087,2022,IncomeStatement,Net Profit,-2925010.04
SME1087,2022,BalanceSheet,Cash & Cash Equivalents,4604171.06
SME1087,2022,BalanceSheet,Accounts Receivable,8380678.81
SME1087,2022,BalanceSheet,Inventory,7151675.68
SME1087,2022,BalanceSheet,Other Current Assets,1006826.28
SME1087,2022,BalanceSheet,Net Fixed Assets,37961676.24
SME1087,2022,BalanceSheet,Total Assets,58098201.79
SME1087,2022,BalanceSheet,Short Term Loan,16575706.57
SME1087,2022,BalanceSheet,Accounts Payable,6043679.85
SME1087,2022,BalanceSheet,Other Current Liabilities,2013652.56
SME1087,2022,BalanceSheet,Long Term Loan,22439961.57
SME1087,2022,BalanceSheet,Total Liabilities,39015668.14
SME1087,2022,BalanceSheet,Share Capital,7633013.46
SME1087,2022,BalanceSheet,Retained Earnings,11449520.19
SME1087,2022,BalanceSheet,Total Equity,19082533.65
SME1087,2021,IncomeStatement,Revenue,53768843.29
SME1087,2021,IncomeStatement,Cost of Goods Sold,33893068.36
SME1087,2021,IncomeStatement,Gross Profit,19875774.93
SME1087,2021,IncomeStatement,Operating Expenses,8699991.93
SME1087,2021,IncomeStatement,EBITDA,11175783.0
SME1087,2021,IncomeStatement,Depreciation,3288105.75
SME1087,2021,IncomeStatement,EBIT,7887677.25
SME1087,2021,IncomeStatement,Interest Expense,9556188.89
SME1087,2021,IncomeStatement,Profit Before Tax,-1668511.64
SME1087,2021,IncomeStatement,Tax,0.0
SME1087,2021,IncomeStatement,Net Profit,-1668511.64
SME1087,2021,BalanceSheet,Cash & Cash Equivalents,3111079.46
SME1087,2021,BalanceSheet,Accounts Receivable,12306717.11
SME1087,2021,BalanceSheet,Inventory,9702626.35
SME1087,2021,BalanceSheet,Other Current Assets,1256021.15
SME1087,2021,BalanceSheet,Net Fixed Assets,32977778.88
SME1087,2021,BalanceSheet,Total Assets,58098201.79
SME1087,2021,BalanceSheet,Short Term Loan,20678282.26
SME1087,2021,BalanceSheet,Accounts Payable,8912823.81
SME1087,2021,BalanceSheet,Other Current Liabilities,2512042.29
SME1087,2021,BalanceSheet,Long Term Loan,18337385.88
SME1087,2021,BalanceSheet,Total Liabilities,39015668.14
SME1087,2021,BalanceSheet,Share Capital,7633013.46
SME1087,2021,BalanceSheet,Retained Earnings,11449520.19
SME1087,2021,BalanceSheet,Total Equity,19082533.65
SME1088,2023,IncomeStatement,Revenue,601141108.89
SME1088,2023,IncomeStatement,Cost of Goods Sold,388232790.27
SME1088,2023,IncomeStatement,Gross Profit,212908318.62
SME1088,2023,IncomeStatement,Operating Expenses,93655872.86
SME1088,2023,IncomeStatement,EBITDA,119252445.76
SME1088,2023,IncomeStatement,Depreciation,10038228.29
SME1088,2023,IncomeStatement,EBIT,109214217.47
SME1088,2023,IncomeStatement,Interest Expense,102316499.14
SME1088,2023,IncomeStatement,Profit Before Tax,6897718.33
SME1088,2023,IncomeStatement,Tax,1724429.58
SME1088,2023,IncomeStatement,Net Profit,5173288.75
SME1088,2023,BalanceSheet,Cash & Cash Equivalents,17128711.82
SME1088,2023,BalanceSheet,Accounts Receivable,29178802.58
SME1088,2023,BalanceSheet,Inventory,37021698.33
SME1088,2023,BalanceSheet,Other Current Assets,4166460.64
SME1088,2023,BalanceSheet,Net Fixed Assets,79345962.61
SME1088,2023,BalanceSheet,Total Assets,162675175.35
SME1088,2023,BalanceSheet,Short Term Loan,54029880.45
SME1088,2023,BalanceSheet,Accounts Payable,32945149.35
SME1088,2023,BalanceSheet,Other Current Liabilities,8332921.27
SME1088,2023,BalanceSheet,Long Term Loan,47702714.17
SME1088,2023,BalanceSheet,Total Liabilities,101732594.62
SME1088,2023,BalanceSheet,Share Capital,24377032.29
SME1088,2023,BalanceSheet,Retained Earnings,36565548.44
SME1088,2023,BalanceSheet,Total Equity,60942580.73
SME1088,2022,IncomeStatement,Revenue,525739558.85
SME1088,2022,IncomeStatement,Cost of Goods Sold,333281357.87
SME1088,2022,IncomeStatement,Gross Profit,192458200.98
SME1088,2022,IncomeStatement,Operating Expenses,83911110.69
SME1088,2022,IncomeStatement,EBITDA,108547090.29
SME1088,2022,IncomeStatement,Depreciation,8209296.56
SME1088,2022,IncomeStatement,EBIT,100337793.73
SME1088,2022,IncomeStatement,Interest Expense,93131492.61
SME1088,2022,IncomeStatement,Profit Before Tax,7206301.13
SME1088,2022,IncomeStatement,Tax,1801575.28
SME1088,2022,IncomeStatement,Net Profit,5404725.85
SME1088,2022,BalanceSheet,Cash & Cash Equivalents,18826426.02
SME1088,2022,BalanceSheet,Accounts Receivable,42143669.66
SME1088,2022,BalanceSheet,Inventory,23617829.13
SME1088,2022,BalanceSheet,Other Current Assets,4229396.24
SME1088,2022,BalanceSheet,Net Fixed Assets,78087250.55
SME1088,2022,BalanceSheet,Total Assets,162675175.35
SME1088,2022,BalanceSheet,Short Term Loan,54846017.55
SME1088,2022,BalanceSheet,Accounts Payable,32520909.29
SME1088,2022,BalanceSheet,Other Current Liabilities,8458792.48
SME1088,2022,BalanceSheet,Long Term Loan,46886577.06
SME1088,2022,BalanceSheet,Total Liabilities,101732594.62
SME1088,2022,BalanceSheet,Share Capital,24377032.29
SME1088,2022,BalanceSheet,Retained Earnings,36565548.44
SME1088,2022,BalanceSheet,Total Equity,60942580.73
SME1088,2021,IncomeStatement,Revenue,538311887.97
SME1088,2021,IncomeStatement,Cost of Goods Sold,328706290.6
SME1088,2021,IncomeStatement,Gross Profit,209605597.37
SME1088,2021,IncomeStatement,Operating Expenses,78940399.33
SME1088,2021,IncomeStatement,EBITDA,130665198.04
SME1088,2021,IncomeStatement,Depreciation,14077611.83
SME1088,2021,IncomeStatement,EBIT,116587586.2
SME1088,2021,IncomeStatement,Interest Expense,112108439.68
SME1088,2021,IncomeStatement,Profit Before Tax,4479146.52
SME1088,2021,IncomeStatement,Tax,1119786.63
SME1088,2021,IncomeStatement,Net Profit,3359359.89
SME1088,2021,BalanceSheet,Cash & Cash Equivalents,9698391.79
SME1088,2021,BalanceSheet,Accounts Receivable,31809367.49
SME1088,2021,BalanceSheet,Inventory,24466473.63
SME1088,2021,BalanceSheet,Other Current Assets,3298711.65
SME1088,2021,BalanceSheet,Net Fixed Assets,96700942.44
SME1088,2021,BalanceSheet,Total Assets,162675175.35
SME1088,2021,BalanceSheet,Short Term Loan,42777074.21
SME1088,2021,BalanceSheet,Accounts Payable,21601669.88
SME1088,2021,BalanceSheet,Other Current Liabilities,6597423.29
SME1088,2021,BalanceSheet,Long Term Loan,58955520.41
SME1088,2021,BalanceSheet,Total Liabilities,101732594.62
SME1088,2021,BalanceSheet,Share Capital,24377032.29
SME1088,2021,BalanceSheet,Retained Earnings,36565548.44
SME1088,2021,BalanceSheet,Total Equity,60942580.73
SME1089,2023,IncomeStatement,Revenue,187552416.58
SME1089,2023,IncomeStatement,Cost of Goods Sold,112769868.7
SME1089,2023,IncomeStatement,Gross Profit,74782547.88
SME1089,2023,IncomeStatement,Operating Expenses,32156797.91
SME1089,2023,IncomeStatement,EBITDA,42625749.97
SME1089,2023,IncomeStatement,Depreciation,8401273.83
SME1089,2023,IncomeStatement,EBIT,34224476.15
SME1089,2023,IncomeStatement,Interest Expense,28969052.59
SME1089,2023,IncomeStatement,Profit Before Tax,5255423.56
SME1089,2023,IncomeStatement,Tax,1313855.89
SME1089,2023,IncomeStatement,Net Profit,3941567.67
SME1089,2023,BalanceSheet,Cash & Cash Equivalents,10884949.74
SME1089,2023,BalanceSheet,Accounts Receivable,20888962.89
SME1089,2023,BalanceSheet,Inventory,24272827.12
SME1089,2023,BalanceSheet,Other Current Assets,2802336.99
SME1089,2023,BalanceSheet,Net Fixed Assets,60629563.39
SME1089,2023,BalanceSheet,Total Assets,116676303.13
SME1089,2023,BalanceSheet,Short Term Loan,25557806.31
SME1089,2023,BalanceSheet,Accounts Payable,21429021.38
SME1089,2023,BalanceSheet,Other Current Liabilities,5604673.97
SME1089,2023,BalanceSheet,Long Term Loan,21381485.59
SME1089,2023,BalanceSheet,Total Liabilities,46939291.9
SME1089,2023,BalanceSheet,Share Capital,27894804.49
SME1089,2023,BalanceSheet,Retained Earnings,41842206.74
SME1089,2023,BalanceSheet,Total Equity,69737011.23
SME1089,2022,IncomeStatement,Revenue,188241269.17
SME1089,2022,IncomeStatement,Cost of Goods Sold,137226827.07
SME1089,2022,IncomeStatement,Gross Profit,51014442.11
SME1089,2022,IncomeStatement,Operating Expenses,16188800.97
SME1089,2022,IncomeStatement,EBITDA,34825641.14
SME1089,2022,IncomeStatement,Depreciation,6419910.05
SME1089,2022,IncomeStatement,EBIT,28405731.09
SME1089,2022,IncomeStatement,Interest Expense,23667990.13
SME1089,2022,IncomeStatement,Profit Before Tax,4737740.96
SME1089,2022,IncomeStatement,Tax,1184435.24
SME1089,2022,IncomeStatement,Net Profit,3553305.72
SME1089,2022,BalanceSheet,Cash & Cash Equivalents,10677661.28
SME1089,2022,BalanceSheet,Accounts Receivable,23096774.61
SME1089,2022,BalanceSheet,Inventory,22890194.61
SME1089,2022,BalanceSheet,Other Current Assets,2833231.52
SME1089,2022,BalanceSheet,Net Fixed Assets,60011672.64
SME1089,2022,BalanceSheet,Total Assets,116676303.13
SME1089,2022,BalanceSheet,Short Term Loan,25839569.93
SME1089,2022,BalanceSheet,Accounts Payable,27915815.6
SME1089,2022,BalanceSheet,Other Current Liabilities,5666463.05
SME1089,2022,BalanceSheet,Long Term Loan,21099721.97
SME1089,2022,BalanceSheet,Total Liabilities,46939291.9
SME1089,2022,BalanceSheet,Share Capital,27894804.49
SME1089,2022,BalanceSheet,Retained Earnings,41842206.74
SME1089,2022,BalanceSheet,Total Equity,69737011.23
SME1089,2021,IncomeStatement,Revenue,161276979.11
SME1089,2021,IncomeStatement,Cost of Goods Sold,100148896.03
SME1089,2021,IncomeStatement,Gross Profit,61128083.08
SME1089,2021,IncomeStatement,Operating Expenses,21724525.31
SME1089,2021,IncomeStatement,EBITDA,39403557.77
SME1089,2021,IncomeStatement,Depreciation,6325306.59
SME1089,2021,IncomeStatement,EBIT,33078251.17
SME1089,2021,IncomeStatement,Interest Expense,26779205.95
SME1089,2021,IncomeStatement,Profit Before Tax,6299045.23
SME1089,2021,IncomeStatement,Tax,1574761.31
SME1089,2021,IncomeStatement,Net Profit,4724283.92
SME1089,2021,BalanceSheet,Cash & Cash Equivalents,9987755.19
SME1089,2021,BalanceSheet,Accounts Receivable,23189266.43
SME1089,2021,BalanceSheet,Inventory,19389784.49
SME1089,2021,BalanceSheet,Other Current Assets,2628340.31
SME1089,2021,BalanceSheet,Net Fixed Assets,64109497.02
SME1089,2021,BalanceSheet,Total Assets,116676303.13
SME1089,2021,BalanceSheet,Short Term Loan,23970925.97
SME1089,2021,BalanceSheet,Accounts Payable,23959631.17
SME1089,2021,BalanceSheet,Other Current Liabilities,5256680.61
SME1089,2021,BalanceSheet,Long Term Loan,22968365.93
SME1089,2021,BalanceSheet,Total Liabilities,46939291.9
SME1089,2021,BalanceSheet,Share Capital,27894804.49
SME1089,2021,BalanceSheet,Retained Earnings,41842206.74
SME1089,2021,BalanceSheet,Total Equity,69737011.23
SME1090,2023,IncomeStatement,Revenue,167939256.68
SME1090,2023,IncomeStatement,Cost of Goods Sold,119602399.78
SME1090,2023,IncomeStatement,Gross Profit,48336856.89
SME1090,2023,IncomeStatement,Operating Expenses,17358171.84
SME1090,2023,IncomeStatement,EBITDA,30978685.06
SME1090,2023,IncomeStatement,Depreciation,6826512.52
SME1090,2023,IncomeStatement,EBIT,24152172.54
SME1090,2023,IncomeStatement,Interest Expense,16123823.42
SME1090,2023,IncomeStatement,Profit Before Tax,8028349.12
SME1090,2023,IncomeStatement,Tax,2007087.28
SME1090,2023,IncomeStatement,Net Profit,6021261.84
SME1090,2023,BalanceSheet,Cash & Cash Equivalents,15771644.43
SME1090,2023,BalanceSheet,Accounts Receivable,27511655.15
SME1090,2023,BalanceSheet,Inventory,21567018.29
SME1090,2023,BalanceSheet,Other Current Assets,3242515.89
SME1090,2023,BalanceSheet,Net Fixed Assets,64615116.22
SME1090,2023,BalanceSheet,Total Assets,129465434.1
SME1090,2023,BalanceSheet,Short Term Loan,43186059.77
SME1090,2023,BalanceSheet,Accounts Payable,20917387.83
SME1090,2023,BalanceSheet,Other Current Liabilities,6485031.79
SME1090,2023,BalanceSheet,Long Term Loan,31326298.47
SME1090,2023,BalanceSheet,Total Liabilities,74512358.25
SME1090,2023,BalanceSheet,Share Capital,21981230.34
SME1090,2023,BalanceSheet,Retained Earnings,32971845.51
SME1090,2023,BalanceSheet,Total Equity,54953075.85
SME1090,2022,IncomeStatement,Revenue,159049680.1
SME1090,2022,IncomeStatement,Cost of Goods Sold,109599459.0
SME1090,2022,IncomeStatement,Gross Profit,49450221.1
SME1090,2022,IncomeStatement,Operating Expenses,20059843.18
SME1090,2022,IncomeStatement,EBITDA,29390377.91
SME1090,2022,IncomeStatement,Depreciation,12802169.69
SME1090,2022,IncomeStatement,EBIT,16588208.22
SME1090,2022,IncomeStatement,Interest Expense,15297139.4
SME1090,2022,IncomeStatement,Profit Before Tax,1291068.82
SME1090,2022,IncomeStatement,Tax,322767.21
SME1090,2022,IncomeStatement,Net Profit,968301.62
SME1090,2022,BalanceSheet,Cash & Cash Equivalents,16047841.39
SME1090,2022,BalanceSheet,Accounts Receivable,24717746.06
SME1090,2022,BalanceSheet,Inventory,26075725.97
SME1090,2022,BalanceSheet,Other Current Assets,3342065.67
SME1090,2022,BalanceSheet,Net Fixed Assets,62624120.68
SME1090,2022,BalanceSheet,Total Assets,129465434.1
SME1090,2022,BalanceSheet,Short Term Loan,44511932.26
SME1090,2022,BalanceSheet,Accounts Payable,31559981.75
SME1090,2022,BalanceSheet,Other Current Liabilities,6684131.34
SME1090,2022,BalanceSheet,Long Term Loan,30000425.98
SME1090,2022,BalanceSheet,Total Liabilities,74512358.25
SME1090,2022,BalanceSheet,Share Capital,21981230.34
SME1090,2022,BalanceSheet,Retained Earnings,32971845.51
SME1090,2022,BalanceSheet,Total Equity,54953075.85
SME1090,2021,IncomeStatement,Revenue,153473240.54
SME1090,2021,IncomeStatement,Cost of Goods Sold,100496099.55
SME1090,2021,IncomeStatement,Gross Profit,52977141.0
SME1090,2021,IncomeStatement,Operating Expenses,23129205.74
SME1090,2021,IncomeStatement,EBITDA,29847935.25
SME1090,2021,IncomeStatement,Depreciation,11410603.94
SME1090,2021,IncomeStatement,EBIT,18437331.31
SME1090,2021,IncomeStatement,Interest Expense,15535289.39
SME1090,2021,IncomeStatement,Profit Before Tax,2902041.92
SME1090,2021,IncomeStatement,Tax,725510.48
SME1090,2021,IncomeStatement,Net Profit,2176531.44
SME1090,2021,BalanceSheet,Cash & Cash Equivalents,14251551.02
SME1090,2021,BalanceSheet,Accounts Receivable,23305972.95
SME1090,2021,BalanceSheet,Inventory,28558071.71
SME1090,2021,BalanceSheet,Other Current Assets,3305779.78
SME1090,2021,BalanceSheet,Net Fixed Assets,63349838.42
SME1090,2021,BalanceSheet,Total Assets,129465434.1
SME1090,2021,BalanceSheet,Short Term Loan,44028651.83
SME1090,2021,BalanceSheet,Accounts Payable,20727669.91
SME1090,2021,BalanceSheet,Other Current Liabilities,6611559.57
SME1090,2021,BalanceSheet,Long Term Loan,30483706.41
SME1090,2021,BalanceSheet,Total Liabilities,74512358.25
SME1090,2021,BalanceSheet,Share Capital,21981230.34
SME1090,2021,BalanceSheet,Retained Earnings,32971845.51
SME1090,2021,BalanceSheet,Total Equity,54953075.85
SME1091,2023,IncomeStatement,Revenue,125460837.8
SME1091,2023,IncomeStatement,Cost of Goods Sold,84705806.13
SME1091,2023,IncomeStatement,Gross Profit,40755031.67
SME1091,2023,IncomeStatement,Operating Expenses,15612698.32
SME1091,2023,IncomeStatement,EBITDA,25142333.35
SME1091,2023,IncomeStatement,Depreciation,1155905.32
SME1091,2023,IncomeStatement,EBIT,23986428.03
SME1091,2023,IncomeStatement,Interest Expense,17891225.64
SME1091,2023,IncomeStatement,Profit Before Tax,6095202.39
SME1091,2023,IncomeStatement,Tax,1523800.6
SME1091,2023,IncomeStatement,Net Profit,4571401.79
SME1091,2023,BalanceSheet,Cash & Cash Equivalents,886950.78
SME1091,2023,BalanceSheet,Accounts Receivable,2174108.04
SME1091,2023,BalanceSheet,Inventory,1853211.86
SME1091,2023,BalanceSheet,Other Current Assets,245713.53
SME1091,2023,BalanceSheet,Net Fixed Assets,8670146.9
SME1091,2023,BalanceSheet,Total Assets,13584417.57
SME1091,2023,BalanceSheet,Short Term Loan,3523671.39
SME1091,2023,BalanceSheet,Accounts Payable,1746991.52
SME1091,2023,BalanceSheet,Other Current Liabilities,491427.07
SME1091,2023,BalanceSheet,Long Term Loan,4936817.29
SME1091,2023,BalanceSheet,Total Liabilities,8460488.68
SME1091,2023,BalanceSheet,Share Capital,2049571.56
SME1091,2023,BalanceSheet,Retained Earnings,3074357.34
SME1091,2023,BalanceSheet,Total Equity,5123928.89
SME1091,2022,IncomeStatement,Revenue,103219700.18
SME1091,2022,IncomeStatement,Cost of Goods Sold,69848327.76
SME1091,2022,IncomeStatement,Gross Profit,33371372.42
SME1091,2022,IncomeStatement,Operating Expenses,11367607.58
SME1091,2022,IncomeStatement,EBITDA,22003764.85
SME1091,2022,IncomeStatement,Depreciation,1228072.16
SME1091,2022,IncomeStatement,EBIT,20775692.69
SME1091,2022,IncomeStatement,Interest Expense,15657827.63
SME1091,2022,IncomeStatement,Profit Before Tax,5117865.06
SME1091,2022,IncomeStatement,Tax,1279466.26
SME1091,2022,IncomeStatement,Net Profit,3838398.79
SME1091,2022,BalanceSheet,Cash & Cash Equivalents,949368.88
SME1091,2022,BalanceSheet,Accounts Receivable,2664439.34
SME1091,2022,BalanceSheet,Inventory,2371757.17
SME1091,2022,BalanceSheet,Other Current Assets,299278.27
SME1091,2022,BalanceSheet,Net Fixed Assets,7598852.18
SME1091,2022,BalanceSheet,Total Assets,13584417.57
SME1091,2022,BalanceSheet,Short Term Loan,4291820.07
SME1091,2022,BalanceSheet,Accounts Payable,2794692.17
SME1091,2022,BalanceSheet,Other Current Liabilities,598556.54
SME1091,2022,BalanceSheet,Long Term Loan,4168668.61
SME1091,2022,BalanceSheet,Total Liabilities,8460488.68
SME1091,2022,BalanceSheet,Share Capital,2049571.56
SME1091,2022,BalanceSheet,Retained Earnings,3074357.34
SME1091,2022,BalanceSheet,Total Equity,5123928.89
SME1091,2021,IncomeStatement,Revenue,109479247.47
SME1091,2021,IncomeStatement,Cost of Goods Sold,66773282.92
SME1091,2021,IncomeStatement,Gross Profit,42705964.55
SME1091,2021,IncomeStatement,Operating Expenses,18779314.85
SME1091,2021,IncomeStatement,EBITDA,23926649.7
SME1091,2021,IncomeStatement,Depreciation,1175023.85
SME1091,2021,IncomeStatement,EBIT,22751625.85
SME1091,2021,IncomeStatement,Interest Expense,17026148.0
SME1091,2021,IncomeStatement,Profit Before Tax,5725477.85
SME1091,2021,IncomeStatement,Tax,1431369.46
SME1091,2021,IncomeStatement,Net Profit,4294108.39
SME1091,2021,BalanceSheet,Cash & Cash Equivalents,730076.91
SME1091,2021,BalanceSheet,Accounts Receivable,2437926.5
SME1091,2021,BalanceSheet,Inventory,3549307.37
SME1091,2021,BalanceSheet,Other Current Assets,335865.54
SME1091,2021,BalanceSheet,Net Fixed Assets,6867106.79
SME1091,2021,BalanceSheet,Total Assets,13584417.57
SME1091,2021,BalanceSheet,Short Term Loan,4816502.25
SME1091,2021,BalanceSheet,Accounts Payable,2598905.49
SME1091,2021,BalanceSheet,Other Current Liabilities,671731.08
SME1091,2021,BalanceSheet,Long Term Loan,3643986.43
SME1091,2021,BalanceSheet,Total Liabilities,8460488.68
SME1091,2021,BalanceSheet,Share Capital,2049571.56
SME1091,2021,BalanceSheet,Retained Earnings,3074357.34
SME1091,2021,BalanceSheet,Total Equity,5123928.89
SME1092,2023,IncomeStatement,Revenue,70390240.36
SME1092,2023,IncomeStatement,Cost of Goods Sold,49708538.3
SME1092,2023,IncomeStatement,Gross Profit,20681702.06
SME1092,2023,IncomeStatement,Operating Expenses,9106151.81
SME1092,2023,IncomeStatement,EBITDA,11575550.25
SME1092,2023,IncomeStatement,Depreciation,3770521.9
SME1092,2023,IncomeStatement,EBIT,7805028.35
SME1092,2023,IncomeStatement,Interest Expense,6552473.85
SME1092,2023,IncomeStatement,Profit Before Tax,1252554.5
SME1092,2023,IncomeStatement,Tax,313138.63
SME1092,2023,IncomeStatement,Net Profit,939415.88
SME1092,2023,BalanceSheet,Cash & Cash Equivalents,6385259.45
SME1092,2023,BalanceSheet,Accounts Receivable,16726050.55
SME1092,2023,BalanceSheet,Inventory,12670313.23
SME1092,2023,BalanceSheet,Other Current Assets,1789081.16
SME1092,2023,BalanceSheet,Net Fixed Assets,29013293.18
SME1092,2023,BalanceSheet,Total Assets,64794916.4
SME1092,2023,BalanceSheet,Short Term Loan,21130611.89
SME1092,2023,BalanceSheet,Accounts Payable,15892519.01
SME1092,2023,BalanceSheet,Other Current Liabilities,3578162.32
SME1092,2023,BalanceSheet,Long Term Loan,14647403.61
SME1092,2023,BalanceSheet,Total Liabilities,35778015.5
SME1092,2023,BalanceSheet,Share Capital,11606760.36
SME1092,2023,BalanceSheet,Retained Earnings,17410140.54
SME1092,2023,BalanceSheet,Total Equity,29016900.9
SME1092,2022,IncomeStatement,Revenue,73695074.73
SME1092,2022,IncomeStatement,Cost of Goods Sold,45620168.93
SME1092,2022,IncomeStatement,Gross Profit,28074905.8
SME1092,2022,IncomeStatement,Operating Expenses,12808468.17
SME1092,2022,IncomeStatement,EBITDA,15266437.63
SME1092,2022,IncomeStatement,Depreciation,4110474.44
SME1092,2022,IncomeStatement,EBIT,11155963.19
SME1092,2022,IncomeStatement,Interest Expense,8641743.26
SME1092,2022,IncomeStatement,Profit Before Tax,2514219.93
SME1092,2022,IncomeStatement,Tax,628554.98
SME1092,2022,IncomeStatement,Net Profit,1885664.95
SME1092,2022,BalanceSheet,Cash & Cash Equivalents,7544533.16
SME1092,2022,BalanceSheet,Accounts Receivable,12395123.87
SME1092,2022,BalanceSheet,Inventory,15034958.2
SME1092,2022,BalanceSheet,Other Current Assets,1748730.76
SME1092,2022,BalanceSheet,Net Fixed Assets,29820301.18
SME1092,2022,BalanceSheet,Total Assets,64794916.4
SME1092,2022,BalanceSheet,Short Term Loan,20654038.4
SME1092,2022,BalanceSheet,Accounts Payable,16138041.84
SME1092,2022,BalanceSheet,Other Current Liabilities,3497461.52
SME1092,2022,BalanceSheet,Long Term Loan,15123977.1
SME1092,2022,BalanceSheet,Total Liabilities,35778015.5
SME1092,2022,BalanceSheet,Share Capital,11606760.36
SME1092,2022,BalanceSheet,Retained Earnings,17410140.54
SME1092,2022,BalanceSheet,Total Equity,29016900.9
SME1092,2021,IncomeStatement,Revenue,76540205.83
SME1092,2021,IncomeStatement,Cost of Goods Sold,46657439.78
SME1092,2021,IncomeStatement,Gross Profit,29882766.05
SME1092,2021,IncomeStatement,Operating Expenses,13222067.61
SME1092,2021,IncomeStatement,EBITDA,16660698.44
SME1092,2021,IncomeStatement,Depreciation,5107950.67
SME1092,2021,IncomeStatement,EBIT,11552747.77
SME1092,2021,IncomeStatement,Interest Expense,9430980.68
SME1092,2021,IncomeStatement,Profit Before Tax,2121767.09
SME1092,2021,IncomeStatement,Tax,530441.77
SME1092,2021,IncomeStatement,Net Profit,1591325.31
SME1092,2021,BalanceSheet,Cash & Cash Equivalents,4235229.91
SME1092,2021,BalanceSheet,Accounts Receivable,10168261.13
SME1092,2021,BalanceSheet,Inventory,10764314.41
SME1092,2021,BalanceSheet,Other Current Assets,1258390.27
SME1092,2021,BalanceSheet,Net Fixed Assets,39627110.95
SME1092,2021,BalanceSheet,Total Assets,64794916.4
SME1092,2021,BalanceSheet,Short Term Loan,14862688.76
SME1092,2021,BalanceSheet,Accounts Payable,10065159.12
SME1092,2021,BalanceSheet,Other Current Liabilities,2516780.55
SME1092,2021,BalanceSheet,Long Term Loan,20915326.75
SME1092,2021,BalanceSheet,Total Liabilities,35778015.5
SME1092,2021,BalanceSheet,Share Capital,11606760.36
SME1092,2021,BalanceSheet,Retained Earnings,17410140.54
SME1092,2021,BalanceSheet,Total Equity,29016900.9
SME1093,2023,IncomeStatement,Revenue,240051962.25
SME1093,2023,IncomeStatement,Cost of Goods Sold,152255516.84
SME1093,2023,IncomeStatement,Gross Profit,87796445.4
SME1093,2023,IncomeStatement,Operating Expenses,35273536.87
SME1093,2023,IncomeStatement,EBITDA,52522908.54
SME1093,2023,IncomeStatement,Depreciation,2249478.86
SME1093,2023,IncomeStatement,EBIT,50273429.68
SME1093,2023,IncomeStatement,Interest Expense,35996048.43
SME1093,2023,IncomeStatement,Profit Before Tax,14277381.25
SME1093,2023,IncomeStatement,Tax,3569345.31
SME1093,2023,IncomeStatement,Net Profit,10708035.94
SME1093,2023,BalanceSheet,Cash & Cash Equivalents,2415908.96
SME1093,2023,BalanceSheet,Accounts Receivable,7437144.95
SME1093,2023,BalanceSheet,Inventory,7822252.87
SME1093,2023,BalanceSheet,Other Current Assets,883765.34
SME1093,2023,BalanceSheet,Net Fixed Assets,25416593.23
SME1093,2023,BalanceSheet,Total Assets,43091900.01
SME1093,2023,BalanceSheet,Short Term Loan,16810371.84
SME1093,2023,BalanceSheet,Accounts Payable,6656447.97
SME1093,2023,BalanceSheet,Other Current Liabilities,1767530.68
SME1093,2023,BalanceSheet,Long Term Loan,12548328.3
SME1093,2023,BalanceSheet,Total Liabilities,29358700.14
SME1093,2023,BalanceSheet,Share Capital,5493279.95
SME1093,2023,BalanceSheet,Retained Earnings,8239919.92
SME1093,2023,BalanceSheet,Total Equity,13733199.87
SME1093,2022,IncomeStatement,Revenue,175816183.92
SME1093,2022,IncomeStatement,Cost of Goods Sold,130046662.06
SME1093,2022,IncomeStatement,Gross Profit,45769521.86
SME1093,2022,IncomeStatement,Operating Expenses,21580194.06
SME1093,2022,IncomeStatement,EBITDA,24189327.8
SME1093,2022,IncomeStatement,Depreciation,3345794.71
SME1093,2022,IncomeStatement,EBIT,20843533.09
SME1093,2022,IncomeStatement,Interest Expense,16577913.13
SME1093,2022,IncomeStatement,Profit Before Tax,4265619.96
SME1093,2022,IncomeStatement,Tax,1066404.99
SME1093,2022,IncomeStatement,Net Profit,3199214.97
SME1093,2022,BalanceSheet,Cash & Cash Equivalents,3797748.33
SME1093,2022,BalanceSheet,Accounts Receivable,7428288.55
SME1093,2022,BalanceSheet,Inventory,6764254.91
SME1093,2022,BalanceSheet,Other Current Assets,899514.59
SME1093,2022,BalanceSheet,Net Fixed Assets,25101608.22
SME1093,2022,BalanceSheet,Total Assets,43091900.01
SME1093,2022,BalanceSheet,Short Term Loan,17109943.17
SME1093,2022,BalanceSheet,Accounts Payable,6554949.97
SME1093,2022,BalanceSheet,Other Current Liabilities,1799029.18
SME1093,2022,BalanceSheet,Long Term Loan,12248756.97
SME1093,2022,BalanceSheet,Total Liabilities,29358700.14
SME1093,2022,BalanceSheet,Share Capital,5493279.95
SME1093,2022,BalanceSheet,Retained Earnings,8239919.92
SME1093,2022,BalanceSheet,Total Equity,13733199.87
SME1093,2021,IncomeStatement,Revenue,189146216.42
SME1093,2021,IncomeStatement,Cost of Goods Sold,133923690.12
SME1093,2021,IncomeStatement,Gross Profit,55222526.31
SME1093,2021,IncomeStatement,Operating Expenses,19562667.84
SME1093,2021,IncomeStatement,EBITDA,35659858.47
SME1093,2021,IncomeStatement,Depreciation,2322410.09
SME1093,2021,IncomeStatement,EBIT,33337448.38
SME1093,2021,IncomeStatement,Interest Expense,24439126.25
SME1093,2021,IncomeStatement,Profit Before Tax,8898322.13
SME1093,2021,IncomeStatement,Tax,2224580.53
SME1093,2021,IncomeStatement,Net Profit,6673741.6
SME1093,2021,BalanceSheet,Cash & Cash Equivalents,2568125.35
SME1093,2021,BalanceSheet,Accounts Receivable,7109211.92
SME1093,2021,BalanceSheet,Inventory,4972037.43
SME1093,2021,BalanceSheet,Other Current Assets,732468.74
SME1093,2021,BalanceSheet,Net Fixed Assets,28442525.3
SME1093,2021,BalanceSheet,Total Assets,43091900.01
SME1093,2021,BalanceSheet,Short Term Loan,13932512.69
SME1093,2021,BalanceSheet,Accounts Payable,4920268.93
SME1093,2021,BalanceSheet,Other Current Liabilities,1464937.47
SME1093,2021,BalanceSheet,Long Term Loan,15426187.45
SME1093,2021,BalanceSheet,Total Liabilities,29358700.14
SME1093,2021,BalanceSheet,Share Capital,5493279.95
SME1093,2021,BalanceSheet,Retained Earnings,8239919.92
SME1093,2021,BalanceSheet,Total Equity,13733199.87
SME1094,2023,IncomeStatement,Revenue,167995658.47
SME1094,2023,IncomeStatement,Cost of Goods Sold,122086976.8
SME1094,2023,IncomeStatement,Gross Profit,45908681.67
SME1094,2023,IncomeStatement,Operating Expenses,16777795.27
SME1094,2023,IncomeStatement,EBITDA,29130886.4
SME1094,2023,IncomeStatement,Depreciation,11453340.18
SME1094,2023,IncomeStatement,EBIT,17677546.22
SME1094,2023,IncomeStatement,Interest Expense,15677672.02
SME1094,2023,IncomeStatement,Profit Before Tax,1999874.2
SME1094,2023,IncomeStatement,Tax,499968.55
SME1094,2023,IncomeStatement,Net Profit,1499905.65
SME1094,2023,BalanceSheet,Cash & Cash Equivalents,6210041.06
SME1094,2023,BalanceSheet,Accounts Receivable,20743196.48
SME1094,2023,BalanceSheet,Inventory,20779344.59
SME1094,2023,BalanceSheet,Other Current Assets,2386629.11
SME1094,2023,BalanceSheet,Net Fixed Assets,99758289.49
SME1094,2023,BalanceSheet,Total Assets,147490871.63
SME1094,2023,BalanceSheet,Short Term Loan,37616508.51
SME1094,2023,BalanceSheet,Accounts Payable,17221049.84
SME1094,2023,BalanceSheet,Other Current Liabilities,4773258.21
SME1094,2023,BalanceSheet,Long Term Loan,56051534.31
SME1094,2023,BalanceSheet,Total Liabilities,93668042.82
SME1094,2023,BalanceSheet,Share Capital,21529131.53
SME1094,2023,BalanceSheet,Retained Earnings,32293697.29
SME1094,2023,BalanceSheet,Total Equity,53822828.81
SME1094,2022,IncomeStatement,Revenue,190263170.03
SME1094,2022,IncomeStatement,Cost of Goods Sold,127398126.44
SME1094,2022,IncomeStatement,Gross Profit,62865043.59
SME1094,2022,IncomeStatement,Operating Expenses,26298848.36
SME1094,2022,IncomeStatement,EBITDA,36566195.23
SME1094,2022,IncomeStatement,Depreciation,11012853.39
SME1094,2022,IncomeStatement,EBIT,25553341.84
SME1094,2022,IncomeStatement,Interest Expense,19679209.48
SME1094,2022,IncomeStatement,Profit Before Tax,5874132.36
SME1094,2022,IncomeStatement,Tax,1468533.09
SME1094,2022,IncomeStatement,Net Profit,4405599.27
SME1094,2022,BalanceSheet,Cash & Cash Equivalents,8522962.78
SME1094,2022,BalanceSheet,Accounts Receivable,31970428.78
SME1094,2022,BalanceSheet,Inventory,25415981.97
SME1094,2022,BalanceSheet,Other Current Assets,3295468.68
SME1094,2022,BalanceSheet,Net Fixed Assets,81581498.09
SME1094,2022,BalanceSheet,Total Assets,147490871.63
SME1094,2022,BalanceSheet,Short Term Loan,51941051.57
SME1094,2022,BalanceSheet,Accounts Payable,29797393.41
SME1094,2022,BalanceSheet,Other Current Liabilities,6590937.35
SME1094,2022,BalanceSheet,Long Term Loan,41726991.25
SME1094,2022,BalanceSheet,Total Liabilities,93668042.82
SME1094,2022,BalanceSheet,Share Capital,21529131.53
SME1094,2022,BalanceSheet,Retained Earnings,32293697.29
SME1094,2022,BalanceSheet,Total Equity,53822828.81
SME1094,2021,IncomeStatement,Revenue,164620243.95
SME1094,2021,IncomeStatement,Cost of Goods Sold,98929635.66
SME1094,2021,IncomeStatement,Gross Profit,65690608.29
SME1094,2021,IncomeStatement,Operating Expenses,25094286.78
SME1094,2021,IncomeStatement,EBITDA,40596321.51
SME1094,2021,IncomeStatement,Depreciation,9092795.58
SME1094,2021,IncomeStatement,EBIT,31503525.93
SME1094,2021,IncomeStatement,Interest Expense,21848144.44
SME1094,2021,IncomeStatement,Profit Before Tax,9655381.48
SME1094,2021,IncomeStatement,Tax,2413845.37
SME1094,2021,IncomeStatement,Net Profit,7241536.11
SME1094,2021,BalanceSheet,Cash & Cash Equivalents,12602304.05
SME1094,2021,BalanceSheet,Accounts Receivable,26861643.34
SME1094,2021,BalanceSheet,Inventory,16314230.56
SME1094,2021,BalanceSheet,Other Current Assets,2788908.9
SME1094,2021,BalanceSheet,Net Fixed Assets,91712693.68
SME1094,2021,BalanceSheet,Total Assets,147490871.63
SME1094,2021,BalanceSheet,Short Term Loan,43956983.08
SME1094,2021,BalanceSheet,Accounts Payable,27342354.2
SME1094,2021,BalanceSheet,Other Current Liabilities,5577817.8
SME1094,2021,BalanceSheet,Long Term Loan,49711059.74
SME1094,2021,BalanceSheet,Total Liabilities,93668042.82
SME1094,2021,BalanceSheet,Share Capital,21529131.53
SME1094,2021,BalanceSheet,Retained Earnings,32293697.29
SME1094,2021,BalanceSheet,Total Equity,53822828.81
SME1095,2023,IncomeStatement,Revenue,35788588.2
SME1095,2023,IncomeStatement,Cost of Goods Sold,22751705.22
SME1095,2023,IncomeStatement,Gross Profit,13036882.99
SME1095,2023,IncomeStatement,Operating Expenses,5193969.47
SME1095,2023,IncomeStatement,EBITDA,7842913.51
SME1095,2023,IncomeStatement,Depreciation,3664976.55
SME1095,2023,IncomeStatement,EBIT,4177936.96
SME1095,2023,IncomeStatement,Interest Expense,7240776.24
SME1095,2023,IncomeStatement,Profit Before Tax,-3062839.28
SME1095,2023,IncomeStatement,Tax,0.0
SME1095,2023,IncomeStatement,Net Profit,-3062839.28
SME1095,2023,BalanceSheet,Cash & Cash Equivalents,9158228.07
SME1095,2023,BalanceSheet,Accounts Receivable,16121925.12
SME1095,2023,BalanceSheet,Inventory,19016448.33
SME1095,2023,BalanceSheet,Other Current Assets,2214830.08
SME1095,2023,BalanceSheet,Net Fixed Assets,24860745.0
SME1095,2023,BalanceSheet,Total Assets,69157346.52
SME1095,2023,BalanceSheet,Short Term Loan,32484861.58
SME1095,2023,BalanceSheet,Accounts Payable,21450845.48
SME1095,2023,BalanceSheet,Other Current Liabilities,4429660.15
SME1095,2023,BalanceSheet,Long Term Loan,21711506.56
SME1095,2023,BalanceSheet,Total Liabilities,54196368.14
SME1095,2023,BalanceSheet,Share Capital,5984391.35
SME1095,2023,BalanceSheet,Retained Earnings,8976587.03
SME1095,2023,BalanceSheet,Total Equity,14960978.38
SME1095,2022,IncomeStatement,Revenue,38773800.56
SME1095,2022,IncomeStatement,Cost of Goods Sold,26287236.38
SME1095,2022,IncomeStatement,Gross Profit,12486564.18
SME1095,2022,IncomeStatement,Operating Expenses,5496203.24
SME1095,2022,IncomeStatement,EBITDA,6990360.94
SME1095,2022,IncomeStatement,Depreciation,4745895.15
SME1095,2022,IncomeStatement,EBIT,2244465.79
SME1095,2022,IncomeStatement,Interest Expense,6453678.13
SME1095,2022,IncomeStatement,Profit Before Tax,-4209212.34
SME1095,2022,IncomeStatement,Tax,0.0
SME1095,2022,IncomeStatement,Net Profit,-4209212.34
SME1095,2022,BalanceSheet,Cash & Cash Equivalents,4956461.15
SME1095,2022,BalanceSheet,Accounts Receivable,16018221.05
SME1095,2022,BalanceSheet,Inventory,22990769.57
SME1095,2022,BalanceSheet,Other Current Assets,2198272.59
SME1095,2022,BalanceSheet,Net Fixed Assets,25191894.75
SME1095,2022,BalanceSheet,Total Assets,69157346.52
SME1095,2022,BalanceSheet,Short Term Loan,32242013.29
SME1095,2022,BalanceSheet,Accounts Payable,14363634.88
SME1095,2022,BalanceSheet,Other Current Liabilities,4396545.18
SME1095,2022,BalanceSheet,Long Term Loan,21954354.85
SME1095,2022,BalanceSheet,Total Liabilities,54196368.14
SME1095,2022,BalanceSheet,Share Capital,5984391.35
SME1095,2022,BalanceSheet,Retained Earnings,8976587.03
SME1095,2022,BalanceSheet,Total Equity,14960978.38
SME1095,2021,IncomeStatement,Revenue,33859526.97
SME1095,2021,IncomeStatement,Cost of Goods Sold,20695774.9
SME1095,2021,IncomeStatement,Gross Profit,13163752.07
SME1095,2021,IncomeStatement,Operating Expenses,5444055.88
SME1095,2021,IncomeStatement,EBITDA,7719696.19
SME1095,2021,IncomeStatement,Depreciation,4961980.41
SME1095,2021,IncomeStatement,EBIT,2757715.78
SME1095,2021,IncomeStatement,Interest Expense,7127018.89
SME1095,2021,IncomeStatement,Profit Before Tax,-4369303.11
SME1095,2021,IncomeStatement,Tax,0.0
SME1095,2021,IncomeStatement,Net Profit,-4369303.11
SME1095,2021,BalanceSheet,Cash & Cash Equivalents,5937307.65
SME1095,2021,BalanceSheet,Accounts Receivable,17049642.05
SME1095,2021,BalanceSheet,Inventory,20825723.04
SME1095,2021,BalanceSheet,Other Current Assets,2190633.64
SME1095,2021,BalanceSheet,Net Fixed Assets,25344673.77
SME1095,2021,BalanceSheet,Total Assets,69157346.52
SME1095,2021,BalanceSheet,Short Term Loan,32129972.97
SME1095,2021,BalanceSheet,Accounts Payable,15904078.33
SME1095,2021,BalanceSheet,Other Current Liabilities,4381267.27
SME1095,2021,BalanceSheet,Long Term Loan,22066395.17
SME1095,2021,BalanceSheet,Total Liabilities,54196368.14
SME1095,2021,BalanceSheet,Share Capital,5984391.35
SME1095,2021,BalanceSheet,Retained Earnings,8976587.03
SME1095,2021,BalanceSheet,Total Equity,14960978.38
SME1096,2023,IncomeStatement,Revenue,221218691.51
SME1096,2023,IncomeStatement,Cost of Goods Sold,139457788.2
SME1096,2023,IncomeStatement,Gross Profit,81760903.32
SME1096,2023,IncomeStatement,Operating Expenses,37281941.44
SME1096,2023,IncomeStatement,EBITDA,44478961.88
SME1096,2023,IncomeStatement,Depreciation,5789358.76
SME1096,2023,IncomeStatement,EBIT,38689603.11
SME1096,2023,IncomeStatement,Interest Expense,36531086.99
SME1096,2023,IncomeStatement,Profit Before Tax,2158516.12
SME1096,2023,IncomeStatement,Tax,539629.03
SME1096,2023,IncomeStatement,Net Profit,1618887.09
SME1096,2023,BalanceSheet,Cash & Cash Equivalents,3501771.01
SME1096,2023,BalanceSheet,Accounts Receivable,11795819.53
SME1096,2023,BalanceSheet,Inventory,12793829.57
SME1096,2023,BalanceSheet,Other Current Assets,1404571.01
SME1096,2023,BalanceSheet,Net Fixed Assets,44973884.45
SME1096,2023,BalanceSheet,Total Assets,73065304.57
SME1096,2023,BalanceSheet,Short Term Loan,24237032.48
SME1096,2023,BalanceSheet,Accounts Payable,10711329.01
SME1096,2023,BalanceSheet,Other Current Liabilities,2809142.01
SME1096,2023,BalanceSheet,Long Term Loan,31986670.39
SME1096,2023,BalanceSheet,Total Liabilities,56223702.87
SME1096,2023,BalanceSheet,Share Capital,6736640.68
SME1096,2023,BalanceSheet,Retained Earnings,10104961.02
SME1096,2023,BalanceSheet,Total Equity,16841601.7
SME1096,2022,IncomeStatement,Revenue,275185910.13
SME1096,2022,IncomeStatement,Cost of Goods Sold,204929628.68
SME1096,2022,IncomeStatement,Gross Profit,70256281.45
SME1096,2022,IncomeStatement,Operating Expenses,23994434.26
SME1096,2022,IncomeStatement,EBITDA,46261847.2
SME1096,2022,IncomeStatement,Depreciation,4779595.1
SME1096,2022,IncomeStatement,EBIT,41482252.1
SME1096,2022,IncomeStatement,Interest Expense,37995391.37
SME1096,2022,IncomeStatement,Profit Before Tax,3486860.73
SME1096,2022,IncomeStatement,Tax,871715.18
SME1096,2022,IncomeStatement,Net Profit,2615145.55
SME1096,2022,BalanceSheet,Cash & Cash Equivalents,3482953.68
SME1096,2022,BalanceSheet,Accounts Receivable,11029846.31
SME1096,2022,BalanceSheet,Inventory,15007000.41
SME1096,2022,BalanceSheet,Other Current Assets,1475990.02
SME1096,2022,BalanceSheet,Net Fixed Assets,43545504.18
SME1096,2022,BalanceSheet,Total Assets,73065304.57
SME1096,2022,BalanceSheet,Short Term Loan,25469426.54
SME1096,2022,BalanceSheet,Accounts Payable,12906380.52
SME1096,2022,BalanceSheet,Other Current Liabilities,2951980.04
SME1096,2022,BalanceSheet,Long Term Loan,30754276.33
SME1096,2022,BalanceSheet,Total Liabilities,56223702.87
SME1096,2022,BalanceSheet,Share Capital,6736640.68
SME1096,2022,BalanceSheet,Retained Earnings,10104961.02
SME1096,2022,BalanceSheet,Total Equity,16841601.7
SME1096,2021,IncomeStatement,Revenue,274604190.47
SME1096,2021,IncomeStatement,Cost of Goods Sold,193467356.45
SME1096,2021,IncomeStatement,Gross Profit,81136834.02
SME1096,2021,IncomeStatement,Operating Expenses,24995496.8
SME1096,2021,IncomeStatement,EBITDA,56141337.23
SME1096,2021,IncomeStatement,Depreciation,6707120.05
SME1096,2021,IncomeStatement,EBIT,49434217.17
SME1096,2021,IncomeStatement,Interest Expense,46109531.05
SME1096,2021,IncomeStatement,Profit Before Tax,3324686.12
SME1096,2021,IncomeStatement,Tax,831171.53
SME1096,2021,IncomeStatement,Net Profit,2493514.59
SME1096,2021,BalanceSheet,Cash & Cash Equivalents,3448892.28
SME1096,2021,BalanceSheet,Accounts Receivable,11747902.36
SME1096,2021,BalanceSheet,Inventory,15141290.87
SME1096,2021,BalanceSheet,Other Current Assets,1516904.28
SME1096,2021,BalanceSheet,Net Fixed Assets,42727219.06
SME1096,2021,BalanceSheet,Total Assets,73065304.57
SME1096,2021,BalanceSheet,Short Term Loan,26175435.8
SME1096,2021,BalanceSheet,Accounts Payable,11259936.48
SME1096,2021,BalanceSheet,Other Current Liabilities,3033808.55
SME1096,2021,BalanceSheet,Long Term Loan,30048267.06
SME1096,2021,BalanceSheet,Total Liabilities,56223702.87
SME1096,2021,BalanceSheet,Share Capital,6736640.68
SME1096,2021,BalanceSheet,Retained Earnings,10104961.02
SME1096,2021,BalanceSheet,Total Equity,16841601.7
SME1097,2023,IncomeStatement,Revenue,92371460.92
SME1097,2023,IncomeStatement,Cost of Goods Sold,61688448.95
SME1097,2023,IncomeStatement,Gross Profit,30683011.97
SME1097,2023,IncomeStatement,Operating Expenses,13795563.58
SME1097,2023,IncomeStatement,EBITDA,16887448.39
SME1097,2023,IncomeStatement,Depreciation,4433633.72
SME1097,2023,IncomeStatement,EBIT,12453814.67
SME1097,2023,IncomeStatement,Interest Expense,14971488.82
SME1097,2023,IncomeStatement,Profit Before Tax,-2517674.15
SME1097,2023,IncomeStatement,Tax,0.0
SME1097,2023,IncomeStatement,Net Profit,-2517674.15
SME1097,2023,BalanceSheet,Cash & Cash Equivalents,7845362.83
SME1097,2023,BalanceSheet,Accounts Receivable,13193972.77
SME1097,2023,BalanceSheet,Inventory,14526909.39
SME1097,2023,BalanceSheet,Other Current Assets,1778312.25
SME1097,2023,BalanceSheet,Net Fixed Assets,35380258.95
SME1097,2023,BalanceSheet,Total Assets,70946503.93
SME1097,2023,BalanceSheet,Short Term Loan,18792850.15
SME1097,2023,BalanceSheet,Accounts Payable,10754926.07
SME1097,2023,BalanceSheet,Other Current Liabilities,3556624.5
SME1097,2023,BalanceSheet,Long Term Loan,19372300.19
SME1097,2023,BalanceSheet,Total Liabilities,38165150.34
SME1097,2023,BalanceSheet,Share Capital,13112541.43
SME1097,2023,BalanceSheet,Retained Earnings,19668812.15
SME1097,2023,BalanceSheet,Total Equity,32781353.59
SME1097,2022,IncomeStatement,Revenue,105027198.23
SME1097,2022,IncomeStatement,Cost of Goods Sold,78495761.55
SME1097,2022,IncomeStatement,Gross Profit,26531436.69
SME1097,2022,IncomeStatement,Operating Expenses,8653043.62
SME1097,2022,IncomeStatement,EBITDA,17878393.07
SME1097,2022,IncomeStatement,Depreciation,6469162.66
SME1097,2022,IncomeStatement,EBIT,11409230.42
SME1097,2022,IncomeStatement,Interest Expense,15850006.22
SME1097,2022,IncomeStatement,Profit Before Tax,-4440775.8
SME1097,2022,IncomeStatement,Tax,0.0
SME1097,2022,IncomeStatement,Net Profit,-4440775.8
SME1097,2022,BalanceSheet,Cash & Cash Equivalents,6666842.09
SME1097,2022,BalanceSheet,Accounts Receivable,15308038.44
SME1097,2022,BalanceSheet,Inventory,12294078.77
SME1097,2022,BalanceSheet,Other Current Assets,1713447.96
SME1097,2022,BalanceSheet,Net Fixed Assets,36677544.63
SME1097,2022,BalanceSheet,Total Assets,70946503.93
SME1097,2022,BalanceSheet,Short Term Loan,18107377.29
SME1097,2022,BalanceSheet,Accounts Payable,14271813.92
SME1097,2022,BalanceSheet,Other Current Liabilities,3426895.93
SME1097,2022,BalanceSheet,Long Term Loan,20057773.05
SME1097,2022,BalanceSheet,Total Liabilities,38165150.34
SME1097,2022,BalanceSheet,Share Capital,13112541.43
SME1097,2022,BalanceSheet,Retained Earnings,19668812.15
SME1097,2022,BalanceSheet,Total Equity,32781353.59
SME1097,2021,IncomeStatement,Revenue,84465802.46
SME1097,2021,IncomeStatement,Cost of Goods Sold,60976881.77
SME1097,2021,IncomeStatement,Gross Profit,23488920.69
SME1097,2021,IncomeStatement,Operating Expenses,7149088.76
SME1097,2021,IncomeStatement,EBITDA,16339831.93
SME1097,2021,IncomeStatement,Depreciation,3776028.47
SME1097,2021,IncomeStatement,EBIT,12563803.46
SME1097,2021,IncomeStatement,Interest Expense,14486001.99
SME1097,2021,IncomeStatement,Profit Before Tax,-1922198.54
SME1097,2021,IncomeStatement,Tax,0.0
SME1097,2021,IncomeStatement,Net Profit,-1922198.54
SME1097,2021,BalanceSheet,Cash & Cash Equivalents,6981786.36
SME1097,2021,BalanceSheet,Accounts Receivable,15485146.43
SME1097,2021,BalanceSheet,Inventory,19462016.57
SME1097,2021,BalanceSheet,Other Current Assets,2096447.47
SME1097,2021,BalanceSheet,Net Fixed Assets,29017554.57
SME1097,2021,BalanceSheet,Total Assets,70946503.93
SME1097,2021,BalanceSheet,Short Term Loan,22154839.87
SME1097,2021,BalanceSheet,Accounts Payable,20168478.49
SME1097,2021,BalanceSheet,Other Current Liabilities,4192894.94
SME1097,2021,BalanceSheet,Long Term Loan,16010310.48
SME1097,2021,BalanceSheet,Total Liabilities,38165150.34
SME1097,2021,BalanceSheet,Share Capital,13112541.43
SME1097,2021,BalanceSheet,Retained Earnings,19668812.15
SME1097,2021,BalanceSheet,Total Equity,32781353.59
SME1098,2023,IncomeStatement,Revenue,1021790810.2
SME1098,2023,IncomeStatement,Cost of Goods Sold,739013074.94
SME1098,2023,IncomeStatement,Gross Profit,282777735.25
SME1098,2023,IncomeStatement,Operating Expenses,107172687.47
SME1098,2023,IncomeStatement,EBITDA,175605047.78
SME1098,2023,IncomeStatement,Depreciation,14698996.18
SME1098,2023,IncomeStatement,EBIT,160906051.6
SME1098,2023,IncomeStatement,Interest Expense,100232117.71
SME1098,2023,IncomeStatement,Profit Before Tax,60673933.89
SME1098,2023,IncomeStatement,Tax,15168483.47
SME1098,2023,IncomeStatement,Net Profit,45505450.42
SME1098,2023,BalanceSheet,Cash & Cash Equivalents,10242961.13
SME1098,2023,BalanceSheet,Accounts Receivable,31090391.28
SME1098,2023,BalanceSheet,Inventory,40010938.65
SME1098,2023,BalanceSheet,Other Current Assets,4067214.55
SME1098,2023,BalanceSheet,Net Fixed Assets,204216641.52
SME1098,2023,BalanceSheet,Total Assets,285560932.58
SME1098,2023,BalanceSheet,Short Term Loan,38748414.64
SME1098,2023,BalanceSheet,Accounts Payable,27448022.25
SME1098,2023,BalanceSheet,Other Current Liabilities,8134429.11
SME1098,2023,BalanceSheet,Long Term Loan,33456840.48
SME1098,2023,BalanceSheet,Total Liabilities,72205255.11
SME1098,2023,BalanceSheet,Share Capital,85342270.98
SME1098,2023,BalanceSheet,Retained Earnings,128013406.48
SME1098,2023,BalanceSheet,Total Equity,213355677.46
SME1098,2022,IncomeStatement,Revenue,856558539.31
SME1098,2022,IncomeStatement,Cost of Goods Sold,627440753.4
SME1098,2022,IncomeStatement,Gross Profit,229117785.91
SME1098,2022,IncomeStatement,Operating Expenses,70323096.54
SME1098,2022,IncomeStatement,EBITDA,158794689.37
SME1098,2022,IncomeStatement,Depreciation,23118678.26
SME1098,2022,IncomeStatement,EBIT,135676011.1
SME1098,2022,IncomeStatement,Interest Expense,90637075.63
SME1098,2022,IncomeStatement,Profit Before Tax,45038935.47
SME1098,2022,IncomeStatement,Tax,11259733.87
SME1098,2022,IncomeStatement,Net Profit,33779201.61
SME1098,2022,BalanceSheet,Cash & Cash Equivalents,9822078.21
SME1098,2022,BalanceSheet,Accounts Receivable,28036589.7
SME1098,2022,BalanceSheet,Inventory,30224550.38
SME1098,2022,BalanceSheet,Other Current Assets,3404160.91
SME1098,2022,BalanceSheet,Net Fixed Assets,217477714.29
SME1098,2022,BalanceSheet,Total Assets,285560932.58
SME1098,2022,BalanceSheet,Short Term Loan,32431492.58
SME1098,2022,BalanceSheet,Accounts Payable,27923496.81
SME1098,2022,BalanceSheet,Other Current Liabilities,6808321.83
SME1098,2022,BalanceSheet,Long Term Loan,39773762.53
SME1098,2022,BalanceSheet,Total Liabilities,72205255.11
SME1098,2022,BalanceSheet,Share Capital,85342270.98
SME1098,2022,BalanceSheet,Retained Earnings,128013406.48
SME1098,2022,BalanceSheet,Total Equity,213355677.46
SME1098,2021,IncomeStatement,Revenue,814422319.05
SME1098,2021,IncomeStatement,Cost of Goods Sold,522831762.71
SME1098,2021,IncomeStatement,Gross Profit,291590556.34
SME1098,2021,IncomeStatement,Operating Expenses,95480512.22
SME1098,2021,IncomeStatement,EBITDA,196110044.12
SME1098,2021,IncomeStatement,Depreciation,17125914.49
SME1098,2021,IncomeStatement,EBIT,178984129.63
SME1098,2021,IncomeStatement,Interest Expense,111935990.88
SME1098,2021,IncomeStatement,Profit Before Tax,67048138.75
SME1098,2021,IncomeStatement,Tax,16762034.69
SME1098,2021,IncomeStatement,Net Profit,50286104.06
SME1098,2021,BalanceSheet,Cash & Cash Equivalents,15642568.85
SME1098,2021,BalanceSheet,Accounts Receivable,38881925.14
SME1098,2021,BalanceSheet,Inventory,32926640.58
SME1098,2021,BalanceSheet,Other Current Assets,4372556.73
SME1098,2021,BalanceSheet,Net Fixed Assets,198109798.01
SME1098,2021,BalanceSheet,Total Assets,285560932.58
SME1098,2021,BalanceSheet,Short Term Loan,41657414.17
SME1098,2021,BalanceSheet,Accounts Payable,40265442.16
SME1098,2021,BalanceSheet,Other Current Liabilities,8745113.46
SME1098,2021,BalanceSheet,Long Term Loan,30547840.94
SME1098,2021,BalanceSheet,Total Liabilities,72205255.11
SME1098,2021,BalanceSheet,Share Capital,85342270.98
SME1098,2021,BalanceSheet,Retained Earnings,128013406.48
SME1098,2021,BalanceSheet,Total Equity,213355677.46
SME1099,2023,IncomeStatement,Revenue,140346568.0
SME1099,2023,IncomeStatement,Cost of Goods Sold,103421603.85
SME1099,2023,IncomeStatement,Gross Profit,36924964.16
SME1099,2023,IncomeStatement,Operating Expenses,14787659.84
SME1099,2023,IncomeStatement,EBITDA,22137304.32
SME1099,2023,IncomeStatement,Depreciation,6875703.18
SME1099,2023,IncomeStatement,EBIT,15261601.14
SME1099,2023,IncomeStatement,Interest Expense,13922254.78
SME1099,2023,IncomeStatement,Profit Before Tax,1339346.36
SME1099,2023,IncomeStatement,Tax,334836.59
SME1099,2023,IncomeStatement,Net Profit,1004509.77
SME1099,2023,BalanceSheet,Cash & Cash Equivalents,5796397.86
SME1099,2023,BalanceSheet,Accounts Receivable,15011458.63
SME1099,2023,BalanceSheet,Inventory,18401598.63
SME1099,2023,BalanceSheet,Other Current Assets,1960472.76
SME1099,2023,BalanceSheet,Net Fixed Assets,59836870.3
SME1099,2023,BalanceSheet,Total Assets,99046325.42
SME1099,2023,BalanceSheet,Short Term Loan,28263350.8
SME1099,2023,BalanceSheet,Accounts Payable,18787326.33
SME1099,2023,BalanceSheet,Other Current Liabilities,3920945.51
SME1099,2023,BalanceSheet,Long Term Loan,36566323.91
SME1099,2023,BalanceSheet,Total Liabilities,64829674.71
SME1099,2023,BalanceSheet,Share Capital,13686660.28
SME1099,2023,BalanceSheet,Retained Earnings,20529990.42
SME1099,2023,BalanceSheet,Total Equity,34216650.71
SME1099,2022,IncomeStatement,Revenue,149527873.63
SME1099,2022,IncomeStatement,Cost of Goods Sold,91030877.49
SME1099,2022,IncomeStatement,Gross Profit,58496996.14
SME1099,2022,IncomeStatement,Operating Expenses,29149419.64
SME1099,2022,IncomeStatement,EBITDA,29347576.5
SME1099,2022,IncomeStatement,Depreciation,7574232.42
SME1099,2022,IncomeStatement,EBIT,21773344.07
SME1099,2022,IncomeStatement,Interest Expense,18456828.85
SME1099,2022,IncomeStatement,Profit Before Tax,3316515.22
SME1099,2022,IncomeStatement,Tax,829128.8
SME1099,2022,IncomeStatement,Net Profit,2487386.41
SME1099,2022,BalanceSheet,Cash & Cash Equivalents,12439205.58
SME1099,2022,BalanceSheet,Accounts Receivable,24690049.74
SME1099,2022,BalanceSheet,Inventory,12639339.87
SME1099,2022,BalanceSheet,Other Current Assets,2488429.76
SME1099,2022,BalanceSheet,Net Fixed Assets,49277730.22
SME1099,2022,BalanceSheet,Total Assets,99046325.42
SME1099,2022,BalanceSheet,Short Term Loan,35874695.55
SME1099,2022,BalanceSheet,Accounts Payable,15927287.62
SME1099,2022,BalanceSheet,Other Current Liabilities,4976859.52
SME1099,2022,BalanceSheet,Long Term Loan,28954979.16
SME1099,2022,BalanceSheet,Total Liabilities,64829674.71
SME1099,2022,BalanceSheet,Share Capital,13686660.28
SME1099,2022,BalanceSheet,Retained Earnings,20529990.42
SME1099,2022,BalanceSheet,Total Equity,34216650.71
SME1099,2021,IncomeStatement,Revenue,132256491.99
SME1099,2021,IncomeStatement,Cost of Goods Sold,84641384.12
SME1099,2021,IncomeStatement,Gross Profit,47615107.87
SME1099,2021,IncomeStatement,Operating Expenses,22058033.57
SME1099,2021,IncomeStatement,EBITDA,25557074.3
SME1099,2021,IncomeStatement,Depreciation,9494875.33
SME1099,2021,IncomeStatement,EBIT,16062198.97
SME1099,2021,IncomeStatement,Interest Expense,16072964.2
SME1099,2021,IncomeStatement,Profit Before Tax,-10765.23
SME1099,2021,IncomeStatement,Tax,0.0
SME1099,2021,IncomeStatement,Net Profit,-10765.23
SME1099,2021,BalanceSheet,Cash & Cash Equivalents,9225154.59
SME1099,2021,BalanceSheet,Accounts Receivable,14160333.79
SME1099,2021,BalanceSheet,Inventory,13595184.68
SME1099,2021,BalanceSheet,Other Current Assets,1849033.65
SME1099,2021,BalanceSheet,Net Fixed Assets,62065652.35
SME1099,2021,BalanceSheet,Total Assets,99046325.42
SME1099,2021,BalanceSheet,Short Term Loan,26656777.88
SME1099,2021,BalanceSheet,Accounts Payable,17355067.52
SME1099,2021,BalanceSheet,Other Current Liabilities,3698067.31
SME1099,2021,BalanceSheet,Long Term Loan,38172896.83
SME1099,2021,BalanceSheet,Total Liabilities,64829674.71
SME1099,2021,BalanceSheet,Share Capital,13686660.28
SME1099,2021,BalanceSheet,Retained Earnings,20529990.42
SME1099,2021,BalanceSheet,Total Equity,34216650.71
SME1100,2023,IncomeStatement,Revenue,498731319.89
SME1100,2023,IncomeStatement,Cost of Goods Sold,359551135.4
SME1100,2023,IncomeStatement,Gross Profit,139180184.48
SME1100,2023,IncomeStatement,Operating Expenses,61173214.11
SME1100,2023,IncomeStatement,EBITDA,78006970.37
SME1100,2023,IncomeStatement,Depreciation,12038671.18
SME1100,2023,IncomeStatement,EBIT,65968299.19
SME1100,2023,IncomeStatement,Interest Expense,60297088.21
SME1100,2023,IncomeStatement,Profit Before Tax,5671210.98
SME1100,2023,IncomeStatement,Tax,1417802.74
SME1100,2023,IncomeStatement,Net Profit,4253408.23
SME1100,2023,BalanceSheet,Cash & Cash Equivalents,12105060.16
SME1100,2023,BalanceSheet,Accounts Receivable,29048126.04
SME1100,2023,BalanceSheet,Inventory,17871667.27
SME1100,2023,BalanceSheet,Other Current Assets,2951242.67
SME1100,2023,BalanceSheet,Net Fixed Assets,66772397.86
SME1100,2023,BalanceSheet,Total Assets,125797251.33
SME1100,2023,BalanceSheet,Short Term Loan,35213979.95
SME1100,2023,BalanceSheet,Accounts Payable,24360814.1
SME1100,2023,BalanceSheet,Other Current Liabilities,5902485.35
SME1100,2023,BalanceSheet,Long Term Loan,51596654.81
SME1100,2023,BalanceSheet,Total Liabilities,86810634.76
SME1100,2023,BalanceSheet,Share Capital,15594646.63
SME1100,2023,BalanceSheet,Retained Earnings,23391969.95
SME1100,2023,BalanceSheet,Total Equity,38986616.58
SME1100,2022,IncomeStatement,Revenue,461631812.74
SME1100,2022,IncomeStatement,Cost of Goods Sold,290013284.84
SME1100,2022,IncomeStatement,Gross Profit,171618527.91
SME1100,2022,IncomeStatement,Operating Expenses,85397592.65
SME1100,2022,IncomeStatement,EBITDA,86220935.26
SME1100,2022,IncomeStatement,Depreciation,11835171.21
SME1100,2022,IncomeStatement,EBIT,74385764.05
SME1100,2022,IncomeStatement,Interest Expense,66646240.89
SME1100,2022,IncomeStatement,Profit Before Tax,7739523.16
SME1100,2022,IncomeStatement,Tax,1934880.79
SME1100,2022,IncomeStatement,Net Profit,5804642.37
SME1100,2022,BalanceSheet,Cash & Cash Equivalents,10615162.11
SME1100,2022,BalanceSheet,Accounts Receivable,30720679.83
SME1100,2022,BalanceSheet,Inventory,31192922.82
SME1100,2022,BalanceSheet,Other Current Assets,3626438.24
SME1100,2022,BalanceSheet,Net Fixed Assets,53268486.56
SME1100,2022,BalanceSheet,Total Assets,125797251.33
SME1100,2022,BalanceSheet,Short Term Loan,43270356.77
SME1100,2022,BalanceSheet,Accounts Payable,23067880.64
SME1100,2022,BalanceSheet,Other Current Liabilities,7252876.48
SME1100,2022,BalanceSheet,Long Term Loan,43540277.98
SME1100,2022,BalanceSheet,Total Liabilities,86810634.76
SME1100,2022,BalanceSheet,Share Capital,15594646.63
SME1100,2022,BalanceSheet,Retained Earnings,23391969.95
SME1100,2022,BalanceSheet,Total Equity,38986616.58
SME1100,2021,IncomeStatement,Revenue,407405005.38
SME1100,2021,IncomeStatement,Cost of Goods Sold,257814581.94
SME1100,2021,IncomeStatement,Gross Profit,149590423.44
SME1100,2021,IncomeStatement,Operating Expenses,60627458.26
SME1100,2021,IncomeStatement,EBITDA,88962965.18
SME1100,2021,IncomeStatement,Depreciation,6294161.66
SME1100,2021,IncomeStatement,EBIT,82668803.51
SME1100,2021,IncomeStatement,Interest Expense,68765749.18
SME1100,2021,IncomeStatement,Profit Before Tax,13903054.33
SME1100,2021,IncomeStatement,Tax,3475763.58
SME1100,2021,IncomeStatement,Net Profit,10427290.75
SME1100,2021,BalanceSheet,Cash & Cash Equivalents,11057809.85
SME1100,2021,BalanceSheet,Accounts Receivable,31382917.25
SME1100,2021,BalanceSheet,Inventory,42475867.39
SME1100,2021,BalanceSheet,Other Current Assets,4245829.72
SME1100,2021,BalanceSheet,Net Fixed Assets,40880656.84
SME1100,2021,BalanceSheet,Total Assets,125797251.33
SME1100,2021,BalanceSheet,Short Term Loan,50660884.01
SME1100,2021,BalanceSheet,Accounts Payable,37650958.79
SME1100,2021,BalanceSheet,Other Current Liabilities,8491659.45
SME1100,2021,BalanceSheet,Long Term Loan,36149750.75
SME1100,2021,BalanceSheet,Total Liabilities,86810634.76
SME1100,2021,BalanceSheet,Share Capital,15594646.63
SME1100,2021,BalanceSheet,Retained Earnings,23391969.95
SME1100,2021,BalanceSheet,Total Equity,38986616.58
SME1101,2023,IncomeStatement,Revenue,269938794.4
SME1101,2023,IncomeStatement,Cost of Goods Sold,193318010.5
SME1101,2023,IncomeStatement,Gross Profit,76620783.89
SME1101,2023,IncomeStatement,Operating Expenses,35957841.0
SME1101,2023,IncomeStatement,EBITDA,40662942.89
SME1101,2023,IncomeStatement,Depreciation,11999304.04
SME1101,2023,IncomeStatement,EBIT,28663638.85
SME1101,2023,IncomeStatement,Interest Expense,20291588.23
SME1101,2023,IncomeStatement,Profit Before Tax,8372050.63
SME1101,2023,IncomeStatement,Tax,2093012.66
SME1101,2023,IncomeStatement,Net Profit,6279037.97
SME1101,2023,BalanceSheet,Cash & Cash Equivalents,6979799.79
SME1101,2023,BalanceSheet,Accounts Receivable,21975939.73
SME1101,2023,BalanceSheet,Inventory,15775493.83
SME1101,2023,BalanceSheet,Other Current Assets,2236561.67
SME1101,2023,BalanceSheet,Net Fixed Assets,84247118.32
SME1101,2023,BalanceSheet,Total Assets,128978351.67
SME1101,2023,BalanceSheet,Short Term Loan,36607546.65
SME1101,2023,BalanceSheet,Accounts Payable,16958465.49
SME1101,2023,BalanceSheet,Other Current Liabilities,4473123.34
SME1101,2023,BalanceSheet,Long Term Loan,25217854.8
SME1101,2023,BalanceSheet,Total Liabilities,61825401.45
SME1101,2023,BalanceSheet,Share Capital,26861180.09
SME1101,2023,BalanceSheet,Retained Earnings,40291770.13
SME1101,2023,BalanceSheet,Total Equity,67152950.22
SME1101,2022,IncomeStatement,Revenue,174498801.18
SME1101,2022,IncomeStatement,Cost of Goods Sold,112597929.34
SME1101,2022,IncomeStatement,Gross Profit,61900871.84
SME1101,2022,IncomeStatement,Operating Expenses,20259557.0
SME1101,2022,IncomeStatement,EBITDA,41641314.83
SME1101,2022,IncomeStatement,Depreciation,7464647.16
SME1101,2022,IncomeStatement,EBIT,34176667.67
SME1101,2022,IncomeStatement,Interest Expense,20779814.59
SME1101,2022,IncomeStatement,Profit Before Tax,13396853.08
SME1101,2022,IncomeStatement,Tax,3349213.27
SME1101,2022,IncomeStatement,Net Profit,10047639.81
SME1101,2022,BalanceSheet,Cash & Cash Equivalents,9746916.73
SME1101,2022,BalanceSheet,Accounts Receivable,22013093.49
SME1101,2022,BalanceSheet,Inventory,12791950.94
SME1101,2022,BalanceSheet,Other Current Assets,2227598.06
SME1101,2022,BalanceSheet,Net Fixed Assets,84426390.51
SME1101,2022,BalanceSheet,Total Assets,128978351.67
SME1101,2022,BalanceSheet,Short Term Loan,36460832.27
SME1101,2022,BalanceSheet,Accounts Payable,19150039.15
SME1101,2022,BalanceSheet,Other Current Liabilities,4455196.12
SME1101,2022,BalanceSheet,Long Term Loan,25364569.18
SME1101,2022,BalanceSheet,Total Liabilities,61825401.45
SME1101,2022,BalanceSheet,Share Capital,26861180.09
SME1101,2022,BalanceSheet,Retained Earnings,40291770.13
SME1101,2022,BalanceSheet,Total Equity,67152950.22
SME1101,2021,IncomeStatement,Revenue,182570271.73
SME1101,2021,IncomeStatement,Cost of Goods Sold,136071711.11
SME1101,2021,IncomeStatement,Gross Profit,46498560.62
SME1101,2021,IncomeStatement,Operating Expenses,20399480.23
SME1101,2021,IncomeStatement,EBITDA,26099080.39
SME1101,2021,IncomeStatement,Depreciation,12438963.78
SME1101,2021,IncomeStatement,EBIT,13660116.6
SME1101,2021,IncomeStatement,Interest Expense,13023941.57
SME1101,2021,IncomeStatement,Profit Before Tax,636175.03
SME1101,2021,IncomeStatement,Tax,159043.76
SME1101,2021,IncomeStatement,Net Profit,477131.28
SME1101,2021,BalanceSheet,Cash & Cash Equivalents,5620917.86
SME1101,2021,BalanceSheet,Accounts Receivable,18458078.23
SME1101,2021,BalanceSheet,Inventory,18029805.24
SME1101,2021,BalanceSheet,Other Current Assets,2105440.07
SME1101,2021,BalanceSheet,Net Fixed Assets,86869550.35
SME1101,2021,BalanceSheet,Total Assets,128978351.67
SME1101,2021,BalanceSheet,Short Term Loan,34461377.28
SME1101,2021,BalanceSheet,Accounts Payable,14109409.79
SME1101,2021,BalanceSheet,Other Current Liabilities,4210880.13
SME1101,2021,BalanceSheet,Long Term Loan,27364024.17
SME1101,2021,BalanceSheet,Total Liabilities,61825401.45
SME1101,2021,BalanceSheet,Share Capital,26861180.09
SME1101,2021,BalanceSheet,Retained Earnings,40291770.13
SME1101,2021,BalanceSheet,Total Equity,67152950.22
SME1102,2023,IncomeStatement,Revenue,83533134.14
SME1102,2023,IncomeStatement,Cost of Goods Sold,55026634.67
SME1102,2023,IncomeStatement,Gross Profit,28506499.47
SME1102,2023,IncomeStatement,Operating Expenses,14220656.15
SME1102,2023,IncomeStatement,EBITDA,14285843.32
SME1102,2023,IncomeStatement,Depreciation,7071209.31
SME1102,2023,IncomeStatement,EBIT,7214634.01
SME1102,2023,IncomeStatement,Interest Expense,7311415.82
SME1102,2023,IncomeStatement,Profit Before Tax,-96781.81
SME1102,2023,IncomeStatement,Tax,0.0
SME1102,2023,IncomeStatement,Net Profit,-96781.81
SME1102,2023,BalanceSheet,Cash & Cash Equivalents,4634530.74
SME1102,2023,BalanceSheet,Accounts Receivable,11884812.73
SME1102,2023,BalanceSheet,Inventory,7827011.47
SME1102,2023,BalanceSheet,Other Current Assets,1217317.75
SME1102,2023,BalanceSheet,Net Fixed Assets,47618504.62
SME1102,2023,BalanceSheet,Total Assets,71964859.56
SME1102,2023,BalanceSheet,Short Term Loan,14465489.06
SME1102,2023,BalanceSheet,Accounts Payable,12015080.45
SME1102,2023,BalanceSheet,Other Current Liabilities,2434635.49
SME1102,2023,BalanceSheet,Long Term Loan,21122022.97
SME1102,2023,BalanceSheet,Total Liabilities,35587512.03
SME1102,2023,BalanceSheet,Share Capital,14550939.01
SME1102,2023,BalanceSheet,Retained Earnings,21826408.52
SME1102,2023,BalanceSheet,Total Equity,36377347.53
SME1102,2022,IncomeStatement,Revenue,55766198.49
SME1102,2022,IncomeStatement,Cost of Goods Sold,38190507.18
SME1102,2022,IncomeStatement,Gross Profit,17575691.3
SME1102,2022,IncomeStatement,Operating Expenses,8565294.49
SME1102,2022,IncomeStatement,EBITDA,9010396.81
SME1102,2022,IncomeStatement,Depreciation,4104311.99
SME1102,2022,IncomeStatement,EBIT,4906084.82
SME1102,2022,IncomeStatement,Interest Expense,4611471.39
SME1102,2022,IncomeStatement,Profit Before Tax,294613.43
SME1102,2022,IncomeStatement,Tax,73653.36
SME1102,2022,IncomeStatement,Net Profit,220960.07
SME1102,2022,BalanceSheet,Cash & Cash Equivalents,4462754.6
SME1102,2022,BalanceSheet,Accounts Receivable,16356610.22
SME1102,2022,BalanceSheet,Inventory,12067700.05
SME1102,2022,BalanceSheet,Other Current Assets,1644353.24
SME1102,2022,BalanceSheet,Net Fixed Assets,39077794.69
SME1102,2022,BalanceSheet,Total Assets,71964859.56
SME1102,2022,BalanceSheet,Short Term Loan,19539987.75
SME1102,2022,BalanceSheet,Accounts Payable,10970384.34
SME1102,2022,BalanceSheet,Other Current Liabilities,3288706.49
SME1102,2022,BalanceSheet,Long Term Loan,16047524.29
SME1102,2022,BalanceSheet,Total Liabilities,35587512.03
SME1102,2022,BalanceSheet,Share Capital,14550939.01
SME1102,2022,BalanceSheet,Retained Earnings,21826408.52
SME1102,2022,BalanceSheet,Total Equity,36377347.53
SME1102,2021,IncomeStatement,Revenue,63590234.03
SME1102,2021,IncomeStatement,Cost of Goods Sold,39000456.61
SME1102,2021,IncomeStatement,Gross Profit,24589777.43
SME1102,2021,IncomeStatement,Operating Expenses,10863595.54
SME1102,2021,IncomeStatement,EBITDA,13726181.89
SME1102,2021,IncomeStatement,Depreciation,5897889.74
SME1102,2021,IncomeStatement,EBIT,7828292.15
SME1102,2021,IncomeStatement,Interest Expense,7024984.19
SME1102,2021,IncomeStatement,Profit Before Tax,803307.97
SME1102,2021,IncomeStatement,Tax,200826.99
SME1102,2021,IncomeStatement,Net Profit,602480.97
SME1102,2021,BalanceSheet,Cash & Cash Equivalents,5774644.48
SME1102,2021,BalanceSheet,Accounts Receivable,13478598.6
SME1102,2021,BalanceSheet,Inventory,15326607.27
SME1102,2021,BalanceSheet,Other Current Assets,1728992.52
SME1102,2021,BalanceSheet,Net Fixed Assets,37385009.22
SME1102,2021,BalanceSheet,Total Assets,71964859.56
SME1102,2021,BalanceSheet,Short Term Loan,20545763.34
SME1102,2021,BalanceSheet,Accounts Payable,12099772.24
SME1102,2021,BalanceSheet,Other Current Liabilities,3457985.03
SME1102,2021,BalanceSheet,Long Term Loan,15041748.69
SME1102,2021,BalanceSheet,Total Liabilities,35587512.03
SME1102,2021,BalanceSheet,Share Capital,14550939.01
SME1102,2021,BalanceSheet,Retained Earnings,21826408.52
SME1102,2021,BalanceSheet,Total Equity,36377347.53
SME1103,2023,IncomeStatement,Revenue,106140992.16
SME1103,2023,IncomeStatement,Cost of Goods Sold,79113809.68
SME1103,2023,IncomeStatement,Gross Profit,27027182.48
SME1103,2023,IncomeStatement,Operating Expenses,12889544.4
SME1103,2023,IncomeStatement,EBITDA,14137638.09
SME1103,2023,IncomeStatement,Depreciation,7412976.23
SME1103,2023,IncomeStatement,EBIT,6724661.86
SME1103,2023,IncomeStatement,Interest Expense,9273435.48
SME1103,2023,IncomeStatement,Profit Before Tax,-2548773.62
SME1103,2023,IncomeStatement,Tax,0.0
SME1103,2023,IncomeStatement,Net Profit,-2548773.62
SME1103,2023,BalanceSheet,Cash & Cash Equivalents,4265545.68
SME1103,2023,BalanceSheet,Accounts Receivable,8564086.97
SME1103,2023,BalanceSheet,Inventory,10619852.63
SME1103,2023,BalanceSheet,Other Current Assets,1172474.26
SME1103,2023,BalanceSheet,Net Fixed Assets,75848158.94
SME1103,2023,BalanceSheet,Total Assets,99297644.22
SME1103,2023,BalanceSheet,Short Term Loan,23425475.9
SME1103,2023,BalanceSheet,Accounts Payable,9283600.81
SME1103,2023,BalanceSheet,Other Current Liabilities,2344948.53
SME1103,2023,BalanceSheet,Long Term Loan,25814344.3
SME1103,2023,BalanceSheet,Total Liabilities,49239820.2
SME1103,2023,BalanceSheet,Share Capital,20023129.61
SME1103,2023,BalanceSheet,Retained Earnings,30034694.41
SME1103,2023,BalanceSheet,Total Equity,50057824.01
SME1103,2022,IncomeStatement,Revenue,101496206.56
SME1103,2022,IncomeStatement,Cost of Goods Sold,70808365.12
SME1103,2022,IncomeStatement,Gross Profit,30687841.44
SME1103,2022,IncomeStatement,Operating Expenses,13423846.34
SME1103,2022,IncomeStatement,EBITDA,17263995.1
SME1103,2022,IncomeStatement,Depreciation,5772452.63
SME1103,2022,IncomeStatement,EBIT,11491542.47
SME1103,2022,IncomeStatement,Interest Expense,11324136.59
SME1103,2022,IncomeStatement,Profit Before Tax,167405.88
SME1103,2022,IncomeStatement,Tax,41851.47
SME1103,2022,IncomeStatement,Net Profit,125554.41
SME1103,2022,BalanceSheet,Cash & Cash Equivalents,4637730.82
SME1103,2022,BalanceSheet,Accounts Receivable,8059272.52
SME1103,2022,BalanceSheet,Inventory,7745743.01
SME1103,2022,BalanceSheet,Other Current Assets,1022137.32
SME1103,2022,BalanceSheet,Net Fixed Assets,78854897.87
SME1103,2022,BalanceSheet,Total Assets,99297644.22
SME1103,2022,BalanceSheet,Short Term Loan,20421815.5
SME1103,2022,BalanceSheet,Accounts Payable,7435913.69
SME1103,2022,BalanceSheet,Other Current Liabilities,2044274.63
SME1103,2022,BalanceSheet,Long Term Loan,28818004.7
SME1103,2022,BalanceSheet,Total Liabilities,49239820.2
SME1103,2022,BalanceSheet,Share Capital,20023129.61
SME1103,2022,BalanceSheet,Retained Earnings,30034694.41
SME1103,2022,BalanceSheet,Total Equity,50057824.01
SME1103,2021,IncomeStatement,Revenue,91805485.03
SME1103,2021,IncomeStatement,Cost of Goods Sold,56105091.6
SME1103,2021,IncomeStatement,Gross Profit,35700393.43
SME1103,2021,IncomeStatement,Operating Expenses,11924682.57
SME1103,2021,IncomeStatement,EBITDA,23775710.87
SME1103,2021,IncomeStatement,Depreciation,6828986.38
SME1103,2021,IncomeStatement,EBIT,16946724.49
SME1103,2021,IncomeStatement,Interest Expense,15595428.28
SME1103,2021,IncomeStatement,Profit Before Tax,1351296.21
SME1103,2021,IncomeStatement,Tax,337824.05
SME1103,2021,IncomeStatement,Net Profit,1013472.16
SME1103,2021,BalanceSheet,Cash & Cash Equivalents,4903169.49
SME1103,2021,BalanceSheet,Accounts Receivable,13054474.02
SME1103,2021,BalanceSheet,Inventory,8974422.48
SME1103,2021,BalanceSheet,Other Current Assets,1346603.3
SME1103,2021,BalanceSheet,Net Fixed Assets,72365578.22
SME1103,2021,BalanceSheet,Total Assets,99297644.22
SME1103,2021,BalanceSheet,Short Term Loan,26904490.88
SME1103,2021,BalanceSheet,Accounts Payable,8581120.1
SME1103,2021,BalanceSheet,Other Current Liabilities,2693206.6
SME1103,2021,BalanceSheet,Long Term Loan,22335329.32
SME1103,2021,BalanceSheet,Total Liabilities,49239820.2
SME1103,2021,BalanceSheet,Share Capital,20023129.61
SME1103,2021,BalanceSheet,Retained Earnings,30034694.41
SME1103,2021,BalanceSheet,Total Equity,50057824.01
SME1104,2023,IncomeStatement,Revenue,301403779.81
SME1104,2023,IncomeStatement,Cost of Goods Sold,221068517.71
SME1104,2023,IncomeStatement,Gross Profit,80335262.1
SME1104,2023,IncomeStatement,Operating Expenses,26624773.26
SME1104,2023,IncomeStatement,EBITDA,53710488.85
SME1104,2023,IncomeStatement,Depreciation,10774930.86
SME1104,2023,IncomeStatement,EBIT,42935557.99
SME1104,2023,IncomeStatement,Interest Expense,25137281.14
SME1104,2023,IncomeStatement,Profit Before Tax,17798276.85
SME1104,2023,IncomeStatement,Tax,4449569.21
SME1104,2023,IncomeStatement,Net Profit,13348707.64
SME1104,2023,BalanceSheet,Cash & Cash Equivalents,7029345.87
SME1104,2023,BalanceSheet,Accounts Receivable,24867356.36
SME1104,2023,BalanceSheet,Inventory,22807383.75
SME1104,2023,BalanceSheet,Other Current Assets,2735204.3
SME1104,2023,BalanceSheet,Net Fixed Assets,140979989.99
SME1104,2023,BalanceSheet,Total Assets,195684075.96
SME1104,2023,BalanceSheet,Short Term Loan,53380538.83
SME1104,2023,BalanceSheet,Accounts Payable,24310912.7
SME1104,2023,BalanceSheet,Other Current Liabilities,5470408.6
SME1104,2023,BalanceSheet,Long Term Loan,67633555.82
SME1104,2023,BalanceSheet,Total Liabilities,121014094.65
SME1104,2023,BalanceSheet,Share Capital,29867992.52
SME1104,2023,BalanceSheet,Retained Earnings,44801988.79
SME1104,2023,BalanceSheet,Total Equity,74669981.31
SME1104,2022,IncomeStatement,Revenue,381158731.23
SME1104,2022,IncomeStatement,Cost of Goods Sold,243861436.18
SME1104,2022,IncomeStatement,Gross Profit,137297295.05
SME1104,2022,IncomeStatement,Operating Expenses,48919659.81
SME1104,2022,IncomeStatement,EBITDA,88377635.24
SME1104,2022,IncomeStatement,Depreciation,12108424.63
SME1104,2022,IncomeStatement,EBIT,76269210.61
SME1104,2022,IncomeStatement,Interest Expense,41362004.16
SME1104,2022,IncomeStatement,Profit Before Tax,34907206.45
SME1104,2022,IncomeStatement,Tax,8726801.61
SME1104,2022,IncomeStatement,Net Profit,26180404.84
SME1104,2022,BalanceSheet,Cash & Cash Equivalents,9443747.8
SME1104,2022,BalanceSheet,Accounts Receivable,24197273.15
SME1104,2022,BalanceSheet,Inventory,17195917.35
SME1104,2022,BalanceSheet,Other Current Assets,2541846.91
SME1104,2022,BalanceSheet,Net Fixed Assets,144847137.66
SME1104,2022,BalanceSheet,Total Assets,195684075.96
SME1104,2022,BalanceSheet,Short Term Loan,49606955.5
SME1104,2022,BalanceSheet,Accounts Payable,16812689.89
SME1104,2022,BalanceSheet,Other Current Liabilities,5083693.83
SME1104,2022,BalanceSheet,Long Term Loan,71407139.15
SME1104,2022,BalanceSheet,Total Liabilities,121014094.65
SME1104,2022,BalanceSheet,Share Capital,29867992.52
SME1104,2022,BalanceSheet,Retained Earnings,44801988.79
SME1104,2022,BalanceSheet,Total Equity,74669981.31
SME1104,2021,IncomeStatement,Revenue,324347252.83
SME1104,2021,IncomeStatement,Cost of Goods Sold,215412274.34
SME1104,2021,IncomeStatement,Gross Profit,108934978.49
SME1104,2021,IncomeStatement,Operating Expenses,39097841.13
SME1104,2021,IncomeStatement,EBITDA,69837137.37
SME1104,2021,IncomeStatement,Depreciation,16261544.61
SME1104,2021,IncomeStatement,EBIT,53575592.76
SME1104,2021,IncomeStatement,Interest Expense,32684784.55
SME1104,2021,IncomeStatement,Profit Before Tax,20890808.21
SME1104,2021,IncomeStatement,Tax,5222702.05
SME1104,2021,IncomeStatement,Net Profit,15668106.16
SME1104,2021,BalanceSheet,Cash & Cash Equivalents,8380935.02
SME1104,2021,BalanceSheet,Accounts Receivable,22821491.24
SME1104,2021,BalanceSheet,Inventory,33290504.33
SME1104,2021,BalanceSheet,Other Current Assets,3224646.53
SME1104,2021,BalanceSheet,Net Fixed Assets,131191145.37
SME1104,2021,BalanceSheet,Total Assets,195684075.96
SME1104,2021,BalanceSheet,Short Term Loan,62932545.6
SME1104,2021,BalanceSheet,Accounts Payable,21551372.91
SME1104,2021,BalanceSheet,Other Current Liabilities,6449293.06
SME1104,2021,BalanceSheet,Long Term Loan,58081549.05
SME1104,2021,BalanceSheet,Total Liabilities,121014094.65
SME1104,2021,BalanceSheet,Share Capital,29867992.52
SME1104,2021,BalanceSheet,Retained Earnings,44801988.79
SME1104,2021,BalanceSheet,Total Equity,74669981.31
SME1105,2023,IncomeStatement,Revenue,333743916.26
SME1105,2023,IncomeStatement,Cost of Goods Sold,233339064.26
SME1105,2023,IncomeStatement,Gross Profit,100404852.0
SME1105,2023,IncomeStatement,Operating Expenses,31951572.54
SME1105,2023,IncomeStatement,EBITDA,68453279.46
SME1105,2023,IncomeStatement,Depreciation,6707007.35
SME1105,2023,IncomeStatement,EBIT,61746272.12
SME1105,2023,IncomeStatement,Interest Expense,48983813.13
SME1105,2023,IncomeStatement,Profit Before Tax,12762458.98
SME1105,2023,IncomeStatement,Tax,3190614.75
SME1105,2023,IncomeStatement,Net Profit,9571844.24
SME1105,2023,BalanceSheet,Cash & Cash Equivalents,7496913.93
SME1105,2023,BalanceSheet,Accounts Receivable,13054182.57
SME1105,2023,BalanceSheet,Inventory,11648835.74
SME1105,2023,BalanceSheet,Other Current Assets,1609996.61
SME1105,2023,BalanceSheet,Net Fixed Assets,54671310.37
SME1105,2023,BalanceSheet,Total Assets,86871242.62
SME1105,2023,BalanceSheet,Short Term Loan,27172662.52
SME1105,2023,BalanceSheet,Accounts Payable,12530766.38
SME1105,2023,BalanceSheet,Other Current Liabilities,3219993.22
SME1105,2023,BalanceSheet,Long Term Loan,35010723.62
SME1105,2023,BalanceSheet,Total Liabilities,62183386.14
SME1105,2023,BalanceSheet,Share Capital,9875142.59
SME1105,2023,BalanceSheet,Retained Earnings,14812713.89
SME1105,2023,BalanceSheet,Total Equity,24687856.48
SME1105,2022,IncomeStatement,Revenue,291649193.58
SME1105,2022,IncomeStatement,Cost of Goods Sold,195334582.83
SME1105,2022,IncomeStatement,Gross Profit,96314610.75
SME1105,2022,IncomeStatement,Operating Expenses,33252470.66
SME1105,2022,IncomeStatement,EBITDA,63062140.09
SME1105,2022,IncomeStatement,Depreciation,5510077.83
SME1105,2022,IncomeStatement,EBIT,57552062.26
SME1105,2022,IncomeStatement,Interest Expense,45126020.41
SME1105,2022,IncomeStatement,Profit Before Tax,12426041.85
SME1105,2022,IncomeStatement,Tax,3106510.46
SME1105,2022,IncomeStatement,Net Profit,9319531.38
SME1105,2022,BalanceSheet,Cash & Cash Equivalents,6466710.61
SME1105,2022,BalanceSheet,Accounts Receivable,13676292.94
SME1105,2022,BalanceSheet,Inventory,10240638.08
SME1105,2022,BalanceSheet,Other Current Assets,1519182.08
SME1105,2022,BalanceSheet,Net Fixed Assets,56487600.98
SME1105,2022,BalanceSheet,Total Assets,86871242.62
SME1105,2022,BalanceSheet,Short Term Loan,25639943.4
SME1105,2022,BalanceSheet,Accounts Payable,9635912.54
SME1105,2022,BalanceSheet,Other Current Liabilities,3038364.16
SME1105,2022,BalanceSheet,Long Term Loan,36543442.74
SME1105,2022,BalanceSheet,Total Liabilities,62183386.14
SME1105,2022,BalanceSheet,Share Capital,9875142.59
SME1105,2022,BalanceSheet,Retained Earnings,14812713.89
SME1105,2022,BalanceSheet,Total Equity,24687856.48
SME1105,2021,IncomeStatement,Revenue,295546111.63
SME1105,2021,IncomeStatement,Cost of Goods Sold,201331139.23
SME1105,2021,IncomeStatement,Gross Profit,94214972.4
SME1105,2021,IncomeStatement,Operating Expenses,46555490.8
SME1105,2021,IncomeStatement,EBITDA,47659481.6
SME1105,2021,IncomeStatement,Depreciation,6905075.57
SME1105,2021,IncomeStatement,EBIT,40754406.03
SME1105,2021,IncomeStatement,Interest Expense,34104182.58
SME1105,2021,IncomeStatement,Profit Before Tax,6650223.45
SME1105,2021,IncomeStatement,Tax,1662555.86
SME1105,2021,IncomeStatement,Net Profit,4987667.59
SME1105,2021,BalanceSheet,Cash & Cash Equivalents,8509782.9
SME1105,2021,BalanceSheet,Accounts Receivable,17791876.79
SME1105,2021,BalanceSheet,Inventory,11332335.05
SME1105,2021,BalanceSheet,Other Current Assets,1881699.74
SME1105,2021,BalanceSheet,Net Fixed Assets,49237247.88
SME1105,2021,BalanceSheet,Total Assets,86871242.62
SME1105,2021,BalanceSheet,Short Term Loan,31758322.68
SME1105,2021,BalanceSheet,Accounts Payable,14441157.88
SME1105,2021,BalanceSheet,Other Current Liabilities,3763399.47
SME1105,2021,BalanceSheet,Long Term Loan,30425063.46
SME1105,2021,BalanceSheet,Total Liabilities,62183386.14
SME1105,2021,BalanceSheet,Share Capital,9875142.59
SME1105,2021,BalanceSheet,Retained Earnings,14812713.89
SME1105,2021,BalanceSheet,Total Equity,24687856.48
SME1106,2023,IncomeStatement,Revenue,262128855.86
SME1106,2023,IncomeStatement,Cost of Goods Sold,192773906.75
SME1106,2023,IncomeStatement,Gross Profit,69354949.11
SME1106,2023,IncomeStatement,Operating Expenses,30714611.82
SME1106,2023,IncomeStatement,EBITDA,38640337.3
SME1106,2023,IncomeStatement,Depreciation,19832349.64
SME1106,2023,IncomeStatement,EBIT,18807987.66
SME1106,2023,IncomeStatement,Interest Expense,23794944.71
SME1106,2023,IncomeStatement,Profit Before Tax,-4986957.05
SME1106,2023,IncomeStatement,Tax,0.0
SME1106,2023,IncomeStatement,Net Profit,-4986957.05
SME1106,2023,BalanceSheet,Cash & Cash Equivalents,35437203.48
SME1106,2023,BalanceSheet,Accounts Receivable,72725453.72
SME1106,2023,BalanceSheet,Inventory,52866096.93
SME1106,2023,BalanceSheet,Other Current Assets,8051437.71
SME1106,2023,BalanceSheet,Net Fixed Assets,103032629.57
SME1106,2023,BalanceSheet,Total Assets,264061383.7
SME1106,2023,BalanceSheet,Short Term Loan,94427123.25
SME1106,2023,BalanceSheet,Accounts Payable,68284987.6
SME1106,2023,BalanceSheet,Other Current Liabilities,16102875.41
SME1106,2023,BalanceSheet,Long Term Loan,68352718.62
SME1106,2023,BalanceSheet,Total Liabilities,162779841.87
SME1106,2023,BalanceSheet,Share Capital,40512616.73
SME1106,2023,BalanceSheet,Retained Earnings,60768925.1
SME1106,2023,BalanceSheet,Total Equity,101281541.83
SME1106,2022,IncomeStatement,Revenue,276079107.68
SME1106,2022,IncomeStatement,Cost of Goods Sold,197004064.01
SME1106,2022,IncomeStatement,Gross Profit,79075043.67
SME1106,2022,IncomeStatement,Operating Expenses,26456595.57
SME1106,2022,IncomeStatement,EBITDA,52618448.11
SME1106,2022,IncomeStatement,Depreciation,26199747.86
SME1106,2022,IncomeStatement,EBIT,26418700.24
SME1106,2022,IncomeStatement,Interest Expense,32402746.75
SME1106,2022,IncomeStatement,Profit Before Tax,-5984046.5
SME1106,2022,IncomeStatement,Tax,0.0
SME1106,2022,IncomeStatement,Net Profit,-5984046.5
SME1106,2022,BalanceSheet,Cash & Cash Equivalents,36511609.27
SME1106,2022,BalanceSheet,Accounts Receivable,60876782.28
SME1106,2022,BalanceSheet,Inventory,67621580.09
SME1106,2022,BalanceSheet,Other Current Assets,8250498.58
SME1106,2022,BalanceSheet,Net Fixed Assets,99051412.06
SME1106,2022,BalanceSheet,Total Assets,264061383.7
SME1106,2022,BalanceSheet,Short Term Loan,96761705.78
SME1106,2022,BalanceSheet,Accounts Payable,63475207.52
SME1106,2022,BalanceSheet,Other Current Liabilities,16500997.16
SME1106,2022,BalanceSheet,Long Term Loan,66018136.09
SME1106,2022,BalanceSheet,Total Liabilities,162779841.87
SME1106,2022,BalanceSheet,Share Capital,40512616.73
SME1106,2022,BalanceSheet,Retained Earnings,60768925.1
SME1106,2022,BalanceSheet,Total Equity,101281541.83
SME1106,2021,IncomeStatement,Revenue,333946643.89
SME1106,2021,IncomeStatement,Cost of Goods Sold,222177703.3
SME1106,2021,IncomeStatement,Gross Profit,111768940.59
SME1106,2021,IncomeStatement,Operating Expenses,55823427.17
SME1106,2021,IncomeStatement,EBITDA,55945513.42
SME1106,2021,IncomeStatement,Depreciation,21484380.26
SME1106,2021,IncomeStatement,EBIT,34461133.16
SME1106,2021,IncomeStatement,Interest Expense,34451572.94
SME1106,2021,IncomeStatement,Profit Before Tax,9560.22
SME1106,2021,IncomeStatement,Tax,2390.06
SME1106,2021,IncomeStatement,Net Profit,7170.17
SME1106,2021,BalanceSheet,Cash & Cash Equivalents,21821107.54
SME1106,2021,BalanceSheet,Accounts Receivable,76567463.62
SME1106,2021,BalanceSheet,Inventory,58956703.89
SME1106,2021,BalanceSheet,Other Current Assets,7867263.75
SME1106,2021,BalanceSheet,Net Fixed Assets,106716108.65
SME1106,2021,BalanceSheet,Total Assets,264061383.7
SME1106,2021,BalanceSheet,Short Term Loan,92267134.28
SME1106,2021,BalanceSheet,Accounts Payable,75971772.42
SME1106,2021,BalanceSheet,Other Current Liabilities,15734527.51
SME1106,2021,BalanceSheet,Long Term Loan,70512707.59
SME1106,2021,BalanceSheet,Total Liabilities,162779841.87
SME1106,2021,BalanceSheet,Share Capital,40512616.73
SME1106,2021,BalanceSheet,Retained Earnings,60768925.1
SME1106,2021,BalanceSheet,Total Equity,101281541.83
SME1107,2023,IncomeStatement,Revenue,144942213.34
SME1107,2023,IncomeStatement,Cost of Goods Sold,105955647.81
SME1107,2023,IncomeStatement,Gross Profit,38986565.53
SME1107,2023,IncomeStatement,Operating Expenses,17828951.26
SME1107,2023,IncomeStatement,EBITDA,21157614.27
SME1107,2023,IncomeStatement,Depreciation,18230561.49
SME1107,2023,IncomeStatement,EBIT,2927052.78
SME1107,2023,IncomeStatement,Interest Expense,16578593.22
SME1107,2023,IncomeStatement,Profit Before Tax,-13651540.45
SME1107,2023,IncomeStatement,Tax,0.0
SME1107,2023,IncomeStatement,Net Profit,-13651540.45
SME1107,2023,BalanceSheet,Cash & Cash Equivalents,13948362.79
SME1107,2023,BalanceSheet,Accounts Receivable,35283408.31
SME1107,2023,BalanceSheet,Inventory,36373003.45
SME1107,2023,BalanceSheet,Other Current Assets,4280238.73
SME1107,2023,BalanceSheet,Net Fixed Assets,139039844.31
SME1107,2023,BalanceSheet,Total Assets,224644618.86
SME1107,2023,BalanceSheet,Short Term Loan,71595288.85
SME1107,2023,BalanceSheet,Accounts Payable,28218753.45
SME1107,2023,BalanceSheet,Other Current Liabilities,8560477.45
SME1107,2023,BalanceSheet,Long Term Loan,70314580.07
SME1107,2023,BalanceSheet,Total Liabilities,141909868.91
SME1107,2023,BalanceSheet,Share Capital,33093899.98
SME1107,2023,BalanceSheet,Retained Earnings,49640849.97
SME1107,2023,BalanceSheet,Total Equity,82734749.94
SME1107,2022,IncomeStatement,Revenue,146170275.78
SME1107,2022,IncomeStatement,Cost of Goods Sold,104330000.26
SME1107,2022,IncomeStatement,Gross Profit,41840275.52
SME1107,2022,IncomeStatement,Operating Expenses,20415125.51
SME1107,2022,IncomeStatement,EBITDA,21425150.01
SME1107,2022,IncomeStatement,Depreciation,21621237.72
SME1107,2022,IncomeStatement,EBIT,-196087.7
SME1107,2022,IncomeStatement,Interest Expense,16788227.75
SME1107,2022,IncomeStatement,Profit Before Tax,-16984315.45
SME1107,2022,IncomeStatement,Tax,0.0
SME1107,2022,IncomeStatement,Net Profit,-16984315.45
SME1107,2022,BalanceSheet,Cash & Cash Equivalents,10014048.46
SME1107,2022,BalanceSheet,Accounts Receivable,34170283.15
SME1107,2022,BalanceSheet,Inventory,42782000.46
SME1107,2022,BalanceSheet,Other Current Assets,4348316.6
SME1107,2022,BalanceSheet,Net Fixed Assets,137678286.79
SME1107,2022,BalanceSheet,Total Assets,224644618.86
SME1107,2022,BalanceSheet,Short Term Loan,72734023.28
SME1107,2022,BalanceSheet,Accounts Payable,35406315.46
SME1107,2022,BalanceSheet,Other Current Liabilities,8696633.21
SME1107,2022,BalanceSheet,Long Term Loan,69175845.64
SME1107,2022,BalanceSheet,Total Liabilities,141909868.91
SME1107,2022,BalanceSheet,Share Capital,33093899.98
SME1107,2022,BalanceSheet,Retained Earnings,49640849.97
SME1107,2022,BalanceSheet,Total Equity,82734749.94
SME1107,2021,IncomeStatement,Revenue,130656324.46
SME1107,2021,IncomeStatement,Cost of Goods Sold,86446601.98
SME1107,2021,IncomeStatement,Gross Profit,44209722.48
SME1107,2021,IncomeStatement,Operating Expenses,16649765.87
SME1107,2021,IncomeStatement,EBITDA,27559956.61
SME1107,2021,IncomeStatement,Depreciation,16686431.47
SME1107,2021,IncomeStatement,EBIT,10873525.14
SME1107,2021,IncomeStatement,Interest Expense,21595313.35
SME1107,2021,IncomeStatement,Profit Before Tax,-10721788.22
SME1107,2021,IncomeStatement,Tax,0.0
SME1107,2021,IncomeStatement,Net Profit,-10721788.22
SME1107,2021,BalanceSheet,Cash & Cash Equivalents,9351245.62
SME1107,2021,BalanceSheet,Accounts Receivable,34645530.56
SME1107,2021,BalanceSheet,Inventory,44540043.09
SME1107,2021,BalanceSheet,Other Current Assets,4426840.96
SME1107,2021,BalanceSheet,Net Fixed Assets,136107799.59
SME1107,2021,BalanceSheet,Total Assets,224644618.86
SME1107,2021,BalanceSheet,Short Term Loan,74047495.4
SME1107,2021,BalanceSheet,Accounts Payable,29108297.36
SME1107,2021,BalanceSheet,Other Current Liabilities,8853681.93
SME1107,2021,BalanceSheet,Long Term Loan,67862373.52
SME1107,2021,BalanceSheet,Total Liabilities,141909868.91
SME1107,2021,BalanceSheet,Share Capital,33093899.98
SME1107,2021,BalanceSheet,Retained Earnings,49640849.97
SME1107,2021,BalanceSheet,Total Equity,82734749.94
SME1108,2023,IncomeStatement,Revenue,192892234.99
SME1108,2023,IncomeStatement,Cost of Goods Sold,137312743.42
SME1108,2023,IncomeStatement,Gross Profit,55579491.57
SME1108,2023,IncomeStatement,Operating Expenses,26909755.51
SME1108,2023,IncomeStatement,EBITDA,28669736.07
SME1108,2023,IncomeStatement,Depreciation,6870052.86
SME1108,2023,IncomeStatement,EBIT,21799683.2
SME1108,2023,IncomeStatement,Interest Expense,22660325.22
SME1108,2023,IncomeStatement,Profit Before Tax,-860642.01
SME1108,2023,IncomeStatement,Tax,0.0
SME1108,2023,IncomeStatement,Net Profit,-860642.01
SME1108,2023,BalanceSheet,Cash & Cash Equivalents,5787883.73
SME1108,2023,BalanceSheet,Accounts Receivable,10282053.99
SME1108,2023,BalanceSheet,Inventory,9930415.47
SME1108,2023,BalanceSheet,Other Current Assets,1300017.66
SME1108,2023,BalanceSheet,Net Fixed Assets,46429159.59
SME1108,2023,BalanceSheet,Total Assets,72429512.79
SME1108,2023,BalanceSheet,Short Term Loan,17995975.37
SME1108,2023,BalanceSheet,Accounts Payable,9257928.36
SME1108,2023,BalanceSheet,Other Current Liabilities,2600035.32
SME1108,2023,BalanceSheet,Long Term Loan,26543383.12
SME1108,2023,BalanceSheet,Total Liabilities,44539358.49
SME1108,2023,BalanceSheet,Share Capital,11156061.72
SME1108,2023,BalanceSheet,Retained Earnings,16734092.58
SME1108,2023,BalanceSheet,Total Equity,27890154.3
SME1108,2022,IncomeStatement,Revenue,213572949.29
SME1108,2022,IncomeStatement,Cost of Goods Sold,150446643.08
SME1108,2022,IncomeStatement,Gross Profit,63126306.21
SME1108,2022,IncomeStatement,Operating Expenses,20177912.07
SME1108,2022,IncomeStatement,EBITDA,42948394.14
SME1108,2022,IncomeStatement,Depreciation,6768175.91
SME1108,2022,IncomeStatement,EBIT,36180218.22
SME1108,2022,IncomeStatement,Interest Expense,33946059.93
SME1108,2022,IncomeStatement,Profit Before Tax,2234158.3
SME1108,2022,IncomeStatement,Tax,558539.57
SME1108,2022,IncomeStatement,Net Profit,1675618.72
SME1108,2022,BalanceSheet,Cash & Cash Equivalents,6761146.86
SME1108,2022,BalanceSheet,Accounts Receivable,11440127.0
SME1108,2022,BalanceSheet,Inventory,9268221.22
SME1108,2022,BalanceSheet,Other Current Assets,1373474.75
SME1108,2022,BalanceSheet,Net Fixed Assets,44960017.71
SME1108,2022,BalanceSheet,Total Assets,72429512.79
SME1108,2022,BalanceSheet,Short Term Loan,19012832.37
SME1108,2022,BalanceSheet,Accounts Payable,12777838.51
SME1108,2022,BalanceSheet,Other Current Liabilities,2746949.51
SME1108,2022,BalanceSheet,Long Term Loan,25526526.11
SME1108,2022,BalanceSheet,Total Liabilities,44539358.49
SME1108,2022,BalanceSheet,Share Capital,11156061.72
SME1108,2022,BalanceSheet,Retained Earnings,16734092.58
SME1108,2022,BalanceSheet,Total Equity,27890154.3
SME1108,2021,IncomeStatement,Revenue,195091725.17
SME1108,2021,IncomeStatement,Cost of Goods Sold,129251371.67
SME1108,2021,IncomeStatement,Gross Profit,65840353.5
SME1108,2021,IncomeStatement,Operating Expenses,28252817.45
SME1108,2021,IncomeStatement,EBITDA,37587536.05
SME1108,2021,IncomeStatement,Depreciation,4302080.17
SME1108,2021,IncomeStatement,EBIT,33285455.89
SME1108,2021,IncomeStatement,Interest Expense,29708881.48
SME1108,2021,IncomeStatement,Profit Before Tax,3576574.4
SME1108,2021,IncomeStatement,Tax,894143.6
SME1108,2021,IncomeStatement,Net Profit,2682430.8
SME1108,2021,BalanceSheet,Cash & Cash Equivalents,6363647.93
SME1108,2021,BalanceSheet,Accounts Receivable,13124345.82
SME1108,2021,BalanceSheet,Inventory,8972553.75
SME1108,2021,BalanceSheet,Other Current Assets,1423027.38
SME1108,2021,BalanceSheet,Net Fixed Assets,43968965.28
SME1108,2021,BalanceSheet,Total Assets,72429512.79
SME1108,2021,BalanceSheet,Short Term Loan,19698782.87
SME1108,2021,BalanceSheet,Accounts Payable,12861283.25
SME1108,2021,BalanceSheet,Other Current Liabilities,2846054.75
SME1108,2021,BalanceSheet,Long Term Loan,24840575.62
SME1108,2021,BalanceSheet,Total Liabilities,44539358.49
SME1108,2021,BalanceSheet,Share Capital,11156061.72
SME1108,2021,BalanceSheet,Retained Earnings,16734092.58
SME1108,2021,BalanceSheet,Total Equity,27890154.3
SME1109,2023,IncomeStatement,Revenue,818573657.9
SME1109,2023,IncomeStatement,Cost of Goods Sold,507800100.27
SME1109,2023,IncomeStatement,Gross Profit,310773557.63
SME1109,2023,IncomeStatement,Operating Expenses,146144083.63
SME1109,2023,IncomeStatement,EBITDA,164629474.0
SME1109,2023,IncomeStatement,Depreciation,39415038.21
SME1109,2023,IncomeStatement,EBIT,125214435.79
SME1109,2023,IncomeStatement,Interest Expense,125563705.53
SME1109,2023,IncomeStatement,Profit Before Tax,-349269.74
SME1109,2023,IncomeStatement,Tax,0.0
SME1109,2023,IncomeStatement,Net Profit,-349269.74
SME1109,2023,BalanceSheet,Cash & Cash Equivalents,15825360.79
SME1109,2023,BalanceSheet,Accounts Receivable,58302889.03
SME1109,2023,BalanceSheet,Inventory,48630312.62
SME1109,2023,BalanceSheet,Other Current Assets,6137928.12
SME1109,2023,BalanceSheet,Net Fixed Assets,296699264.14
SME1109,2023,BalanceSheet,Total Assets,419457826.58
SME1109,2023,BalanceSheet,Short Term Loan,112069029.98
SME1109,2023,BalanceSheet,Accounts Payable,57376779.48
SME1109,2023,BalanceSheet,Other Current Liabilities,12275856.24
SME1109,2023,BalanceSheet,Long Term Loan,164106163.22
SME1109,2023,BalanceSheet,Total Liabilities,276175193.19
SME1109,2023,BalanceSheet,Share Capital,57313053.35
SME1109,2023,BalanceSheet,Retained Earnings,85969580.03
SME1109,2023,BalanceSheet,Total Equity,143282633.39
SME1109,2022,IncomeStatement,Revenue,704232447.03
SME1109,2022,IncomeStatement,Cost of Goods Sold,470756362.49
SME1109,2022,IncomeStatement,Gross Profit,233476084.54
SME1109,2022,IncomeStatement,Operating Expenses,112910485.27
SME1109,2022,IncomeStatement,EBITDA,120565599.27
SME1109,2022,IncomeStatement,Depreciation,35751102.49
SME1109,2022,IncomeStatement,EBIT,84814496.78
SME1109,2022,IncomeStatement,Interest Expense,91955972.62
SME1109,2022,IncomeStatement,Profit Before Tax,-7141475.84
SME1109,2022,IncomeStatement,Tax,0.0
SME1109,2022,IncomeStatement,Net Profit,-7141475.84
SME1109,2022,BalanceSheet,Cash & Cash Equivalents,30753527.92
SME1109,2022,BalanceSheet,Accounts Receivable,58578871.25
SME1109,2022,BalanceSheet,Inventory,48251307.66
SME1109,2022,BalanceSheet,Other Current Assets,6879185.34
SME1109,2022,BalanceSheet,Net Fixed Assets,281874119.75
SME1109,2022,BalanceSheet,Total Assets,419457826.58
SME1109,2022,BalanceSheet,Short Term Loan,125603234.99
SME1109,2022,BalanceSheet,Accounts Payable,58759519.43
SME1109,2022,BalanceSheet,Other Current Liabilities,13758370.68
SME1109,2022,BalanceSheet,Long Term Loan,150571958.2
SME1109,2022,BalanceSheet,Total Liabilities,276175193.19
SME1109,2022,BalanceSheet,Share Capital,57313053.35
SME1109,2022,BalanceSheet,Retained Earnings,85969580.03
SME1109,2022,BalanceSheet,Total Equity,143282633.39
SME1109,2021,IncomeStatement,Revenue,686607871.08
SME1109,2021,IncomeStatement,Cost of Goods Sold,415112461.92
SME1109,2021,IncomeStatement,Gross Profit,271495409.17
SME1109,2021,IncomeStatement,Operating Expenses,101673225.91
SME1109,2021,IncomeStatement,EBITDA,169822183.25
SME1109,2021,IncomeStatement,Depreciation,33431703.06
SME1109,2021,IncomeStatement,EBIT,136390480.19
SME1109,2021,IncomeStatement,Interest Expense,129524210.29
SME1109,2021,IncomeStatement,Profit Before Tax,6866269.9
SME1109,2021,IncomeStatement,Tax,1716567.48
SME1109,2021,IncomeStatement,Net Profit,5149702.43
SME1109,2021,BalanceSheet,Cash & Cash Equivalents,30378231.26
SME1109,2021,BalanceSheet,Accounts Receivable,57711395.33
SME1109,2021,BalanceSheet,Inventory,43661913.07
SME1109,2021,BalanceSheet,Other Current Assets,6587576.98
SME1109,2021,BalanceSheet,Net Fixed Assets,287706286.92
SME1109,2021,BalanceSheet,Total Assets,419457826.58
SME1109,2021,BalanceSheet,Short Term Loan,120278919.49
SME1109,2021,BalanceSheet,Accounts Payable,48741743.01
SME1109,2021,BalanceSheet,Other Current Liabilities,13175153.97
SME1109,2021,BalanceSheet,Long Term Loan,155896273.71
SME1109,2021,BalanceSheet,Total Liabilities,276175193.19
SME1109,2021,BalanceSheet,Share Capital,57313053.35
SME1109,2021,BalanceSheet,Retained Earnings,85969580.03
SME1109,2021,BalanceSheet,Total Equity,143282633.39
SME1110,2023,IncomeStatement,Revenue,214378216.84
SME1110,2023,IncomeStatement,Cost of Goods Sold,133865499.97
SME1110,2023,IncomeStatement,Gross Profit,80512716.87
SME1110,2023,IncomeStatement,Operating Expenses,33368625.31
SME1110,2023,IncomeStatement,EBITDA,47144091.56
SME1110,2023,IncomeStatement,Depreciation,44458359.85
SME1110,2023,IncomeStatement,EBIT,2685731.71
SME1110,2023,IncomeStatement,Interest Expense,36686028.34
SME1110,2023,IncomeStatement,Profit Before Tax,-34000296.63
SME1110,2023,IncomeStatement,Tax,0.0
SME1110,2023,IncomeStatement,Net Profit,-34000296.63
SME1110,2023,BalanceSheet,Cash & Cash Equivalents,50519098.89
SME1110,2023,BalanceSheet,Accounts Receivable,115760320.35
SME1110,2023,BalanceSheet,Inventory,90023518.0
SME1110,2023,BalanceSheet,Other Current Assets,12815146.86
SME1110,2023,BalanceSheet,Net Fixed Assets,196218426.9
SME1110,2023,BalanceSheet,Total Assets,452521364.14
SME1110,2023,BalanceSheet,Short Term Loan,181349370.44
SME1110,2023,BalanceSheet,Accounts Payable,90684263.52
SME1110,2023,BalanceSheet,Other Current Liabilities,25630293.72
SME1110,2023,BalanceSheet,Long Term Loan,136015545.63
SME1110,2023,BalanceSheet,Total Liabilities,317364916.08
SME1110,2023,BalanceSheet,Share Capital,54062579.23
SME1110,2023,BalanceSheet,Retained Earnings,81093868.84
SME1110,2023,BalanceSheet,Total Equity,135156448.06
SME1110,2022,IncomeStatement,Revenue,210546763.02
SME1110,2022,IncomeStatement,Cost of Goods Sold,126961351.65
SME1110,2022,IncomeStatement,Gross Profit,83585411.36
SME1110,2022,IncomeStatement,Operating Expenses,38120023.96
SME1110,2022,IncomeStatement,EBITDA,45465387.4
SME1110,2022,IncomeStatement,Depreciation,39993221.11
SME1110,2022,IncomeStatement,EBIT,5472166.29
SME1110,2022,IncomeStatement,Interest Expense,35379714.31
SME1110,2022,IncomeStatement,Profit Before Tax,-29907548.02
SME1110,2022,IncomeStatement,Tax,0.0
SME1110,2022,IncomeStatement,Net Profit,-29907548.02
SME1110,2022,BalanceSheet,Cash & Cash Equivalents,42661163.76
SME1110,2022,BalanceSheet,Accounts Receivable,80573933.11
SME1110,2022,BalanceSheet,Inventory,56977159.73
SME1110,2022,BalanceSheet,Other Current Assets,9010612.83
SME1110,2022,BalanceSheet,Net Fixed Assets,272309107.54
SME1110,2022,BalanceSheet,Total Assets,452521364.14
SME1110,2022,BalanceSheet,Short Term Loan,127510748.15
SME1110,2022,BalanceSheet,Accounts Payable,75730306.47
SME1110,2022,BalanceSheet,Other Current Liabilities,18021225.66
SME1110,2022,BalanceSheet,Long Term Loan,189854167.93
SME1110,2022,BalanceSheet,Total Liabilities,317364916.08
SME1110,2022,BalanceSheet,Share Capital,54062579.23
SME1110,2022,BalanceSheet,Retained Earnings,81093868.84
SME1110,2022,BalanceSheet,Total Equity,135156448.06
SME1110,2021,IncomeStatement,Revenue,188178018.55
SME1110,2021,IncomeStatement,Cost of Goods Sold,120030961.1
SME1110,2021,IncomeStatement,Gross Profit,68147057.45
SME1110,2021,IncomeStatement,Operating Expenses,31416959.74
SME1110,2021,IncomeStatement,EBITDA,36730097.71
SME1110,2021,IncomeStatement,Depreciation,29537420.18
SME1110,2021,IncomeStatement,EBIT,7192677.53
SME1110,2021,IncomeStatement,Interest Expense,28582190.49
SME1110,2021,IncomeStatement,Profit Before Tax,-21389512.96
SME1110,2021,IncomeStatement,Tax,0.0
SME1110,2021,IncomeStatement,Net Profit,-21389512.96
SME1110,2021,BalanceSheet,Cash & Cash Equivalents,52277339.31
SME1110,2021,BalanceSheet,Accounts Receivable,110077273.71
SME1110,2021,BalanceSheet,Inventory,103808315.13
SME1110,2021,BalanceSheet,Other Current Assets,13308146.41
SME1110,2021,BalanceSheet,Net Fixed Assets,186358435.99
SME1110,2021,BalanceSheet,Total Assets,452521364.14
SME1110,2021,BalanceSheet,Short Term Loan,188325892.69
SME1110,2021,BalanceSheet,Accounts Payable,99889640.2
SME1110,2021,BalanceSheet,Other Current Liabilities,26616292.82
SME1110,2021,BalanceSheet,Long Term Loan,129039023.38
SME1110,2021,BalanceSheet,Total Liabilities,317364916.08
SME1110,2021,BalanceSheet,Share Capital,54062579.23
SME1110,2021,BalanceSheet,Retained Earnings,81093868.84
SME1110,2021,BalanceSheet,Total Equity,135156448.06
SME1111,2023,IncomeStatement,Revenue,451462585.06
SME1111,2023,IncomeStatement,Cost of Goods Sold,277806064.01
SME1111,2023,IncomeStatement,Gross Profit,173656521.05
SME1111,2023,IncomeStatement,Operating Expenses,69862494.84
SME1111,2023,IncomeStatement,EBITDA,103794026.21
SME1111,2023,IncomeStatement,Depreciation,19635676.09
SME1111,2023,IncomeStatement,EBIT,84158350.11
SME1111,2023,IncomeStatement,Interest Expense,37929949.58
SME1111,2023,IncomeStatement,Profit Before Tax,46228400.54
SME1111,2023,IncomeStatement,Tax,11557100.13
SME1111,2023,IncomeStatement,Net Profit,34671300.4
SME1111,2023,BalanceSheet,Cash & Cash Equivalents,20900498.55
SME1111,2023,BalanceSheet,Accounts Receivable,59849953.56
SME1111,2023,BalanceSheet,Inventory,53111719.95
SME1111,2023,BalanceSheet,Other Current Assets,6693108.6
SME1111,2023,BalanceSheet,Net Fixed Assets,102377027.69
SME1111,2023,BalanceSheet,Total Assets,236239199.75
SME1111,2023,BalanceSheet,Short Term Loan,56236221.86
SME1111,2023,BalanceSheet,Accounts Payable,56464405.6
SME1111,2023,BalanceSheet,Other Current Liabilities,13386217.21
SME1111,2023,BalanceSheet,Long Term Loan,42656858.9
SME1111,2023,BalanceSheet,Total Liabilities,98893080.75
SME1111,2023,BalanceSheet,Share Capital,54938447.6
SME1111,2023,BalanceSheet,Retained Earnings,82407671.4
SME1111,2023,BalanceSheet,Total Equity,137346119.0
SME1111,2022,IncomeStatement,Revenue,421901656.31
SME1111,2022,IncomeStatement,Cost of Goods Sold,259982415.86
SME1111,2022,IncomeStatement,Gross Profit,161919240.45
SME1111,2022,IncomeStatement,Operating Expenses,50643061.59
SME1111,2022,IncomeStatement,EBITDA,111276178.86
SME1111,2022,IncomeStatement,Depreciation,23486440.17
SME1111,2022,IncomeStatement,EBIT,87789738.69
SME1111,2022,IncomeStatement,Interest Expense,40664188.56
SME1111,2022,IncomeStatement,Profit Before Tax,47125550.13
SME1111,2022,IncomeStatement,Tax,11781387.53
SME1111,2022,IncomeStatement,Net Profit,35344162.6
SME1111,2022,BalanceSheet,Cash & Cash Equivalents,28496989.55
SME1111,2022,BalanceSheet,Accounts Receivable,48381687.89
SME1111,2022,BalanceSheet,Inventory,47440860.95
SME1111,2022,BalanceSheet,Other Current Assets,6215976.92
SME1111,2022,BalanceSheet,Net Fixed Assets,111919661.36
SME1111,2022,BalanceSheet,Total Assets,236239199.75
SME1111,2022,BalanceSheet,Short Term Loan,52227309.88
SME1111,2022,BalanceSheet,Accounts Payable,54976431.5
SME1111,2022,BalanceSheet,Other Current Liabilities,12431953.84
SME1111,2022,BalanceSheet,Long Term Loan,46665770.87
SME1111,2022,BalanceSheet,Total Liabilities,98893080.75
SME1111,2022,BalanceSheet,Share Capital,54938447.6
SME1111,2022,BalanceSheet,Retained Earnings,82407671.4
SME1111,2022,BalanceSheet,Total Equity,137346119.0
SME1111,2021,IncomeStatement,Revenue,467006052.77
SME1111,2021,IncomeStatement,Cost of Goods Sold,301134220.33
SME1111,2021,IncomeStatement,Gross Profit,165871832.44
SME1111,2021,IncomeStatement,Operating Expenses,54735359.16
SME1111,2021,IncomeStatement,EBITDA,111136473.28
SME1111,2021,IncomeStatement,Depreciation,20853712.83
SME1111,2021,IncomeStatement,EBIT,90282760.45
SME1111,2021,IncomeStatement,Interest Expense,40613135.28
SME1111,2021,IncomeStatement,Profit Before Tax,49669625.17
SME1111,2021,IncomeStatement,Tax,12417406.29
SME1111,2021,IncomeStatement,Net Profit,37252218.88
SME1111,2021,BalanceSheet,Cash & Cash Equivalents,30145070.12
SME1111,2021,BalanceSheet,Accounts Receivable,64211693.3
SME1111,2021,BalanceSheet,Inventory,42160873.56
SME1111,2021,BalanceSheet,Other Current Assets,6825881.85
SME1111,2021,BalanceSheet,Net Fixed Assets,99721562.78
SME1111,2021,BalanceSheet,Total Assets,236239199.75
SME1111,2021,BalanceSheet,Short Term Loan,57351797.02
SME1111,2021,BalanceSheet,Accounts Payable,57338316.77
SME1111,2021,BalanceSheet,Other Current Liabilities,13651763.7
SME1111,2021,BalanceSheet,Long Term Loan,41541283.74
SME1111,2021,BalanceSheet,Total Liabilities,98893080.75
SME1111,2021,BalanceSheet,Share Capital,54938447.6
SME1111,2021,BalanceSheet,Retained Earnings,82407671.4
SME1111,2021,BalanceSheet,Total Equity,137346119.0
SME1112,2023,IncomeStatement,Revenue,558730000.22
SME1112,2023,IncomeStatement,Cost of Goods Sold,370317781.01
SME1112,2023,IncomeStatement,Gross Profit,188412219.21
SME1112,2023,IncomeStatement,Operating Expenses,71154813.67
SME1112,2023,IncomeStatement,EBITDA,117257405.54
SME1112,2023,IncomeStatement,Depreciation,18446283.25
SME1112,2023,IncomeStatement,EBIT,98811122.29
SME1112,2023,IncomeStatement,Interest Expense,58702988.48
SME1112,2023,IncomeStatement,Profit Before Tax,40108133.81
SME1112,2023,IncomeStatement,Tax,10027033.45
SME1112,2023,IncomeStatement,Net Profit,30081100.36
SME1112,2023,BalanceSheet,Cash & Cash Equivalents,34814338.47
SME1112,2023,BalanceSheet,Accounts Receivable,70916752.81
SME1112,2023,BalanceSheet,Inventory,81637831.46
SME1112,2023,BalanceSheet,Other Current Assets,9368446.14
SME1112,2023,BalanceSheet,Net Fixed Assets,168971164.93
SME1112,2023,BalanceSheet,Total Assets,356340087.67
SME1112,2023,BalanceSheet,Short Term Loan,134484278.88
SME1112,2023,BalanceSheet,Accounts Payable,83437250.36
SME1112,2023,BalanceSheet,Other Current Liabilities,18736892.27
SME1112,2023,BalanceSheet,Long Term Loan,113818627.91
SME1112,2023,BalanceSheet,Total Liabilities,248302906.79
SME1112,2023,BalanceSheet,Share Capital,43214872.35
SME1112,2023,BalanceSheet,Retained Earnings,64822308.53
SME1112,2023,BalanceSheet,Total Equity,108037180.88
SME1112,2022,IncomeStatement,Revenue,549457004.09
SME1112,2022,IncomeStatement,Cost of Goods Sold,373738052.63
SME1112,2022,IncomeStatement,Gross Profit,175718951.46
SME1112,2022,IncomeStatement,Operating Expenses,80299942.95
SME1112,2022,IncomeStatement,EBITDA,95419008.51
SME1112,2022,IncomeStatement,Depreciation,33968591.11
SME1112,2022,IncomeStatement,EBIT,61450417.4
SME1112,2022,IncomeStatement,Interest Expense,47769954.75
SME1112,2022,IncomeStatement,Profit Before Tax,13680462.65
SME1112,2022,IncomeStatement,Tax,3420115.66
SME1112,2022,IncomeStatement,Net Profit,10260346.99
SME1112,2022,BalanceSheet,Cash & Cash Equivalents,32554080.8
SME1112,2022,BalanceSheet,Accounts Receivable,88145653.32
SME1112,2022,BalanceSheet,Inventory,64164508.83
SME1112,2022,BalanceSheet,Other Current Assets,9243212.15
SME1112,2022,BalanceSheet,Net Fixed Assets,171475844.72
SME1112,2022,BalanceSheet,Total Assets,356340087.67
SME1112,2022,BalanceSheet,Short Term Loan,132686541.83
SME1112,2022,BalanceSheet,Accounts Payable,86540080.06
SME1112,2022,BalanceSheet,Other Current Liabilities,18486424.3
SME1112,2022,BalanceSheet,Long Term Loan,115616364.96
SME1112,2022,BalanceSheet,Total Liabilities,248302906.79
SME1112,2022,BalanceSheet,Share Capital,43214872.35
SME1112,2022,BalanceSheet,Retained Earnings,64822308.53
SME1112,2022,BalanceSheet,Total Equity,108037180.88
SME1112,2021,IncomeStatement,Revenue,625195657.19
SME1112,2021,IncomeStatement,Cost of Goods Sold,392104197.06
SME1112,2021,IncomeStatement,Gross Profit,233091460.13
SME1112,2021,IncomeStatement,Operating Expenses,74477526.17
SME1112,2021,IncomeStatement,EBITDA,158613933.96
SME1112,2021,IncomeStatement,Depreciation,20096585.68
SME1112,2021,IncomeStatement,EBIT,138517348.28
SME1112,2021,IncomeStatement,Interest Expense,79407453.16
SME1112,2021,IncomeStatement,Profit Before Tax,59109895.12
SME1112,2021,IncomeStatement,Tax,14777473.78
SME1112,2021,IncomeStatement,Net Profit,44332421.34
SME1112,2021,BalanceSheet,Cash & Cash Equivalents,34575901.79
SME1112,2021,BalanceSheet,Accounts Receivable,72579610.08
SME1112,2021,BalanceSheet,Inventory,49118634.19
SME1112,2021,BalanceSheet,Other Current Assets,7813707.3
SME1112,2021,BalanceSheet,Net Fixed Assets,200065941.62
SME1112,2021,BalanceSheet,Total Assets,356340087.67
SME1112,2021,BalanceSheet,Short Term Loan,112165963.99
SME1112,2021,BalanceSheet,Accounts Payable,52604014.05
SME1112,2021,BalanceSheet,Other Current Liabilities,15627414.61
SME1112,2021,BalanceSheet,Long Term Loan,136136942.81
SME1112,2021,BalanceSheet,Total Liabilities,248302906.79
SME1112,2021,BalanceSheet,Share Capital,43214872.35
SME1112,2021,BalanceSheet,Retained Earnings,64822308.53
SME1112,2021,BalanceSheet,Total Equity,108037180.88
SME1113,2023,IncomeStatement,Revenue,368199238.74
SME1113,2023,IncomeStatement,Cost of Goods Sold,264445688.08
SME1113,2023,IncomeStatement,Gross Profit,103753550.66
SME1113,2023,IncomeStatement,Operating Expenses,38001131.07
SME1113,2023,IncomeStatement,EBITDA,65752419.59
SME1113,2023,IncomeStatement,Depreciation,7602480.97
SME1113,2023,IncomeStatement,EBIT,58149938.62
SME1113,2023,IncomeStatement,Interest Expense,34270488.83
SME1113,2023,IncomeStatement,Profit Before Tax,23879449.79
SME1113,2023,IncomeStatement,Tax,5969862.45
SME1113,2023,IncomeStatement,Net Profit,17909587.34
SME1113,2023,BalanceSheet,Cash & Cash Equivalents,7891115.08
SME1113,2023,BalanceSheet,Accounts Receivable,14576680.62
SME1113,2023,BalanceSheet,Inventory,12190684.98
SME1113,2023,BalanceSheet,Other Current Assets,1732924.03
SME1113,2023,BalanceSheet,Net Fixed Assets,85962284.39
SME1113,2023,BalanceSheet,Total Assets,120620765.07
SME1113,2023,BalanceSheet,Short Term Loan,26987820.93
SME1113,2023,BalanceSheet,Accounts Payable,16403119.77
SME1113,2023,BalanceSheet,Other Current Liabilities,3465848.07
SME1113,2023,BalanceSheet,Long Term Loan,31833494.51
SME1113,2023,BalanceSheet,Total Liabilities,58821315.44
SME1113,2023,BalanceSheet,Share Capital,24719779.85
SME1113,2023,BalanceSheet,Retained Earnings,37079669.77
SME1113,2023,BalanceSheet,Total Equity,61799449.62
SME1113,2022,IncomeStatement,Revenue,404938259.27
SME1113,2022,IncomeStatement,Cost of Goods Sold,300320495.06
SME1113,2022,IncomeStatement,Gross Profit,104617764.2
SME1113,2022,IncomeStatement,Operating Expenses,32875415.51
SME1113,2022,IncomeStatement,EBITDA,71742348.7
SME1113,2022,IncomeStatement,Depreciation,11395200.85
SME1113,2022,IncomeStatement,EBIT,60347147.84
SME1113,2022,IncomeStatement,Interest Expense,37392469.74
SME1113,2022,IncomeStatement,Profit Before Tax,22954678.11
SME1113,2022,IncomeStatement,Tax,5738669.53
SME1113,2022,IncomeStatement,Net Profit,17216008.58
SME1113,2022,BalanceSheet,Cash & Cash Equivalents,8693457.27
SME1113,2022,BalanceSheet,Accounts Receivable,15384764.74
SME1113,2022,BalanceSheet,Inventory,13698942.56
SME1113,2022,BalanceSheet,Other Current Assets,1888858.23
SME1113,2022,BalanceSheet,Net Fixed Assets,82843600.49
SME1113,2022,BalanceSheet,Total Assets,120620765.07
SME1113,2022,BalanceSheet,Short Term Loan,29416273.68
SME1113,2022,BalanceSheet,Accounts Payable,13587356.25
SME1113,2022,BalanceSheet,Other Current Liabilities,3777716.46
SME1113,2022,BalanceSheet,Long Term Loan,29405041.76
SME1113,2022,BalanceSheet,Total Liabilities,58821315.44
SME1113,2022,BalanceSheet,Share Capital,24719779.85
SME1113,2022,BalanceSheet,Retained Earnings,37079669.77
SME1113,2022,BalanceSheet,Total Equity,61799449.62
SME1113,2021,IncomeStatement,Revenue,341924850.69
SME1113,2021,IncomeStatement,Cost of Goods Sold,248967781.31
SME1113,2021,IncomeStatement,Gross Profit,92957069.38
SME1113,2021,IncomeStatement,Operating Expenses,30440935.2
SME1113,2021,IncomeStatement,EBITDA,62516134.18
SME1113,2021,IncomeStatement,Depreciation,7239034.65
SME1113,2021,IncomeStatement,EBIT,55277099.53
SME1113,2021,IncomeStatement,Interest Expense,32583720.74
SME1113,2021,IncomeStatement,Profit Before Tax,22693378.78
SME1113,2021,IncomeStatement,Tax,5673344.7
SME1113,2021,IncomeStatement,Net Profit,17020034.09
SME1113,2021,BalanceSheet,Cash & Cash Equivalents,6748577.32
SME1113,2021,BalanceSheet,Accounts Receivable,17689190.25
SME1113,2021,BalanceSheet,Inventory,11960256.98
SME1113,2021,BalanceSheet,Other Current Assets,1819901.23
SME1113,2021,BalanceSheet,Net Fixed Assets,84222740.51
SME1113,2021,BalanceSheet,Total Assets,120620765.07
SME1113,2021,BalanceSheet,Short Term Loan,28342366.72
SME1113,2021,BalanceSheet,Accounts Payable,14250346.62
SME1113,2021,BalanceSheet,Other Current Liabilities,3639802.46
SME1113,2021,BalanceSheet,Long Term Loan,30478948.73
SME1113,2021,BalanceSheet,Total Liabilities,58821315.44
SME1113,2021,BalanceSheet,Share Capital,24719779.85
SME1113,2021,BalanceSheet,Retained Earnings,37079669.77
SME1113,2021,BalanceSheet,Total Equity,61799449.62
SME1114,2023,IncomeStatement,Revenue,368098725.19
SME1114,2023,IncomeStatement,Cost of Goods Sold,255892974.37
SME1114,2023,IncomeStatement,Gross Profit,112205750.82
SME1114,2023,IncomeStatement,Operating Expenses,33767501.64
SME1114,2023,IncomeStatement,EBITDA,78438249.18
SME1114,2023,IncomeStatement,Depreciation,33348246.74
SME1114,2023,IncomeStatement,EBIT,45090002.45
SME1114,2023,IncomeStatement,Interest Expense,32060769.72
SME1114,2023,IncomeStatement,Profit Before Tax,13029232.72
SME1114,2023,IncomeStatement,Tax,3257308.18
SME1114,2023,IncomeStatement,Net Profit,9771924.54
SME1114,2023,BalanceSheet,Cash & Cash Equivalents,38681461.44
SME1114,2023,BalanceSheet,Accounts Receivable,143459891.87
SME1114,2023,BalanceSheet,Inventory,126591944.26
SME1114,2023,BalanceSheet,Other Current Assets,15436664.88
SME1114,2023,BalanceSheet,Net Fixed Assets,214981145.21
SME1114,2023,BalanceSheet,Total Assets,523714442.79
SME1114,2023,BalanceSheet,Short Term Loan,144683346.89
SME1114,2023,BalanceSheet,Accounts Payable,122849739.19
SME1114,2023,BalanceSheet,Other Current Liabilities,30873329.76
SME1114,2023,BalanceSheet,Long Term Loan,117310892.84
SME1114,2023,BalanceSheet,Total Liabilities,261994239.73
SME1114,2023,BalanceSheet,Share Capital,104688081.22
SME1114,2023,BalanceSheet,Retained Earnings,157032121.83
SME1114,2023,BalanceSheet,Total Equity,261720203.06
SME1114,2022,IncomeStatement,Revenue,467841514.1
SME1114,2022,IncomeStatement,Cost of Goods Sold,286883317.8
SME1114,2022,IncomeStatement,Gross Profit,180958196.31
SME1114,2022,IncomeStatement,Operating Expenses,76526487.93
SME1114,2022,IncomeStatement,EBITDA,104431708.38
SME1114,2022,IncomeStatement,Depreciation,42774050.86
SME1114,2022,IncomeStatement,EBIT,61657657.52
SME1114,2022,IncomeStatement,Interest Expense,42685309.64
SME1114,2022,IncomeStatement,Profit Before Tax,18972347.88
SME1114,2022,IncomeStatement,Tax,4743086.97
SME1114,2022,IncomeStatement,Net Profit,14229260.91
SME1114,2022,BalanceSheet,Cash & Cash Equivalents,65784184.32
SME1114,2022,BalanceSheet,Accounts Receivable,109505630.91
SME1114,2022,BalanceSheet,Inventory,93437332.42
SME1114,2022,BalanceSheet,Other Current Assets,13436357.38
SME1114,2022,BalanceSheet,Net Fixed Assets,254987295.14
SME1114,2022,BalanceSheet,Total Assets,523714442.79
SME1114,2022,BalanceSheet,Short Term Loan,125935049.53
SME1114,2022,BalanceSheet,Accounts Payable,82645707.74
SME1114,2022,BalanceSheet,Other Current Liabilities,26872714.77
SME1114,2022,BalanceSheet,Long Term Loan,136059190.2
SME1114,2022,BalanceSheet,Total Liabilities,261994239.73
SME1114,2022,BalanceSheet,Share Capital,104688081.22
SME1114,2022,BalanceSheet,Retained Earnings,157032121.83
SME1114,2022,BalanceSheet,Total Equity,261720203.06
SME1114,2021,IncomeStatement,Revenue,380852587.97
SME1114,2021,IncomeStatement,Cost of Goods Sold,249826048.16
SME1114,2021,IncomeStatement,Gross Profit,131026539.81
SME1114,2021,IncomeStatement,Operating Expenses,39676857.18
SME1114,2021,IncomeStatement,EBITDA,91349682.64
SME1114,2021,IncomeStatement,Depreciation,34623105.73
SME1114,2021,IncomeStatement,EBIT,56726576.91
SME1114,2021,IncomeStatement,Interest Expense,37338175.82
SME1114,2021,IncomeStatement,Profit Before Tax,19388401.08
SME1114,2021,IncomeStatement,Tax,4847100.27
SME1114,2021,IncomeStatement,Net Profit,14541300.81
SME1114,2021,BalanceSheet,Cash & Cash Equivalents,40734621.79
SME1114,2021,BalanceSheet,Accounts Receivable,143033511.58
SME1114,2021,BalanceSheet,Inventory,133019552.21
SME1114,2021,BalanceSheet,Other Current Assets,15839384.28
SME1114,2021,BalanceSheet,Net Fixed Assets,206926757.2
SME1114,2021,BalanceSheet,Total Assets,523714442.79
SME1114,2021,BalanceSheet,Short Term Loan,148457918.1
SME1114,2021,BalanceSheet,Accounts Payable,134741646.02
SME1114,2021,BalanceSheet,Other Current Liabilities,31678768.56
SME1114,2021,BalanceSheet,Long Term Loan,113536321.63
SME1114,2021,BalanceSheet,Total Liabilities,261994239.73
SME1114,2021,BalanceSheet,Share Capital,104688081.22
SME1114,2021,BalanceSheet,Retained Earnings,157032121.83
SME1114,2021,BalanceSheet,Total Equity,261720203.06
SME1115,2023,IncomeStatement,Revenue,315460535.53
SME1115,2023,IncomeStatement,Cost of Goods Sold,197179562.97
SME1115,2023,IncomeStatement,Gross Profit,118280972.55
SME1115,2023,IncomeStatement,Operating Expenses,54973301.65
SME1115,2023,IncomeStatement,EBITDA,63307670.91
SME1115,2023,IncomeStatement,Depreciation,23503051.9
SME1115,2023,IncomeStatement,EBIT,39804619.01
SME1115,2023,IncomeStatement,Interest Expense,45757398.8
SME1115,2023,IncomeStatement,Profit Before Tax,-5952779.8
SME1115,2023,IncomeStatement,Tax,0.0
SME1115,2023,IncomeStatement,Net Profit,-5952779.8
SME1115,2023,BalanceSheet,Cash & Cash Equivalents,23115334.92
SME1115,2023,BalanceSheet,Accounts Receivable,48563026.84
SME1115,2023,BalanceSheet,Inventory,38828909.6
SME1115,2023,BalanceSheet,Other Current Assets,5525363.57
SME1115,2023,BalanceSheet,Net Fixed Assets,251578864.88
SME1115,2023,BalanceSheet,Total Assets,362086136.23
SME1115,2023,BalanceSheet,Short Term Loan,102572424.48
SME1115,2023,BalanceSheet,Accounts Payable,40618829.55
SME1115,2023,BalanceSheet,Other Current Liabilities,11050727.13
SME1115,2023,BalanceSheet,Long Term Loan,121303907.13
SME1115,2023,BalanceSheet,Total Liabilities,223876331.61
SME1115,2023,BalanceSheet,Share Capital,55283921.85
SME1115,2023,BalanceSheet,Retained Earnings,82925882.77
SME1115,2023,BalanceSheet,Total Equity,138209804.62
SME1115,2022,IncomeStatement,Revenue,329504831.62
SME1115,2022,IncomeStatement,Cost of Goods Sold,246904844.29
SME1115,2022,IncomeStatement,Gross Profit,82599987.33
SME1115,2022,IncomeStatement,Operating Expenses,30441941.84
SME1115,2022,IncomeStatement,EBITDA,52158045.5
SME1115,2022,IncomeStatement,Depreciation,34423235.25
SME1115,2022,IncomeStatement,EBIT,17734810.25
SME1115,2022,IncomeStatement,Interest Expense,37698693.61
SME1115,2022,IncomeStatement,Profit Before Tax,-19963883.36
SME1115,2022,IncomeStatement,Tax,0.0
SME1115,2022,IncomeStatement,Net Profit,-19963883.36
SME1115,2022,BalanceSheet,Cash & Cash Equivalents,14597450.03
SME1115,2022,BalanceSheet,Accounts Receivable,56017705.08
SME1115,2022,BalanceSheet,Inventory,43192778.78
SME1115,2022,BalanceSheet,Other Current Assets,5690396.69
SME1115,2022,BalanceSheet,Net Fixed Assets,248278202.34
SME1115,2022,BalanceSheet,Total Assets,362086136.23
SME1115,2022,BalanceSheet,Short Term Loan,105636086.76
SME1115,2022,BalanceSheet,Accounts Payable,55042192.26
SME1115,2022,BalanceSheet,Other Current Liabilities,11380793.39
SME1115,2022,BalanceSheet,Long Term Loan,118240244.85
SME1115,2022,BalanceSheet,Total Liabilities,223876331.61
SME1115,2022,BalanceSheet,Share Capital,55283921.85
SME1115,2022,BalanceSheet,Retained Earnings,82925882.77
SME1115,2022,BalanceSheet,Total Equity,138209804.62
SME1115,2021,IncomeStatement,Revenue,267103018.66
SME1115,2021,IncomeStatement,Cost of Goods Sold,169413493.2
SME1115,2021,IncomeStatement,Gross Profit,97689525.45
SME1115,2021,IncomeStatement,Operating Expenses,43514213.18
SME1115,2021,IncomeStatement,EBITDA,54175312.27
SME1115,2021,IncomeStatement,Depreciation,20479696.44
SME1115,2021,IncomeStatement,EBIT,33695615.83
SME1115,2021,IncomeStatement,Interest Expense,39156729.87
SME1115,2021,IncomeStatement,Profit Before Tax,-5461114.05
SME1115,2021,IncomeStatement,Tax,0.0
SME1115,2021,IncomeStatement,Net Profit,-5461114.05
SME1115,2021,BalanceSheet,Cash & Cash Equivalents,24855029.38
SME1115,2021,BalanceSheet,Accounts Receivable,49504293.32
SME1115,2021,BalanceSheet,Inventory,57529834.55
SME1115,2021,BalanceSheet,Other Current Assets,6594457.86
SME1115,2021,BalanceSheet,Net Fixed Assets,230196978.98
SME1115,2021,BalanceSheet,Total Assets,362086136.23
SME1115,2021,BalanceSheet,Short Term Loan,122419008.77
SME1115,2021,BalanceSheet,Accounts Payable,49236634.69
SME1115,2021,BalanceSheet,Other Current Liabilities,13188915.72
SME1115,2021,BalanceSheet,Long Term Loan,101457322.83
SME1115,2021,BalanceSheet,Total Liabilities,223876331.61
SME1115,2021,BalanceSheet,Share Capital,55283921.85
SME1115,2021,BalanceSheet,Retained Earnings,82925882.77
SME1115,2021,BalanceSheet,Total Equity,138209804.62
SME1116,2023,IncomeStatement,Revenue,484751195.78
SME1116,2023,IncomeStatement,Cost of Goods Sold,363176582.37
SME1116,2023,IncomeStatement,Gross Profit,121574613.41
SME1116,2023,IncomeStatement,Operating Expenses,52568131.34
SME1116,2023,IncomeStatement,EBITDA,69006482.07
SME1116,2023,IncomeStatement,Depreciation,5524035.51
SME1116,2023,IncomeStatement,EBIT,63482446.55
SME1116,2023,IncomeStatement,Interest Expense,44963171.15
SME1116,2023,IncomeStatement,Profit Before Tax,18519275.4
SME1116,2023,IncomeStatement,Tax,4629818.85
SME1116,2023,IncomeStatement,Net Profit,13889456.55
SME1116,2023,BalanceSheet,Cash & Cash Equivalents,4563672.3
SME1116,2023,BalanceSheet,Accounts Receivable,9252760.18
SME1116,2023,BalanceSheet,Inventory,8613613.08
SME1116,2023,BalanceSheet,Other Current Assets,1121502.28
SME1116,2023,BalanceSheet,Net Fixed Assets,44383496.9
SME1116,2023,BalanceSheet,Total Assets,66813542.46
SME1116,2023,BalanceSheet,Short Term Loan,19445653.04
SME1116,2023,BalanceSheet,Accounts Payable,8434835.51
SME1116,2023,BalanceSheet,Other Current Liabilities,2243004.56
SME1116,2023,BalanceSheet,Long Term Loan,28693305.52
SME1116,2023,BalanceSheet,Total Liabilities,48138958.56
SME1116,2023,BalanceSheet,Share Capital,7469833.56
SME1116,2023,BalanceSheet,Retained Earnings,11204750.34
SME1116,2023,BalanceSheet,Total Equity,18674583.9
SME1116,2022,IncomeStatement,Revenue,615538233.54
SME1116,2022,IncomeStatement,Cost of Goods Sold,413124302.74
SME1116,2022,IncomeStatement,Gross Profit,202413930.8
SME1116,2022,IncomeStatement,Operating Expenses,66923190.81
SME1116,2022,IncomeStatement,EBITDA,135490739.99
SME1116,2022,IncomeStatement,Depreciation,5663089.23
SME1116,2022,IncomeStatement,EBIT,129827650.76
SME1116,2022,IncomeStatement,Interest Expense,88282914.14
SME1116,2022,IncomeStatement,Profit Before Tax,41544736.63
SME1116,2022,IncomeStatement,Tax,10386184.16
SME1116,2022,IncomeStatement,Net Profit,31158552.47
SME1116,2022,BalanceSheet,Cash & Cash Equivalents,4240438.5
SME1116,2022,BalanceSheet,Accounts Receivable,13122882.77
SME1116,2022,BalanceSheet,Inventory,11847345.24
SME1116,2022,BalanceSheet,Other Current Assets,1460533.33
SME1116,2022,BalanceSheet,Net Fixed Assets,37602875.94
SME1116,2022,BalanceSheet,Total Assets,66813542.46
SME1116,2022,BalanceSheet,Short Term Loan,25324089.72
SME1116,2022,BalanceSheet,Accounts Payable,12633513.75
SME1116,2022,BalanceSheet,Other Current Liabilities,2921066.65
SME1116,2022,BalanceSheet,Long Term Loan,22814868.84
SME1116,2022,BalanceSheet,Total Liabilities,48138958.56
SME1116,2022,BalanceSheet,Share Capital,7469833.56
SME1116,2022,BalanceSheet,Retained Earnings,11204750.34
SME1116,2022,BalanceSheet,Total Equity,18674583.9
SME1116,2021,IncomeStatement,Revenue,550580123.79
SME1116,2021,IncomeStatement,Cost of Goods Sold,380365608.51
SME1116,2021,IncomeStatement,Gross Profit,170214515.29
SME1116,2021,IncomeStatement,Operating Expenses,55733799.1
SME1116,2021,IncomeStatement,EBITDA,114480716.19
SME1116,2021,IncomeStatement,Depreciation,6115619.66
SME1116,2021,IncomeStatement,EBIT,108365096.52
SME1116,2021,IncomeStatement,Interest Expense,74593224.88
SME1116,2021,IncomeStatement,Profit Before Tax,33771871.64
SME1116,2021,IncomeStatement,Tax,8442967.91
SME1116,2021,IncomeStatement,Net Profit,25328903.73
SME1116,2021,BalanceSheet,Cash & Cash Equivalents,4857865.29
SME1116,2021,BalanceSheet,Accounts Receivable,8594395.13
SME1116,2021,BalanceSheet,Inventory,9923659.72
SME1116,2021,BalanceSheet,Other Current Assets,1168796.01
SME1116,2021,BalanceSheet,Net Fixed Assets,43437622.33
SME1116,2021,BalanceSheet,Total Assets,66813542.46
SME1116,2021,BalanceSheet,Short Term Loan,20265675.85
SME1116,2021,BalanceSheet,Accounts Payable,7545805.71
SME1116,2021,BalanceSheet,Other Current Liabilities,2337592.01
SME1116,2021,BalanceSheet,Long Term Loan,27873282.72
SME1116,2021,BalanceSheet,Total Liabilities,48138958.56
SME1116,2021,BalanceSheet,Share Capital,7469833.56
SME1116,2021,BalanceSheet,Retained Earnings,11204750.34
SME1116,2021,BalanceSheet,Total Equity,18674583.9
SME1117,2023,IncomeStatement,Revenue,95009636.31
SME1117,2023,IncomeStatement,Cost of Goods Sold,67030772.26
SME1117,2023,IncomeStatement,Gross Profit,27978864.05
SME1117,2023,IncomeStatement,Operating Expenses,10046377.44
SME1117,2023,IncomeStatement,EBITDA,17932486.62
SME1117,2023,IncomeStatement,Depreciation,4346513.96
SME1117,2023,IncomeStatement,EBIT,13585972.66
SME1117,2023,IncomeStatement,Interest Expense,10703018.23
SME1117,2023,IncomeStatement,Profit Before Tax,2882954.42
SME1117,2023,IncomeStatement,Tax,720738.61
SME1117,2023,IncomeStatement,Net Profit,2162215.82
SME1117,2023,BalanceSheet,Cash & Cash Equivalents,3530583.71
SME1117,2023,BalanceSheet,Accounts Receivable,13189640.06
SME1117,2023,BalanceSheet,Inventory,10199131.2
SME1117,2023,BalanceSheet,Other Current Assets,1345967.75
SME1117,2023,BalanceSheet,Net Fixed Assets,56715243.69
SME1117,2023,BalanceSheet,Total Assets,83634598.66
SME1117,2023,BalanceSheet,Short Term Loan,22240138.16
SME1117,2023,BalanceSheet,Accounts Payable,9855733.71
SME1117,2023,BalanceSheet,Other Current Liabilities,2691935.5
SME1117,2023,BalanceSheet,Long Term Loan,22305090.21
SME1117,2023,BalanceSheet,Total Liabilities,44545228.36
SME1117,2023,BalanceSheet,Share Capital,15635748.12
SME1117,2023,BalanceSheet,Retained Earnings,23453622.18
SME1117,2023,BalanceSheet,Total Equity,39089370.3
SME1117,2022,IncomeStatement,Revenue,88383152.29
SME1117,2022,IncomeStatement,Cost of Goods Sold,61934049.39
SME1117,2022,IncomeStatement,Gross Profit,26449102.9
SME1117,2022,IncomeStatement,Operating Expenses,12731963.59
SME1117,2022,IncomeStatement,EBITDA,13717139.31
SME1117,2022,IncomeStatement,Depreciation,7674445.28
SME1117,2022,IncomeStatement,EBIT,6042694.03
SME1117,2022,IncomeStatement,Interest Expense,8187085.0
SME1117,2022,IncomeStatement,Profit Before Tax,-2144390.97
SME1117,2022,IncomeStatement,Tax,0.0
SME1117,2022,IncomeStatement,Net Profit,-2144390.97
SME1117,2022,BalanceSheet,Cash & Cash Equivalents,3522016.59
SME1117,2022,BalanceSheet,Accounts Receivable,10462361.63
SME1117,2022,BalanceSheet,Inventory,14796927.73
SME1117,2022,BalanceSheet,Other Current Assets,1439065.3
SME1117,2022,BalanceSheet,Net Fixed Assets,54853292.71
SME1117,2022,BalanceSheet,Total Assets,83634598.66
SME1117,2022,BalanceSheet,Short Term Loan,23778438.28
SME1117,2022,BalanceSheet,Accounts Payable,11579901.42
SME1117,2022,BalanceSheet,Other Current Liabilities,2878130.6
SME1117,2022,BalanceSheet,Long Term Loan,20766790.08
SME1117,2022,BalanceSheet,Total Liabilities,44545228.36
SME1117,2022,BalanceSheet,Share Capital,15635748.12
SME1117,2022,BalanceSheet,Retained Earnings,23453622.18
SME1117,2022,BalanceSheet,Total Equity,39089370.3
SME1117,2021,IncomeStatement,Revenue,107083341.25
SME1117,2021,IncomeStatement,Cost of Goods Sold,65876983.18
SME1117,2021,IncomeStatement,Gross Profit,41206358.07
SME1117,2021,IncomeStatement,Operating Expenses,14470783.74
SME1117,2021,IncomeStatement,EBITDA,26735574.32
SME1117,2021,IncomeStatement,Depreciation,5148379.82
SME1117,2021,IncomeStatement,EBIT,21587194.5
SME1117,2021,IncomeStatement,Interest Expense,15957147.81
SME1117,2021,IncomeStatement,Profit Before Tax,5630046.7
SME1117,2021,IncomeStatement,Tax,1407511.67
SME1117,2021,IncomeStatement,Net Profit,4222535.02
SME1117,2021,BalanceSheet,Cash & Cash Equivalents,4653855.83
SME1117,2021,BalanceSheet,Accounts Receivable,13524283.46
SME1117,2021,BalanceSheet,Inventory,14050036.71
SME1117,2021,BalanceSheet,Other Current Assets,1611408.8
SME1117,2021,BalanceSheet,Net Fixed Assets,51406422.65
SME1117,2021,BalanceSheet,Total Assets,83634598.66
SME1117,2021,BalanceSheet,Short Term Loan,26626161.28
SME1117,2021,BalanceSheet,Accounts Payable,10311784.66
SME1117,2021,BalanceSheet,Other Current Liabilities,3222817.6
SME1117,2021,BalanceSheet,Long Term Loan,17919067.09
SME1117,2021,BalanceSheet,Total Liabilities,44545228.36
SME1117,2021,BalanceSheet,Share Capital,15635748.12
SME1117,2021,BalanceSheet,Retained Earnings,23453622.18
SME1117,2021,BalanceSheet,Total Equity,39089370.3
SME1118,2023,IncomeStatement,Revenue,102071889.81
SME1118,2023,IncomeStatement,Cost of Goods Sold,62697634.9
SME1118,2023,IncomeStatement,Gross Profit,39374254.91
SME1118,2023,IncomeStatement,Operating Expenses,17783020.03
SME1118,2023,IncomeStatement,EBITDA,21591234.89
SME1118,2023,IncomeStatement,Depreciation,708590.21
SME1118,2023,IncomeStatement,EBIT,20882644.68
SME1118,2023,IncomeStatement,Interest Expense,17270698.71
SME1118,2023,IncomeStatement,Profit Before Tax,3611945.97
SME1118,2023,IncomeStatement,Tax,902986.49
SME1118,2023,IncomeStatement,Net Profit,2708959.48
SME1118,2023,BalanceSheet,Cash & Cash Equivalents,1490494.64
SME1118,2023,BalanceSheet,Accounts Receivable,2805945.55
SME1118,2023,BalanceSheet,Inventory,3174589.01
SME1118,2023,BalanceSheet,Other Current Assets,373551.46
SME1118,2023,BalanceSheet,Net Fixed Assets,6078977.6
SME1118,2023,BalanceSheet,Total Assets,13550006.8
SME1118,2023,BalanceSheet,Short Term Loan,5333409.19
SME1118,2023,BalanceSheet,Accounts Payable,2775528.3
SME1118,2023,BalanceSheet,Other Current Liabilities,747102.92
SME1118,2023,BalanceSheet,Long Term Loan,4016891.61
SME1118,2023,BalanceSheet,Total Liabilities,9350300.8
SME1118,2023,BalanceSheet,Share Capital,1679882.4
SME1118,2023,BalanceSheet,Retained Earnings,2519823.6
SME1118,2023,BalanceSheet,Total Equity,4199706.0
SME1118,2022,IncomeStatement,Revenue,83072589.75
SME1118,2022,IncomeStatement,Cost of Goods Sold,57591821.94
SME1118,2022,IncomeStatement,Gross Profit,25480767.81
SME1118,2022,IncomeStatement,Operating Expenses,12121076.58
SME1118,2022,IncomeStatement,EBITDA,13359691.23
SME1118,2022,IncomeStatement,Depreciation,740474.89
SME1118,2022,IncomeStatement,EBIT,12619216.34
SME1118,2022,IncomeStatement,Interest Expense,10686336.53
SME1118,2022,IncomeStatement,Profit Before Tax,1932879.82
SME1118,2022,IncomeStatement,Tax,483219.95
SME1118,2022,IncomeStatement,Net Profit,1449659.86
SME1118,2022,BalanceSheet,Cash & Cash Equivalents,939673.73
SME1118,2022,BalanceSheet,Accounts Receivable,3024206.02
SME1118,2022,BalanceSheet,Inventory,3410134.9
SME1118,2022,BalanceSheet,Other Current Assets,368700.73
SME1118,2022,BalanceSheet,Net Fixed Assets,6175992.14
SME1118,2022,BalanceSheet,Total Assets,13550006.8
SME1118,2022,BalanceSheet,Short Term Loan,5264152.57
SME1118,2022,BalanceSheet,Accounts Payable,3631421.9
SME1118,2022,BalanceSheet,Other Current Liabilities,737401.47
SME1118,2022,BalanceSheet,Long Term Loan,4086148.23
SME1118,2022,BalanceSheet,Total Liabilities,9350300.8
SME1118,2022,BalanceSheet,Share Capital,1679882.4
SME1118,2022,BalanceSheet,Retained Earnings,2519823.6
SME1118,2022,BalanceSheet,Total Equity,4199706.0
SME1118,2021,IncomeStatement,Revenue,77506458.1
SME1118,2021,IncomeStatement,Cost of Goods Sold,50988191.08
SME1118,2021,IncomeStatement,Gross Profit,26518267.02
SME1118,2021,IncomeStatement,Operating Expenses,12467147.32
SME1118,2021,IncomeStatement,EBITDA,14051119.71
SME1118,2021,IncomeStatement,Depreciation,1219432.25
SME1118,2021,IncomeStatement,EBIT,12831687.46
SME1118,2021,IncomeStatement,Interest Expense,11239406.0
SME1118,2021,IncomeStatement,Profit Before Tax,1592281.46
SME1118,2021,IncomeStatement,Tax,398070.36
SME1118,2021,IncomeStatement,Net Profit,1194211.09
SME1118,2021,BalanceSheet,Cash & Cash Equivalents,1523331.77
SME1118,2021,BalanceSheet,Accounts Receivable,2546272.2
SME1118,2021,BalanceSheet,Inventory,2869252.37
SME1118,2021,BalanceSheet,Other Current Assets,346942.82
SME1118,2021,BalanceSheet,Net Fixed Assets,6611150.46
SME1118,2021,BalanceSheet,Total Assets,13550006.8
SME1118,2021,BalanceSheet,Short Term Loan,4953502.28
SME1118,2021,BalanceSheet,Accounts Payable,3047781.45
SME1118,2021,BalanceSheet,Other Current Liabilities,693885.63
SME1118,2021,BalanceSheet,Long Term Loan,4396798.52
SME1118,2021,BalanceSheet,Total Liabilities,9350300.8
SME1118,2021,BalanceSheet,Share Capital,1679882.4
SME1118,2021,BalanceSheet,Retained Earnings,2519823.6
SME1118,2021,BalanceSheet,Total Equity,4199706.0
SME1119,2023,IncomeStatement,Revenue,104602483.65
SME1119,2023,IncomeStatement,Cost of Goods Sold,73405731.23
SME1119,2023,IncomeStatement,Gross Profit,31196752.42
SME1119,2023,IncomeStatement,Operating Expenses,10489973.89
SME1119,2023,IncomeStatement,EBITDA,20706778.53
SME1119,2023,IncomeStatement,Depreciation,19624615.24
SME1119,2023,IncomeStatement,EBIT,1082163.29
SME1119,2023,IncomeStatement,Interest Expense,11833625.98
SME1119,2023,IncomeStatement,Profit Before Tax,-10751462.7
SME1119,2023,IncomeStatement,Tax,0.0
SME1119,2023,IncomeStatement,Net Profit,-10751462.7
SME1119,2023,BalanceSheet,Cash & Cash Equivalents,9648691.81
SME1119,2023,BalanceSheet,Accounts Receivable,41867021.96
SME1119,2023,BalanceSheet,Inventory,40973422.04
SME1119,2023,BalanceSheet,Other Current Assets,4624456.79
SME1119,2023,BalanceSheet,Net Fixed Assets,191976950.96
SME1119,2023,BalanceSheet,Total Assets,284466086.76
SME1119,2023,BalanceSheet,Short Term Loan,69393455.22
SME1119,2023,BalanceSheet,Accounts Payable,43257843.55
SME1119,2023,BalanceSheet,Other Current Liabilities,9248913.58
SME1119,2023,BalanceSheet,Long Term Loan,77713911.75
SME1119,2023,BalanceSheet,Total Liabilities,147107366.98
SME1119,2023,BalanceSheet,Share Capital,54943487.91
SME1119,2023,BalanceSheet,Retained Earnings,82415231.87
SME1119,2023,BalanceSheet,Total Equity,137358719.78
SME1119,2022,IncomeStatement,Revenue,100095938.78
SME1119,2022,IncomeStatement,Cost of Goods Sold,62019273.45
SME1119,2022,IncomeStatement,Gross Profit,38076665.33
SME1119,2022,IncomeStatement,Operating Expenses,18432136.81
SME1119,2022,IncomeStatement,EBITDA,19644528.52
SME1119,2022,IncomeStatement,Depreciation,15829648.48
SME1119,2022,IncomeStatement,EBIT,3814880.04
SME1119,2022,IncomeStatement,Interest Expense,11226565.39
SME1119,2022,IncomeStatement,Profit Before Tax,-7411685.35
SME1119,2022,IncomeStatement,Tax,0.0
SME1119,2022,IncomeStatement,Net Profit,-7411685.35
SME1119,2022,BalanceSheet,Cash & Cash Equivalents,10107549.55
SME1119,2022,BalanceSheet,Accounts Receivable,36804816.47
SME1119,2022,BalanceSheet,Inventory,47642751.56
SME1119,2022,BalanceSheet,Other Current Assets,4727755.88
SME1119,2022,BalanceSheet,Net Fixed Assets,189910969.17
SME1119,2022,BalanceSheet,Total Assets,284466086.76
SME1119,2022,BalanceSheet,Short Term Loan,70943535.81
SME1119,2022,BalanceSheet,Accounts Payable,34309096.44
SME1119,2022,BalanceSheet,Other Current Liabilities,9455511.76
SME1119,2022,BalanceSheet,Long Term Loan,76163831.16
SME1119,2022,BalanceSheet,Total Liabilities,147107366.98
SME1119,2022,BalanceSheet,Share Capital,54943487.91
SME1119,2022,BalanceSheet,Retained Earnings,82415231.87
SME1119,2022,BalanceSheet,Total Equity,137358719.78
SME1119,2021,IncomeStatement,Revenue,83335850.48
SME1119,2021,IncomeStatement,Cost of Goods Sold,58475877.77
SME1119,2021,IncomeStatement,Gross Profit,24859972.71
SME1119,2021,IncomeStatement,Operating Expenses,11274140.41
SME1119,2021,IncomeStatement,EBITDA,13585832.3
SME1119,2021,IncomeStatement,Depreciation,22425158.68
SME1119,2021,IncomeStatement,EBIT,-8839326.38
SME1119,2021,IncomeStatement,Interest Expense,7764107.67
SME1119,2021,IncomeStatement,Profit Before Tax,-16603434.05
SME1119,2021,IncomeStatement,Tax,0.0
SME1119,2021,IncomeStatement,Net Profit,-16603434.05
SME1119,2021,BalanceSheet,Cash & Cash Equivalents,24812334.99
SME1119,2021,BalanceSheet,Accounts Receivable,45310447.86
SME1119,2021,BalanceSheet,Inventory,30460560.34
SME1119,2021,BalanceSheet,Other Current Assets,5029167.16
SME1119,2021,BalanceSheet,Net Fixed Assets,183882743.58
SME1119,2021,BalanceSheet,Total Assets,284466086.76
SME1119,2021,BalanceSheet,Short Term Loan,75466438.96
SME1119,2021,BalanceSheet,Accounts Payable,36980484.86
SME1119,2021,BalanceSheet,Other Current Liabilities,10058334.32
SME1119,2021,BalanceSheet,Long Term Loan,71640928.02
SME1119,2021,BalanceSheet,Total Liabilities,147107366.98
SME1119,2021,BalanceSheet,Share Capital,54943487.91
SME1119,2021,BalanceSheet,Retained Earnings,82415231.87
SME1119,2021,BalanceSheet,Total Equity,137358719.78
